{"level":"debug","message":"Marketplace service started","module":"marketplace","timestamp":"2026-09-09T19:51:26.412Z"}
{"level":"debug","message":"Call service started","module":"calls","timestamp":"2026-09-09T19:51:26.413Z"}
{"level":"debug","message":"Player Service started","module":"player","timestamp":"2026-09-09T19:51:26.413Z"}
{"level":"info","message":"Loading QBX bridge....","timestamp":"2026-09-09T19:51:26.413Z"}
{"level":"info","message":"QBX bridge initialized","timestamp":"2026-09-09T19:51:26.413Z"}
{"level":"debug","message":"Boot service started","module":"boot","timestamp":"2026-09-09T19:51:26.414Z"}
{"level":"debug","message":"Messages service started","module":"messages","timestamp":"2026-09-09T19:51:26.414Z"}
{"level":"debug","message":"Notes service started","module":"notes","timestamp":"2026-09-09T19:51:26.414Z"}
{"level":"debug","message":"Contacts service started","module":"contact","timestamp":"2026-09-09T19:51:26.414Z"}
{"level":"debug","message":"Photo service started","module":"photo","timestamp":"2026-09-09T19:51:26.419Z"}
{"level":"debug","message":"Twitter service started","module":"twitter","timestamp":"2026-09-09T19:51:26.419Z"}
{"level":"debug","message":"Match service started","module":"match","timestamp":"2026-09-09T19:51:26.420Z"}
{"level":"debug","message":"Beginning database schema validation","module":"boot","timestamp":"2026-09-09T19:51:26.920Z"}
{"level":"info","message":"Successfully started","timestamp":"2026-09-09T19:51:26.927Z"}
{"level":"info","message":"Executed query (SELECT COUNT(*) as count\n                       FROM information_schema.tables\n                       WHERE table_schema = ?\n                         AND table_name = ? [\"Qbox_A1B5B5\",\"players\"]) in 54.9664ms'","module":"DBInterface","timestamp":"2026-09-09T19:51:26.976Z"}
{"level":"info","message":"Executed query (SHOW COLUMNS IN players []) in 8.9173ms'","module":"DBInterface","timestamp":"2026-09-09T19:51:26.985Z"}
{"level":"debug","message":"Database schema successfully validated","module":"boot","timestamp":"2026-09-09T19:51:26.985Z"}
{"level":"debug","message":"Marketplace service started","module":"marketplace","timestamp":"2026-09-09T19:53:28.437Z"}
{"level":"debug","message":"Call service started","module":"calls","timestamp":"2026-09-09T19:53:28.439Z"}
{"level":"debug","message":"Player Service started","module":"player","timestamp":"2026-09-09T19:53:28.439Z"}
{"level":"info","message":"Loading QBX bridge....","timestamp":"2026-09-09T19:53:28.439Z"}
{"level":"info","message":"QBX bridge initialized","timestamp":"2026-09-09T19:53:28.439Z"}
{"level":"debug","message":"Boot service started","module":"boot","timestamp":"2026-09-09T19:53:28.439Z"}
{"level":"debug","message":"Messages service started","module":"messages","timestamp":"2026-09-09T19:53:28.439Z"}
{"level":"debug","message":"Notes service started","module":"notes","timestamp":"2026-09-09T19:53:28.440Z"}
{"level":"debug","message":"Contacts service started","module":"contact","timestamp":"2026-09-09T19:53:28.440Z"}
{"level":"debug","message":"Photo service started","module":"photo","timestamp":"2026-09-09T19:53:28.444Z"}
{"level":"debug","message":"Twitter service started","module":"twitter","timestamp":"2026-09-09T19:53:28.444Z"}
{"level":"debug","message":"Match service started","module":"match","timestamp":"2026-09-09T19:53:28.445Z"}
{"level":"debug","message":"Beginning database schema validation","module":"boot","timestamp":"2026-09-09T19:53:28.891Z"}
{"level":"info","message":"Successfully started","timestamp":"2026-09-09T19:53:28.898Z"}
{"level":"info","message":"Executed query (SELECT COUNT(*) as count\n                       FROM information_schema.tables\n                       WHERE table_schema = ?\n                         AND table_name = ? [\"Qbox_A1B5B5\",\"players\"]) in 54.9723ms'","module":"DBInterface","timestamp":"2026-09-09T19:53:28.946Z"}
{"level":"info","message":"Executed query (SHOW COLUMNS IN players []) in 10.3632ms'","module":"DBInterface","timestamp":"2026-09-09T19:53:28.957Z"}
{"level":"debug","message":"Database schema successfully validated","module":"boot","timestamp":"2026-09-09T19:53:28.957Z"}
{"level":"debug","message":"Marketplace service started","module":"marketplace","timestamp":"2026-09-09T19:55:15.239Z"}
{"level":"debug","message":"Call service started","module":"calls","timestamp":"2026-09-09T19:55:15.240Z"}
{"level":"debug","message":"Player Service started","module":"player","timestamp":"2026-09-09T19:55:15.241Z"}
{"level":"info","message":"Loading QBX bridge....","timestamp":"2026-09-09T19:55:15.241Z"}
{"level":"info","message":"QBX bridge initialized","timestamp":"2026-09-09T19:55:15.241Z"}
{"level":"debug","message":"Boot service started","module":"boot","timestamp":"2026-09-09T19:55:15.241Z"}
{"level":"debug","message":"Messages service started","module":"messages","timestamp":"2026-09-09T19:55:15.241Z"}
{"level":"debug","message":"Notes service started","module":"notes","timestamp":"2026-09-09T19:55:15.241Z"}
{"level":"debug","message":"Contacts service started","module":"contact","timestamp":"2026-09-09T19:55:15.241Z"}
{"level":"debug","message":"Photo service started","module":"photo","timestamp":"2026-09-09T19:55:15.246Z"}
{"level":"debug","message":"Twitter service started","module":"twitter","timestamp":"2026-09-09T19:55:15.247Z"}
{"level":"debug","message":"Match service started","module":"match","timestamp":"2026-09-09T19:55:15.247Z"}
{"level":"debug","message":"Beginning database schema validation","module":"boot","timestamp":"2026-09-09T19:55:15.703Z"}
{"level":"info","message":"Successfully started","timestamp":"2026-09-09T19:55:15.709Z"}
{"level":"info","message":"Executed query (SELECT COUNT(*) as count\n                       FROM information_schema.tables\n                       WHERE table_schema = ?\n                         AND table_name = ? [\"Qbox_A1B5B5\",\"players\"]) in 54.6034ms'","module":"DBInterface","timestamp":"2026-09-09T19:55:15.758Z"}
{"level":"info","message":"Executed query (SHOW COLUMNS IN players []) in 9.8623ms'","module":"DBInterface","timestamp":"2026-09-09T19:55:15.768Z"}
{"level":"debug","message":"Database schema successfully validated","module":"boot","timestamp":"2026-09-09T19:55:15.768Z"}
{"level":"info","message":"New NPWD Player added through event (1) (C46M9XF9)","module":"player","timestamp":"2026-09-09T19:58:51.812Z"}
{"level":"debug","message":{"_firstname":"Aj","_identifier":"C46M9XF9","_lastname":"Fabela","_phoneNumber":"8158341444","source":1,"username":"FieryFusionFX"},"module":"player","timestamp":"2026-09-09T19:58:51.812Z"}
{"level":"info","message":"New NPWD Player added through event (1) (C46M9XF9)","module":"player","timestamp":"2026-09-09T19:58:51.816Z"}
{"level":"debug","message":{"_firstname":"Aj","_identifier":"C46M9XF9","_lastname":"Fabela","_phoneNumber":"8158341444","source":1,"username":"FieryFusionFX"},"module":"player","timestamp":"2026-09-09T19:58:51.816Z"}
{"level":"silly","message":"netPromise > npwd:fetchTweets > RequestObj","module":"events","timestamp":"2026-09-09T19:58:51.911Z"}
{"level":"silly","message":{"data":{"pageId":0},"source":1},"module":"events","timestamp":"2026-09-09T19:58:51.911Z"}
{"level":"info","message":"Executed query (\n        SELECT *\n        FROM npwd_twitter_profiles\n        WHERE identifier = ?\n        LIMIT 1\n\t\t [\"C46M9XF9\"]) in 5.0036ms'","module":"DBInterface","timestamp":"2026-09-09T19:58:51.916Z"}
{"level":"warn","message":"Aborted fetching tweets for user C46M9XF9 because they do not have a profile.","module":"twitter","timestamp":"2026-09-09T19:58:51.917Z"}
{"level":"silly","message":"Response Promise Event npwd:fetchTweets:97eb4a5b-db7d-4484-8f46-20205c5ddd5f (5.9512ms), Data >>","module":"events","timestamp":"2026-09-09T19:58:51.917Z"}
{"level":"silly","message":{"data":[],"status":"ok"},"module":"events","timestamp":"2026-09-09T19:58:51.917Z"}
{"level":"silly","message":"netPromise > npwd:getOrCreateTwitterProfile > RequestObj","module":"events","timestamp":"2026-09-09T19:58:52.011Z"}
{"level":"silly","message":{"data":null,"source":1},"module":"events","timestamp":"2026-09-09T19:58:52.012Z"}
{"level":"silly","message":"netPromise > phone:getMyProfile > RequestObj","module":"events","timestamp":"2026-09-09T19:58:52.012Z"}
{"level":"silly","message":{"data":null,"source":1},"module":"events","timestamp":"2026-09-09T19:58:52.012Z"}
{"level":"silly","message":"netPromise > npwd:fetchMessageGroups > RequestObj","module":"events","timestamp":"2026-09-09T19:58:52.013Z"}
{"level":"silly","message":{"data":null,"source":1},"module":"events","timestamp":"2026-09-09T19:58:52.013Z"}
{"level":"silly","message":"netPromise > npwd-contact-getAll > RequestObj","module":"events","timestamp":"2026-09-09T19:58:52.013Z"}
{"level":"silly","message":{"data":null,"source":1},"module":"events","timestamp":"2026-09-09T19:58:52.013Z"}
{"level":"info","message":"Executed query (\n        SELECT *\n        FROM npwd_twitter_profiles\n        WHERE identifier = ?\n        LIMIT 1\n\t\t [\"C46M9XF9\"]) in 4.8595ms'","module":"DBInterface","timestamp":"2026-09-09T19:58:52.017Z"}
{"level":"info","message":"Creating default Twitter profile Aj_Fabela for C46M9XF9","module":"twitter","timestamp":"2026-09-09T19:58:52.017Z"}
{"level":"info","message":"Executed query (SELECT * FROM npwd_phone_contacts WHERE identifier = ? ORDER BY display ASC [\"C46M9XF9\"]) in 8.3775ms'","module":"DBInterface","timestamp":"2026-09-09T19:58:52.022Z"}
{"level":"silly","message":"Response Promise Event npwd-contact-getAll:e5e6cdd8-2748-4e65-94e3-37c4e356d552 (8.6379ms), Data >>","module":"events","timestamp":"2026-09-09T19:58:52.022Z"}
{"level":"info","message":"Executed query (\n        SELECT *,\n               UNIX_TIMESTAMP(updatedAt) AS lastActive\n        FROM npwd_match_profiles\n        WHERE identifier = ?\n        LIMIT 1\n\t\t [\"C46M9XF9\"]) in 11.701ms'","module":"DBInterface","timestamp":"2026-09-09T19:58:52.024Z"}
{"level":"silly","message":{"data":[],"status":"ok"},"module":"events","timestamp":"2026-09-09T19:58:52.022Z"}
{"level":"info","message":"Creating default match profile Aj Fabela for C46M9XF9","module":"match","timestamp":"2026-09-09T19:58:52.024Z"}
{"level":"info","message":"Executed query (SELECT npwd_messages_conversations.id,\n                          npwd_messages_conversations.conversation_list         as conversationList,\n                          npwd_messages_participants.unread_count               as unreadCount,\n                          npwd_messages_conversations.is_group_chat             as isGroupChat,\n                          npwd_messages_conversations.label,\n                          UNIX_TIMESTAMP(npwd_messages_conversations.updatedAt) as updatedAt,\n                          npwd_messages_participants.participant\n                   FROM npwd_messages_conversations\n                            INNER JOIN npwd_messages_participants\n                                       on npwd_messages_conversations.id = npwd_messages_participants.conversation_id\n                   WHERE npwd_messages_participants.participant = ? [\"8158341444\"]) in 12.1196ms'","module":"DBInterface","timestamp":"2026-09-09T19:58:52.025Z"}
{"level":"info","message":"Executed query (\n        SELECT *\n        FROM npwd_twitter_profiles\n        WHERE identifier = ?\n        LIMIT 1\n\t\t [\"C46M9XF9\"]) in 3.1405ms'","module":"DBInterface","timestamp":"2026-09-09T19:58:52.026Z"}
{"level":"silly","message":"Response Promise Event npwd:fetchMessageGroups:b31b176c-d06a-4f55-972e-879a92bf3d72 (12.4051ms), Data >>","module":"events","timestamp":"2026-09-09T19:58:52.025Z"}
{"level":"silly","message":{"data":[],"status":"ok"},"module":"events","timestamp":"2026-09-09T19:58:52.025Z"}
{"level":"silly","message":"Response Promise Event npwd:getOrCreateTwitterProfile:a0af5cf0-25ed-43ca-b6eb-eebaa7d71ef1 (14.3392ms), Data >>","module":"events","timestamp":"2026-09-09T19:58:52.026Z"}
{"level":"silly","message":{"data":{"avatar_url":"https://i.fivemanage.com/images/3ClWwmpwkFhL.png","createdAt":"2026-09-09T19:58:52.000Z","id":1,"identifier":"C46M9XF9","profile_name":"Aj_Fabela","updatedAt":"2026-09-09T19:58:52.000Z"},"status":"ok"},"module":"events","timestamp":"2026-09-09T19:58:52.026Z"}
{"level":"info","message":"Executed query (\n        SELECT *,\n               UNIX_TIMESTAMP(updatedAt) AS lastActive\n        FROM npwd_match_profiles\n        WHERE identifier = ?\n        LIMIT 1\n\t\t [\"C46M9XF9\"]) in 1.7596ms'","module":"DBInterface","timestamp":"2026-09-09T19:58:52.031Z"}
{"level":"silly","message":"Response Promise Event phone:getMyProfile:cfff8cd4-0a89-4d22-be1c-cd2aa6d2b5f9 (19.897ms), Data >>","module":"events","timestamp":"2026-09-09T19:58:52.032Z"}
{"level":"silly","message":{"data":{"bio":"","createdAt":"2026-09-09T19:58:52.000Z","id":1,"identifier":"C46M9XF9","image":"https://upload.wikimedia.org/wikipedia/commons/a/ac/No_image_available.svg","job":"","lastActive":1788983932,"lastActiveFormatted":"Wed, 09 Sep 2026 19:58:52 GMT","location":"","name":"Aj Fabela","tagList":[],"tags":"","updatedAt":"2026-09-09T19:58:52.000Z","viewed":false,"voiceMessage":null},"status":"ok"},"module":"events","timestamp":"2026-09-09T19:58:52.032Z"}
{"level":"silly","message":"netPromise > npwd:fetchCalls > RequestObj","module":"events","timestamp":"2026-09-09T20:05:32.956Z"}
{"level":"silly","message":{"data":null,"source":1},"module":"events","timestamp":"2026-09-09T20:05:32.956Z"}
{"level":"info","message":"Executed query (SELECT * FROM npwd_calls WHERE receiver = ? OR transmitter = ? ORDER BY id DESC LIMIT ? [\"8158341444\",\"8158341444\",\"50\"]) in 3.9173ms'","module":"DBInterface","timestamp":"2026-09-09T20:05:32.960Z"}
{"level":"silly","message":"Response Promise Event npwd:fetchCalls:fc8c1a9a-c50a-48e5-b55d-50002c114ba3 (4.5297ms), Data >>","module":"events","timestamp":"2026-09-09T20:05:32.960Z"}
{"level":"silly","message":{"data":[],"status":"ok"},"module":"events","timestamp":"2026-09-09T20:05:32.960Z"}
{"level":"debug","message":"Marketplace service started","module":"marketplace","timestamp":"2026-09-09T20:11:19.844Z"}
{"level":"debug","message":"Call service started","module":"calls","timestamp":"2026-09-09T20:11:19.846Z"}
{"level":"debug","message":"Player Service started","module":"player","timestamp":"2026-09-09T20:11:19.846Z"}
{"level":"info","message":"Loading QBX bridge....","timestamp":"2026-09-09T20:11:19.846Z"}
{"level":"info","message":"QBX bridge initialized","timestamp":"2026-09-09T20:11:19.847Z"}
{"level":"debug","message":"Boot service started","module":"boot","timestamp":"2026-09-09T20:11:19.847Z"}
{"level":"debug","message":"Messages service started","module":"messages","timestamp":"2026-09-09T20:11:19.847Z"}
{"level":"debug","message":"Notes service started","module":"notes","timestamp":"2026-09-09T20:11:19.847Z"}
{"level":"debug","message":"Contacts service started","module":"contact","timestamp":"2026-09-09T20:11:19.847Z"}
{"level":"debug","message":"Photo service started","module":"photo","timestamp":"2026-09-09T20:11:19.854Z"}
{"level":"debug","message":"Twitter service started","module":"twitter","timestamp":"2026-09-09T20:11:19.854Z"}
{"level":"debug","message":"Match service started","module":"match","timestamp":"2026-09-09T20:11:19.855Z"}
{"level":"debug","message":"Beginning database schema validation","module":"boot","timestamp":"2026-09-09T20:11:20.487Z"}
{"level":"info","message":"Successfully started","timestamp":"2026-09-09T20:11:20.495Z"}
{"level":"info","message":"Executed query (SELECT COUNT(*) as count\n                       FROM information_schema.tables\n                       WHERE table_schema = ?\n                         AND table_name = ? [\"Qbox_A1B5B5\",\"players\"]) in 67.8268ms'","module":"DBInterface","timestamp":"2026-09-09T20:11:20.555Z"}
{"level":"info","message":"Executed query (SHOW COLUMNS IN players []) in 14.253ms'","module":"DBInterface","timestamp":"2026-09-09T20:11:20.570Z"}
{"level":"debug","message":"Database schema successfully validated","module":"boot","timestamp":"2026-09-09T20:11:20.570Z"}
{"level":"info","message":"New NPWD Player added through event (1) (C46M9XF9)","module":"player","timestamp":"2026-09-09T20:14:35.774Z"}
{"level":"debug","message":{"_firstname":"Aj","_identifier":"C46M9XF9","_lastname":"Fabela","_phoneNumber":"8158341444","source":1,"username":"FieryFusionFX"},"module":"player","timestamp":"2026-09-09T20:14:35.774Z"}
{"level":"info","message":"New NPWD Player added through event (1) (C46M9XF9)","module":"player","timestamp":"2026-09-09T20:14:35.779Z"}
{"level":"debug","message":{"_firstname":"Aj","_identifier":"C46M9XF9","_lastname":"Fabela","_phoneNumber":"8158341444","source":1,"username":"FieryFusionFX"},"module":"player","timestamp":"2026-09-09T20:14:35.779Z"}
{"level":"silly","message":"netPromise > npwd:fetchTweets > RequestObj","module":"events","timestamp":"2026-09-09T20:14:35.821Z"}
{"level":"silly","message":{"data":{"pageId":0},"source":1},"module":"events","timestamp":"2026-09-09T20:14:35.821Z"}
{"level":"info","message":"Executed query (\n        SELECT *\n        FROM npwd_twitter_profiles\n        WHERE identifier = ?\n        LIMIT 1\n\t\t [\"C46M9XF9\"]) in 3.3928ms'","module":"DBInterface","timestamp":"2026-09-09T20:14:35.824Z"}
{"level":"info","message":"Executed query (\n        SELECT \n  npwd_twitter_tweets.id,\n  npwd_twitter_tweets.identifier,\n  npwd_twitter_profiles.id AS profile_id,\n  npwd_twitter_profiles.profile_name,\n  npwd_twitter_profiles.avatar_url,\n  npwd_twitter_tweets.likes,\n  npwd_twitter_tweets.visible,\n  IFNULL(COALESCE(retweets.message, npwd_twitter_tweets.message), '') AS message,\n  IFNULL(COALESCE(retweets.images, npwd_twitter_tweets.images), '') AS images,\n  npwd_twitter_tweets.retweet IS NOT NULL AS isRetweet,\n  retweets.id AS retweetId,\n  retweets_profiles.profile_name AS retweetProfileName,\n  retweets_profiles.avatar_url AS retweetAvatarUrl,\n  npwd_twitter_likes.id IS NOT NULL AS isLiked,\n  npwd_twitter_reports.id IS NOT NULL AS isReported,\n  npwd_twitter_tweets.createdAt,\n  npwd_twitter_tweets.updatedAt,\n  TIME_TO_SEC(TIMEDIFF( NOW(), npwd_twitter_tweets.createdAt)) AS seconds_since_tweet\n\n        FROM npwd_twitter_tweets\n                 LEFT OUTER JOIN npwd_twitter_profiles\n                                 ON npwd_twitter_tweets.identifier = npwd_twitter_profiles.identifier\n                 LEFT OUTER JOIN npwd_twitter_likes ON npwd_twitter_tweets.id = npwd_twitter_likes.tweet_id AND\n                                                       npwd_twitter_likes.profile_id = ?\n                 LEFT OUTER JOIN npwd_twitter_reports ON npwd_twitter_tweets.id = npwd_twitter_reports.tweet_id AND\n                                                         npwd_twitter_reports.profile_id = ?\n                 LEFT OUTER JOIN npwd_twitter_tweets AS retweets ON retweets.id = npwd_twitter_tweets.retweet\n                 LEFT OUTER JOIN npwd_twitter_profiles AS retweets_profiles\n                                 ON retweets.identifier = retweets_profiles.identifier\n        WHERE npwd_twitter_tweets.visible = 1\n        ORDER BY id DESC\n        LIMIT ? OFFSET ?\n\t\t [1,1,\"25\",\"0\"]) in 4.7021ms'","module":"DBInterface","timestamp":"2026-09-09T20:14:35.829Z"}
{"level":"silly","message":"Response Promise Event npwd:fetchTweets:3c743441-4eb6-4e2d-b8e6-925fa9673603 (8.9071ms), Data >>","module":"events","timestamp":"2026-09-09T20:14:35.829Z"}
{"level":"silly","message":{"data":[],"status":"ok"},"module":"events","timestamp":"2026-09-09T20:14:35.830Z"}
{"level":"silly","message":"netPromise > npwd:getOrCreateTwitterProfile > RequestObj","module":"events","timestamp":"2026-09-09T20:14:35.870Z"}
{"level":"silly","message":{"data":null,"source":1},"module":"events","timestamp":"2026-09-09T20:14:35.871Z"}
{"level":"silly","message":"netPromise > phone:getMyProfile > RequestObj","module":"events","timestamp":"2026-09-09T20:14:35.871Z"}
{"level":"silly","message":{"data":null,"source":1},"module":"events","timestamp":"2026-09-09T20:14:35.871Z"}
{"level":"silly","message":"netPromise > npwd:fetchMessageGroups > RequestObj","module":"events","timestamp":"2026-09-09T20:14:35.872Z"}
{"level":"silly","message":{"data":null,"source":1},"module":"events","timestamp":"2026-09-09T20:14:35.872Z"}
{"level":"silly","message":"netPromise > npwd-contact-getAll > RequestObj","module":"events","timestamp":"2026-09-09T20:14:35.872Z"}
{"level":"silly","message":{"data":null,"source":1},"module":"events","timestamp":"2026-09-09T20:14:35.872Z"}
{"level":"info","message":"Executed query (\n        SELECT *\n        FROM npwd_twitter_profiles\n        WHERE identifier = ?\n        LIMIT 1\n\t\t [\"C46M9XF9\"]) in 5.4603ms'","module":"DBInterface","timestamp":"2026-09-09T20:14:35.876Z"}
{"level":"silly","message":"Response Promise Event npwd:getOrCreateTwitterProfile:55751e1b-a49d-4a49-95d2-53603262449f (5.9201ms), Data >>","module":"events","timestamp":"2026-09-09T20:14:35.877Z"}
{"level":"silly","message":{"data":{"avatar_url":"https://i.fivemanage.com/images/3ClWwmpwkFhL.png","createdAt":"2026-09-09T19:58:52.000Z","id":1,"identifier":"C46M9XF9","profile_name":"Aj_Fabela","updatedAt":"2026-09-09T19:58:52.000Z"},"status":"ok"},"module":"events","timestamp":"2026-09-09T20:14:35.877Z"}
{"level":"info","message":"Executed query (SELECT * FROM npwd_phone_contacts WHERE identifier = ? ORDER BY display ASC [\"C46M9XF9\"]) in 8.0365ms'","module":"DBInterface","timestamp":"2026-09-09T20:14:35.880Z"}
{"level":"silly","message":"Response Promise Event npwd-contact-getAll:ad0b50f6-001f-4c13-b36e-60f58aa79156 (8.2792ms), Data >>","module":"events","timestamp":"2026-09-09T20:14:35.881Z"}
{"level":"info","message":"Executed query (\n        SELECT *,\n               UNIX_TIMESTAMP(updatedAt) AS lastActive\n        FROM npwd_match_profiles\n        WHERE identifier = ?\n        LIMIT 1\n\t\t [\"C46M9XF9\"]) in 10.9932ms'","module":"DBInterface","timestamp":"2026-09-09T20:14:35.882Z"}
{"level":"info","message":"Executed query (SELECT npwd_messages_conversations.id,\n                          npwd_messages_conversations.conversation_list         as conversationList,\n                          npwd_messages_participants.unread_count               as unreadCount,\n                          npwd_messages_conversations.is_group_chat             as isGroupChat,\n                          npwd_messages_conversations.label,\n                          UNIX_TIMESTAMP(npwd_messages_conversations.updatedAt) as updatedAt,\n                          npwd_messages_participants.participant\n                   FROM npwd_messages_conversations\n                            INNER JOIN npwd_messages_participants\n                                       on npwd_messages_conversations.id = npwd_messages_participants.conversation_id\n                   WHERE npwd_messages_participants.participant = ? [\"8158341444\"]) in 11.7671ms'","module":"DBInterface","timestamp":"2026-09-09T20:14:35.884Z"}
{"level":"silly","message":{"data":[],"status":"ok"},"module":"events","timestamp":"2026-09-09T20:14:35.881Z"}
{"level":"silly","message":"Response Promise Event phone:getMyProfile:7bdb3309-9af9-4a99-81e3-8d4672356cc8 (11.7516ms), Data >>","module":"events","timestamp":"2026-09-09T20:14:35.883Z"}
{"level":"silly","message":{"data":{"bio":"","createdAt":"2026-09-09T19:58:52.000Z","id":1,"identifier":"C46M9XF9","image":"https://upload.wikimedia.org/wikipedia/commons/a/ac/No_image_available.svg","job":"","lastActive":1788983932,"lastActiveFormatted":"Wed, 09 Sep 2026 19:58:52 GMT","location":"","name":"Aj Fabela","tagList":[],"tags":"","updatedAt":"2026-09-09T19:58:52.000Z","viewed":false,"voiceMessage":null},"status":"ok"},"module":"events","timestamp":"2026-09-09T20:14:35.883Z"}
{"level":"silly","message":"Response Promise Event npwd:fetchMessageGroups:e080e4c6-821e-49d0-9883-04e9d4843880 (12.0495ms), Data >>","module":"events","timestamp":"2026-09-09T20:14:35.884Z"}
{"level":"silly","message":{"data":[],"status":"ok"},"module":"events","timestamp":"2026-09-09T20:14:35.884Z"}
{"level":"silly","message":"netPromise > phone:getMatchProfiles > RequestObj","module":"events","timestamp":"2026-09-09T20:17:05.716Z"}
{"level":"silly","message":{"data":null,"source":1},"module":"events","timestamp":"2026-09-09T20:17:05.716Z"}
{"level":"info","message":"Executed query (\n        SELECT npwd_match_profiles.*,\n               UNIX_TIMESTAMP(npwd_match_profiles.updatedAt) AS lastActive,\n               MaxDates.lastSeen,\n               MaxDates.liked\n        FROM npwd_match_profiles\n                 LEFT OUTER JOIN (\n            SELECT id, profile, liked, MAX(createdAt) AS lastSeen\n            FROM npwd_match_views\n            WHERE identifier = ?\n            GROUP BY id, profile, liked\n        ) AS MaxDates ON npwd_match_profiles.id = MaxDates.profile\n        WHERE npwd_match_profiles.identifier != ?\n          AND (MaxDates.lastSeen IS NULL OR MaxDates.lastSeen < NOW() - INTERVAL 7 DAY)\n          AND MaxDates.liked IS NULL\n        ORDER BY npwd_match_profiles.updatedAt DESC\n        LIMIT 25\n\t\t [\"C46M9XF9\",\"C46M9XF9\"]) in 4.1232ms'","module":"DBInterface","timestamp":"2026-09-09T20:17:05.720Z"}
{"level":"silly","message":"Response Promise Event phone:getMatchProfiles:4b445f9b-1b1c-4fa0-9e2e-dc213ab6047a (4.6377ms), Data >>","module":"events","timestamp":"2026-09-09T20:17:05.720Z"}
{"level":"silly","message":{"data":[],"status":"ok"},"module":"events","timestamp":"2026-09-09T20:17:05.721Z"}
{"level":"silly","message":"netPromise > npwd:fetchAllListings > RequestObj","module":"events","timestamp":"2026-09-09T20:17:10.771Z"}
{"level":"silly","message":{"data":null,"source":1},"module":"events","timestamp":"2026-09-09T20:17:10.771Z"}
{"level":"info","message":"Executed query (SELECT * FROM npwd_marketplace_listings WHERE reported = 0 ORDER BY id DESC []) in 4.3477ms'","module":"DBInterface","timestamp":"2026-09-09T20:17:10.776Z"}
{"level":"silly","message":"Response Promise Event npwd:fetchAllListings:f1ac9cc5-8ca5-43f0-a5b0-99ba025889bb (4.9317ms), Data >>","module":"events","timestamp":"2026-09-09T20:17:10.776Z"}
{"level":"silly","message":{"data":[],"status":"ok"},"module":"events","timestamp":"2026-09-09T20:17:10.776Z"}
{"level":"silly","message":"netPromise > npwd:darkchatFetchChannels > RequestObj","module":"events","timestamp":"2026-09-09T20:17:31.857Z"}
{"level":"silly","message":{"data":null,"source":1},"module":"events","timestamp":"2026-09-09T20:17:31.858Z"}
{"level":"info","message":"Executed query (SELECT npwd_darkchat_channels.id,\n                          npwd_darkchat_channels.channel_identifier AS identifier,\n                          npwd_darkchat_channels.label\n                   FROM npwd_darkchat_channels\n                            LEFT JOIN npwd_darkchat_channel_members\n                                      on npwd_darkchat_channels.id = npwd_darkchat_channel_members.channel_id\n                   WHERE npwd_darkchat_channel_members.user_identifier = ? [\"C46M9XF9\"]) in 4.8037ms'","module":"DBInterface","timestamp":"2026-09-09T20:17:31.863Z"}
{"level":"silly","message":"Response Promise Event npwd:darkchatFetchChannels:2a6a0cfc-162e-4b64-a7c1-d3668a29f0e7 (6.3486ms), Data >>","module":"events","timestamp":"2026-09-09T20:17:31.863Z"}
{"level":"silly","message":{"data":[],"status":"ok"},"module":"events","timestamp":"2026-09-09T20:17:31.863Z"}
{"level":"debug","message":"Marketplace service started","module":"marketplace","timestamp":"2026-09-09T20:30:07.795Z"}
{"level":"debug","message":"Call service started","module":"calls","timestamp":"2026-09-09T20:30:07.797Z"}
{"level":"debug","message":"Player Service started","module":"player","timestamp":"2026-09-09T20:30:07.798Z"}
{"level":"info","message":"Loading QBX bridge....","timestamp":"2026-09-09T20:30:07.798Z"}
{"level":"info","message":"QBX bridge initialized","timestamp":"2026-09-09T20:30:07.798Z"}
{"level":"debug","message":"Boot service started","module":"boot","timestamp":"2026-09-09T20:30:07.798Z"}
{"level":"debug","message":"Messages service started","module":"messages","timestamp":"2026-09-09T20:30:07.799Z"}
{"level":"debug","message":"Notes service started","module":"notes","timestamp":"2026-09-09T20:30:07.799Z"}
{"level":"debug","message":"Contacts service started","module":"contact","timestamp":"2026-09-09T20:30:07.799Z"}
{"level":"debug","message":"Photo service started","module":"photo","timestamp":"2026-09-09T20:30:07.806Z"}
{"level":"debug","message":"Twitter service started","module":"twitter","timestamp":"2026-09-09T20:30:07.806Z"}
{"level":"debug","message":"Match service started","module":"match","timestamp":"2026-09-09T20:30:07.806Z"}
{"level":"debug","message":"Beginning database schema validation","module":"boot","timestamp":"2026-09-09T20:30:08.457Z"}
{"level":"info","message":"Successfully started","timestamp":"2026-09-09T20:30:08.465Z"}
{"level":"info","message":"Executed query (SELECT COUNT(*) as count\n                       FROM information_schema.tables\n                       WHERE table_schema = ?\n                         AND table_name = ? [\"Qbox_A1B5B5\",\"players\"]) in 86.1469ms'","module":"DBInterface","timestamp":"2026-09-09T20:30:08.543Z"}
{"level":"info","message":"Executed query (SHOW COLUMNS IN players []) in 31.8947ms'","module":"DBInterface","timestamp":"2026-09-09T20:30:08.576Z"}
{"level":"debug","message":"Database schema successfully validated","module":"boot","timestamp":"2026-09-09T20:30:08.576Z"}
{"level":"debug","message":"Marketplace service started","module":"marketplace","timestamp":"2026-09-09T20:36:03.548Z"}
{"level":"debug","message":"Call service started","module":"calls","timestamp":"2026-09-09T20:36:03.549Z"}
{"level":"debug","message":"Player Service started","module":"player","timestamp":"2026-09-09T20:36:03.549Z"}
{"level":"info","message":"Loading QBX bridge....","timestamp":"2026-09-09T20:36:03.549Z"}
{"level":"info","message":"QBX bridge initialized","timestamp":"2026-09-09T20:36:03.549Z"}
{"level":"debug","message":"Boot service started","module":"boot","timestamp":"2026-09-09T20:36:03.550Z"}
{"level":"debug","message":"Messages service started","module":"messages","timestamp":"2026-09-09T20:36:03.550Z"}
{"level":"debug","message":"Notes service started","module":"notes","timestamp":"2026-09-09T20:36:03.550Z"}
{"level":"debug","message":"Contacts service started","module":"contact","timestamp":"2026-09-09T20:36:03.550Z"}
{"level":"debug","message":"Photo service started","module":"photo","timestamp":"2026-09-09T20:36:03.555Z"}
{"level":"debug","message":"Twitter service started","module":"twitter","timestamp":"2026-09-09T20:36:03.555Z"}
{"level":"debug","message":"Match service started","module":"match","timestamp":"2026-09-09T20:36:03.556Z"}
{"level":"debug","message":"Beginning database schema validation","module":"boot","timestamp":"2026-09-09T20:36:04.083Z"}
{"level":"info","message":"Successfully started","timestamp":"2026-09-09T20:36:04.090Z"}
{"level":"info","message":"Executed query (SELECT COUNT(*) as count\n                       FROM information_schema.tables\n                       WHERE table_schema = ?\n                         AND table_name = ? [\"Qbox_A1B5B5\",\"players\"]) in 70.7788ms'","module":"DBInterface","timestamp":"2026-09-09T20:36:04.154Z"}
{"level":"info","message":"Executed query (SHOW COLUMNS IN players []) in 12.882ms'","module":"DBInterface","timestamp":"2026-09-09T20:36:04.168Z"}
{"level":"debug","message":"Database schema successfully validated","module":"boot","timestamp":"2026-09-09T20:36:04.168Z"}
{"level":"info","message":"New NPWD Player added through event (1) (C46M9XF9)","module":"player","timestamp":"2026-09-09T20:36:58.802Z"}
{"level":"debug","message":{"_firstname":"Aj","_identifier":"C46M9XF9","_lastname":"Fabela","_phoneNumber":"8158341444","source":1,"username":"FieryFusionFX"},"module":"player","timestamp":"2026-09-09T20:36:58.803Z"}
{"level":"info","message":"New NPWD Player added through event (1) (C46M9XF9)","module":"player","timestamp":"2026-09-09T20:36:58.805Z"}
{"level":"debug","message":{"_firstname":"Aj","_identifier":"C46M9XF9","_lastname":"Fabela","_phoneNumber":"8158341444","source":1,"username":"FieryFusionFX"},"module":"player","timestamp":"2026-09-09T20:36:58.805Z"}
{"level":"silly","message":"netPromise > npwd:fetchTweets > RequestObj","module":"events","timestamp":"2026-09-09T20:36:58.900Z"}
{"level":"silly","message":{"data":{"pageId":0},"source":1},"module":"events","timestamp":"2026-09-09T20:36:58.900Z"}
{"level":"info","message":"Executed query (\n        SELECT *\n        FROM npwd_twitter_profiles\n        WHERE identifier = ?\n        LIMIT 1\n\t\t [\"C46M9XF9\"]) in 2.4199ms'","module":"DBInterface","timestamp":"2026-09-09T20:36:58.903Z"}
{"level":"info","message":"Executed query (\n        SELECT \n  npwd_twitter_tweets.id,\n  npwd_twitter_tweets.identifier,\n  npwd_twitter_profiles.id AS profile_id,\n  npwd_twitter_profiles.profile_name,\n  npwd_twitter_profiles.avatar_url,\n  npwd_twitter_tweets.likes,\n  npwd_twitter_tweets.visible,\n  IFNULL(COALESCE(retweets.message, npwd_twitter_tweets.message), '') AS message,\n  IFNULL(COALESCE(retweets.images, npwd_twitter_tweets.images), '') AS images,\n  npwd_twitter_tweets.retweet IS NOT NULL AS isRetweet,\n  retweets.id AS retweetId,\n  retweets_profiles.profile_name AS retweetProfileName,\n  retweets_profiles.avatar_url AS retweetAvatarUrl,\n  npwd_twitter_likes.id IS NOT NULL AS isLiked,\n  npwd_twitter_reports.id IS NOT NULL AS isReported,\n  npwd_twitter_tweets.createdAt,\n  npwd_twitter_tweets.updatedAt,\n  TIME_TO_SEC(TIMEDIFF( NOW(), npwd_twitter_tweets.createdAt)) AS seconds_since_tweet\n\n        FROM npwd_twitter_tweets\n                 LEFT OUTER JOIN npwd_twitter_profiles\n                                 ON npwd_twitter_tweets.identifier = npwd_twitter_profiles.identifier\n                 LEFT OUTER JOIN npwd_twitter_likes ON npwd_twitter_tweets.id = npwd_twitter_likes.tweet_id AND\n                                                       npwd_twitter_likes.profile_id = ?\n                 LEFT OUTER JOIN npwd_twitter_reports ON npwd_twitter_tweets.id = npwd_twitter_reports.tweet_id AND\n                                                         npwd_twitter_reports.profile_id = ?\n                 LEFT OUTER JOIN npwd_twitter_tweets AS retweets ON retweets.id = npwd_twitter_tweets.retweet\n                 LEFT OUTER JOIN npwd_twitter_profiles AS retweets_profiles\n                                 ON retweets.identifier = retweets_profiles.identifier\n        WHERE npwd_twitter_tweets.visible = 1\n        ORDER BY id DESC\n        LIMIT ? OFFSET ?\n\t\t [1,1,\"25\",\"0\"]) in 2.073ms'","module":"DBInterface","timestamp":"2026-09-09T20:36:58.905Z"}
{"level":"silly","message":"Response Promise Event npwd:fetchTweets:4858e063-7c5a-44e7-9354-51c91ee1cc96 (5.4874ms), Data >>","module":"events","timestamp":"2026-09-09T20:36:58.905Z"}
{"level":"silly","message":{"data":[],"status":"ok"},"module":"events","timestamp":"2026-09-09T20:36:58.906Z"}
{"level":"silly","message":"netPromise > npwd:getOrCreateTwitterProfile > RequestObj","module":"events","timestamp":"2026-09-09T20:36:58.950Z"}
{"level":"silly","message":{"data":null,"source":1},"module":"events","timestamp":"2026-09-09T20:36:58.951Z"}
{"level":"silly","message":"netPromise > phone:getMyProfile > RequestObj","module":"events","timestamp":"2026-09-09T20:36:58.951Z"}
{"level":"silly","message":{"data":null,"source":1},"module":"events","timestamp":"2026-09-09T20:36:58.951Z"}
{"level":"silly","message":"netPromise > npwd:fetchMessageGroups > RequestObj","module":"events","timestamp":"2026-09-09T20:36:58.952Z"}
{"level":"silly","message":{"data":null,"source":1},"module":"events","timestamp":"2026-09-09T20:36:58.952Z"}
{"level":"silly","message":"netPromise > npwd-contact-getAll > RequestObj","module":"events","timestamp":"2026-09-09T20:36:58.952Z"}
{"level":"silly","message":{"data":null,"source":1},"module":"events","timestamp":"2026-09-09T20:36:58.953Z"}
{"level":"info","message":"Executed query (\n        SELECT *\n        FROM npwd_twitter_profiles\n        WHERE identifier = ?\n        LIMIT 1\n\t\t [\"C46M9XF9\"]) in 5.202ms'","module":"DBInterface","timestamp":"2026-09-09T20:36:58.956Z"}
{"level":"silly","message":"Response Promise Event npwd:getOrCreateTwitterProfile:ac2be61f-c19a-4e43-afc8-223c8658e30b (5.9805ms), Data >>","module":"events","timestamp":"2026-09-09T20:36:58.957Z"}
{"level":"silly","message":{"data":{"avatar_url":"https://i.fivemanage.com/images/3ClWwmpwkFhL.png","createdAt":"2026-09-09T19:58:52.000Z","id":1,"identifier":"C46M9XF9","profile_name":"Aj_Fabela","updatedAt":"2026-09-09T19:58:52.000Z"},"status":"ok"},"module":"events","timestamp":"2026-09-09T20:36:58.957Z"}
{"level":"info","message":"Executed query (SELECT npwd_messages_conversations.id,\n                          npwd_messages_conversations.conversation_list         as conversationList,\n                          npwd_messages_participants.unread_count               as unreadCount,\n                          npwd_messages_conversations.is_group_chat             as isGroupChat,\n                          npwd_messages_conversations.label,\n                          UNIX_TIMESTAMP(npwd_messages_conversations.updatedAt) as updatedAt,\n                          npwd_messages_participants.participant\n                   FROM npwd_messages_conversations\n                            INNER JOIN npwd_messages_participants\n                                       on npwd_messages_conversations.id = npwd_messages_participants.conversation_id\n                   WHERE npwd_messages_participants.participant = ? [\"8158341444\"]) in 9.0484ms'","module":"DBInterface","timestamp":"2026-09-09T20:36:58.961Z"}
{"level":"silly","message":"Response Promise Event npwd:fetchMessageGroups:437962bb-f861-4f50-a3f6-c03cf3630547 (9.3595ms), Data >>","module":"events","timestamp":"2026-09-09T20:36:58.961Z"}
{"level":"info","message":"Executed query (\n        SELECT *,\n               UNIX_TIMESTAMP(updatedAt) AS lastActive\n        FROM npwd_match_profiles\n        WHERE identifier = ?\n        LIMIT 1\n\t\t [\"C46M9XF9\"]) in 11.0041ms'","module":"DBInterface","timestamp":"2026-09-09T20:36:58.962Z"}
{"level":"info","message":"Executed query (SELECT * FROM npwd_phone_contacts WHERE identifier = ? ORDER BY display ASC [\"C46M9XF9\"]) in 10.6439ms'","module":"DBInterface","timestamp":"2026-09-09T20:36:58.963Z"}
{"level":"silly","message":{"data":[],"status":"ok"},"module":"events","timestamp":"2026-09-09T20:36:58.961Z"}
{"level":"silly","message":"Response Promise Event phone:getMyProfile:d5111269-e3d2-4888-a9a8-1fbcf3d3b0b7 (11.6833ms), Data >>","module":"events","timestamp":"2026-09-09T20:36:58.963Z"}
{"level":"silly","message":{"data":{"bio":"","createdAt":"2026-09-09T19:58:52.000Z","id":1,"identifier":"C46M9XF9","image":"https://upload.wikimedia.org/wikipedia/commons/a/ac/No_image_available.svg","job":"","lastActive":1788983932,"lastActiveFormatted":"Wed, 09 Sep 2026 19:58:52 GMT","location":"","name":"Aj Fabela","tagList":[],"tags":"","updatedAt":"2026-09-09T19:58:52.000Z","viewed":false,"voiceMessage":null},"status":"ok"},"module":"events","timestamp":"2026-09-09T20:36:58.963Z"}
{"level":"silly","message":"Response Promise Event npwd-contact-getAll:d4ac5476-c855-42fc-9f4b-407ce58ae289 (10.8534ms), Data >>","module":"events","timestamp":"2026-09-09T20:36:58.963Z"}
{"level":"silly","message":{"data":[],"status":"ok"},"module":"events","timestamp":"2026-09-09T20:36:58.964Z"}
{"level":"debug","message":"Marketplace service started","module":"marketplace","timestamp":"2026-09-09T20:43:02.553Z"}
{"level":"debug","message":"Call service started","module":"calls","timestamp":"2026-09-09T20:43:02.554Z"}
{"level":"debug","message":"Player Service started","module":"player","timestamp":"2026-09-09T20:43:02.555Z"}
{"level":"info","message":"Loading QBX bridge....","timestamp":"2026-09-09T20:43:02.555Z"}
{"level":"info","message":"QBX bridge initialized","timestamp":"2026-09-09T20:43:02.555Z"}
{"level":"debug","message":"Boot service started","module":"boot","timestamp":"2026-09-09T20:43:02.556Z"}
{"level":"debug","message":"Messages service started","module":"messages","timestamp":"2026-09-09T20:43:02.556Z"}
{"level":"debug","message":"Notes service started","module":"notes","timestamp":"2026-09-09T20:43:02.556Z"}
{"level":"debug","message":"Contacts service started","module":"contact","timestamp":"2026-09-09T20:43:02.556Z"}
{"level":"debug","message":"Photo service started","module":"photo","timestamp":"2026-09-09T20:43:02.564Z"}
{"level":"debug","message":"Twitter service started","module":"twitter","timestamp":"2026-09-09T20:43:02.564Z"}
{"level":"debug","message":"Match service started","module":"match","timestamp":"2026-09-09T20:43:02.564Z"}
{"level":"debug","message":"Beginning database schema validation","module":"boot","timestamp":"2026-09-09T20:43:03.195Z"}
{"level":"info","message":"Successfully started","timestamp":"2026-09-09T20:43:03.204Z"}
{"level":"info","message":"Executed query (SELECT COUNT(*) as count\n                       FROM information_schema.tables\n                       WHERE table_schema = ?\n                         AND table_name = ? [\"Qbox_A1B5B5\",\"players\"]) in 74.609ms'","module":"DBInterface","timestamp":"2026-09-09T20:43:03.271Z"}
{"level":"info","message":"Executed query (SHOW COLUMNS IN players []) in 14.2048ms'","module":"DBInterface","timestamp":"2026-09-09T20:43:03.285Z"}
{"level":"debug","message":"Database schema successfully validated","module":"boot","timestamp":"2026-09-09T20:43:03.285Z"}
{"level":"info","message":"New NPWD Player added through event (1) (C46M9XF9)","module":"player","timestamp":"2026-09-09T20:44:07.027Z"}
{"level":"debug","message":{"_firstname":"Aj","_identifier":"C46M9XF9","_lastname":"Fabela","_phoneNumber":"8158341444","source":1,"username":"FieryFusionFX"},"module":"player","timestamp":"2026-09-09T20:44:07.027Z"}
{"level":"info","message":"New NPWD Player added through event (1) (C46M9XF9)","module":"player","timestamp":"2026-09-09T20:44:07.029Z"}
{"level":"debug","message":{"_firstname":"Aj","_identifier":"C46M9XF9","_lastname":"Fabela","_phoneNumber":"8158341444","source":1,"username":"FieryFusionFX"},"module":"player","timestamp":"2026-09-09T20:44:07.030Z"}
{"level":"silly","message":"netPromise > npwd:fetchTweets > RequestObj","module":"events","timestamp":"2026-09-09T20:44:07.123Z"}
{"level":"silly","message":{"data":{"pageId":0},"source":1},"module":"events","timestamp":"2026-09-09T20:44:07.123Z"}
{"level":"info","message":"Executed query (\n        SELECT *\n        FROM npwd_twitter_profiles\n        WHERE identifier = ?\n        LIMIT 1\n\t\t [\"C46M9XF9\"]) in 3.631ms'","module":"DBInterface","timestamp":"2026-09-09T20:44:07.127Z"}
{"level":"info","message":"Executed query (\n        SELECT \n  npwd_twitter_tweets.id,\n  npwd_twitter_tweets.identifier,\n  npwd_twitter_profiles.id AS profile_id,\n  npwd_twitter_profiles.profile_name,\n  npwd_twitter_profiles.avatar_url,\n  npwd_twitter_tweets.likes,\n  npwd_twitter_tweets.visible,\n  IFNULL(COALESCE(retweets.message, npwd_twitter_tweets.message), '') AS message,\n  IFNULL(COALESCE(retweets.images, npwd_twitter_tweets.images), '') AS images,\n  npwd_twitter_tweets.retweet IS NOT NULL AS isRetweet,\n  retweets.id AS retweetId,\n  retweets_profiles.profile_name AS retweetProfileName,\n  retweets_profiles.avatar_url AS retweetAvatarUrl,\n  npwd_twitter_likes.id IS NOT NULL AS isLiked,\n  npwd_twitter_reports.id IS NOT NULL AS isReported,\n  npwd_twitter_tweets.createdAt,\n  npwd_twitter_tweets.updatedAt,\n  TIME_TO_SEC(TIMEDIFF( NOW(), npwd_twitter_tweets.createdAt)) AS seconds_since_tweet\n\n        FROM npwd_twitter_tweets\n                 LEFT OUTER JOIN npwd_twitter_profiles\n                                 ON npwd_twitter_tweets.identifier = npwd_twitter_profiles.identifier\n                 LEFT OUTER JOIN npwd_twitter_likes ON npwd_twitter_tweets.id = npwd_twitter_likes.tweet_id AND\n                                                       npwd_twitter_likes.profile_id = ?\n                 LEFT OUTER JOIN npwd_twitter_reports ON npwd_twitter_tweets.id = npwd_twitter_reports.tweet_id AND\n                                                         npwd_twitter_reports.profile_id = ?\n                 LEFT OUTER JOIN npwd_twitter_tweets AS retweets ON retweets.id = npwd_twitter_tweets.retweet\n                 LEFT OUTER JOIN npwd_twitter_profiles AS retweets_profiles\n                                 ON retweets.identifier = retweets_profiles.identifier\n        WHERE npwd_twitter_tweets.visible = 1\n        ORDER BY id DESC\n        LIMIT ? OFFSET ?\n\t\t [1,1,\"25\",\"0\"]) in 4.745ms'","module":"DBInterface","timestamp":"2026-09-09T20:44:07.132Z"}
{"level":"silly","message":"Response Promise Event npwd:fetchTweets:644a4891-341e-4e69-a892-0e60aa7c60e4 (9.4473ms), Data >>","module":"events","timestamp":"2026-09-09T20:44:07.132Z"}
{"level":"silly","message":{"data":[],"status":"ok"},"module":"events","timestamp":"2026-09-09T20:44:07.132Z"}
{"level":"silly","message":"netPromise > npwd:getOrCreateTwitterProfile > RequestObj","module":"events","timestamp":"2026-09-09T20:44:07.173Z"}
{"level":"silly","message":{"data":null,"source":1},"module":"events","timestamp":"2026-09-09T20:44:07.173Z"}
{"level":"silly","message":"netPromise > phone:getMyProfile > RequestObj","module":"events","timestamp":"2026-09-09T20:44:07.173Z"}
{"level":"silly","message":{"data":null,"source":1},"module":"events","timestamp":"2026-09-09T20:44:07.174Z"}
{"level":"silly","message":"netPromise > npwd:fetchMessageGroups > RequestObj","module":"events","timestamp":"2026-09-09T20:44:07.174Z"}
{"level":"silly","message":{"data":null,"source":1},"module":"events","timestamp":"2026-09-09T20:44:07.175Z"}
{"level":"silly","message":"netPromise > npwd-contact-getAll > RequestObj","module":"events","timestamp":"2026-09-09T20:44:07.175Z"}
{"level":"silly","message":{"data":null,"source":1},"module":"events","timestamp":"2026-09-09T20:44:07.175Z"}
{"level":"info","message":"Executed query (\n        SELECT *\n        FROM npwd_twitter_profiles\n        WHERE identifier = ?\n        LIMIT 1\n\t\t [\"C46M9XF9\"]) in 4.9819ms'","module":"DBInterface","timestamp":"2026-09-09T20:44:07.178Z"}
{"level":"silly","message":"Response Promise Event npwd:getOrCreateTwitterProfile:b5102af1-260f-4805-8b0f-2b578e9b6d48 (5.7165ms), Data >>","module":"events","timestamp":"2026-09-09T20:44:07.179Z"}
{"level":"silly","message":{"data":{"avatar_url":"https://i.fivemanage.com/images/3ClWwmpwkFhL.png","createdAt":"2026-09-09T19:58:52.000Z","id":1,"identifier":"C46M9XF9","profile_name":"Aj_Fabela","updatedAt":"2026-09-09T19:58:52.000Z"},"status":"ok"},"module":"events","timestamp":"2026-09-09T20:44:07.179Z"}
{"level":"info","message":"Executed query (\n        SELECT *,\n               UNIX_TIMESTAMP(updatedAt) AS lastActive\n        FROM npwd_match_profiles\n        WHERE identifier = ?\n        LIMIT 1\n\t\t [\"C46M9XF9\"]) in 11.2513ms'","module":"DBInterface","timestamp":"2026-09-09T20:44:07.185Z"}
{"level":"silly","message":"Response Promise Event phone:getMyProfile:5f71ec30-ae1c-4737-a455-ecb5807b69e0 (12.0439ms), Data >>","module":"events","timestamp":"2026-09-09T20:44:07.186Z"}
{"level":"info","message":"Executed query (SELECT npwd_messages_conversations.id,\n                          npwd_messages_conversations.conversation_list         as conversationList,\n                          npwd_messages_participants.unread_count               as unreadCount,\n                          npwd_messages_conversations.is_group_chat             as isGroupChat,\n                          npwd_messages_conversations.label,\n                          UNIX_TIMESTAMP(npwd_messages_conversations.updatedAt) as updatedAt,\n                          npwd_messages_participants.participant\n                   FROM npwd_messages_conversations\n                            INNER JOIN npwd_messages_participants\n                                       on npwd_messages_conversations.id = npwd_messages_participants.conversation_id\n                   WHERE npwd_messages_participants.participant = ? [\"8158341444\"]) in 12.364ms'","module":"DBInterface","timestamp":"2026-09-09T20:44:07.187Z"}
{"level":"info","message":"Executed query (SELECT * FROM npwd_phone_contacts WHERE identifier = ? ORDER BY display ASC [\"C46M9XF9\"]) in 12.3421ms'","module":"DBInterface","timestamp":"2026-09-09T20:44:07.188Z"}
{"level":"silly","message":{"data":{"bio":"","createdAt":"2026-09-09T19:58:52.000Z","id":1,"identifier":"C46M9XF9","image":"https://upload.wikimedia.org/wikipedia/commons/a/ac/No_image_available.svg","job":"","lastActive":1788983932,"lastActiveFormatted":"Wed, 09 Sep 2026 19:58:52 GMT","location":"","name":"Aj Fabela","tagList":[],"tags":"","updatedAt":"2026-09-09T19:58:52.000Z","viewed":false,"voiceMessage":null},"status":"ok"},"module":"events","timestamp":"2026-09-09T20:44:07.186Z"}
{"level":"silly","message":"Response Promise Event npwd:fetchMessageGroups:549675c7-5ad6-40d9-9ced-5e5a23784f3e (12.7186ms), Data >>","module":"events","timestamp":"2026-09-09T20:44:07.187Z"}
{"level":"silly","message":{"data":[],"status":"ok"},"module":"events","timestamp":"2026-09-09T20:44:07.187Z"}
{"level":"silly","message":"Response Promise Event npwd-contact-getAll:08741b22-f0b6-48ad-8dca-65c6476166c3 (12.6528ms), Data >>","module":"events","timestamp":"2026-09-09T20:44:07.188Z"}
{"level":"silly","message":{"data":[],"status":"ok"},"module":"events","timestamp":"2026-09-09T20:44:07.188Z"}
{"level":"debug","message":"Marketplace service started","module":"marketplace","timestamp":"2026-09-09T20:52:16.166Z"}
{"level":"debug","message":"Call service started","module":"calls","timestamp":"2026-09-09T20:52:16.168Z"}
{"level":"debug","message":"Player Service started","module":"player","timestamp":"2026-09-09T20:52:16.168Z"}
{"level":"info","message":"Loading QBX bridge....","timestamp":"2026-09-09T20:52:16.168Z"}
{"level":"info","message":"QBX bridge initialized","timestamp":"2026-09-09T20:52:16.168Z"}
{"level":"debug","message":"Boot service started","module":"boot","timestamp":"2026-09-09T20:52:16.168Z"}
{"level":"debug","message":"Messages service started","module":"messages","timestamp":"2026-09-09T20:52:16.169Z"}
{"level":"debug","message":"Notes service started","module":"notes","timestamp":"2026-09-09T20:52:16.169Z"}
{"level":"debug","message":"Contacts service started","module":"contact","timestamp":"2026-09-09T20:52:16.169Z"}
{"level":"debug","message":"Photo service started","module":"photo","timestamp":"2026-09-09T20:52:16.177Z"}
{"level":"debug","message":"Twitter service started","module":"twitter","timestamp":"2026-09-09T20:52:16.177Z"}
{"level":"debug","message":"Match service started","module":"match","timestamp":"2026-09-09T20:52:16.178Z"}
{"level":"debug","message":"Beginning database schema validation","module":"boot","timestamp":"2026-09-09T20:52:16.892Z"}
{"level":"info","message":"Successfully started","timestamp":"2026-09-09T20:52:16.900Z"}
{"level":"info","message":"Executed query (SELECT COUNT(*) as count\n                       FROM information_schema.tables\n                       WHERE table_schema = ?\n                         AND table_name = ? [\"Qbox_A1B5B5\",\"players\"]) in 91.1955ms'","module":"DBInterface","timestamp":"2026-09-09T20:52:16.984Z"}
{"level":"info","message":"Executed query (SHOW COLUMNS IN players []) in 21.9665ms'","module":"DBInterface","timestamp":"2026-09-09T20:52:17.006Z"}
{"level":"debug","message":"Database schema successfully validated","module":"boot","timestamp":"2026-09-09T20:52:17.006Z"}
{"level":"info","message":"New NPWD Player added through event (1) (C46M9XF9)","module":"player","timestamp":"2026-09-09T20:53:37.569Z"}
{"level":"debug","message":{"_firstname":"Aj","_identifier":"C46M9XF9","_lastname":"Fabela","_phoneNumber":"8158341444","source":1,"username":"FieryFusionFX"},"module":"player","timestamp":"2026-09-09T20:53:37.569Z"}
{"level":"info","message":"New NPWD Player added through event (1) (C46M9XF9)","module":"player","timestamp":"2026-09-09T20:53:37.571Z"}
{"level":"debug","message":{"_firstname":"Aj","_identifier":"C46M9XF9","_lastname":"Fabela","_phoneNumber":"8158341444","source":1,"username":"FieryFusionFX"},"module":"player","timestamp":"2026-09-09T20:53:37.571Z"}
{"level":"silly","message":"netPromise > npwd:fetchTweets > RequestObj","module":"events","timestamp":"2026-09-09T20:53:37.666Z"}
{"level":"silly","message":{"data":{"pageId":0},"source":1},"module":"events","timestamp":"2026-09-09T20:53:37.666Z"}
{"level":"info","message":"Executed query (\n        SELECT *\n        FROM npwd_twitter_profiles\n        WHERE identifier = ?\n        LIMIT 1\n\t\t [\"C46M9XF9\"]) in 3.9487ms'","module":"DBInterface","timestamp":"2026-09-09T20:53:37.671Z"}
{"level":"info","message":"Executed query (\n        SELECT \n  npwd_twitter_tweets.id,\n  npwd_twitter_tweets.identifier,\n  npwd_twitter_profiles.id AS profile_id,\n  npwd_twitter_profiles.profile_name,\n  npwd_twitter_profiles.avatar_url,\n  npwd_twitter_tweets.likes,\n  npwd_twitter_tweets.visible,\n  IFNULL(COALESCE(retweets.message, npwd_twitter_tweets.message), '') AS message,\n  IFNULL(COALESCE(retweets.images, npwd_twitter_tweets.images), '') AS images,\n  npwd_twitter_tweets.retweet IS NOT NULL AS isRetweet,\n  retweets.id AS retweetId,\n  retweets_profiles.profile_name AS retweetProfileName,\n  retweets_profiles.avatar_url AS retweetAvatarUrl,\n  npwd_twitter_likes.id IS NOT NULL AS isLiked,\n  npwd_twitter_reports.id IS NOT NULL AS isReported,\n  npwd_twitter_tweets.createdAt,\n  npwd_twitter_tweets.updatedAt,\n  TIME_TO_SEC(TIMEDIFF( NOW(), npwd_twitter_tweets.createdAt)) AS seconds_since_tweet\n\n        FROM npwd_twitter_tweets\n                 LEFT OUTER JOIN npwd_twitter_profiles\n                                 ON npwd_twitter_tweets.identifier = npwd_twitter_profiles.identifier\n                 LEFT OUTER JOIN npwd_twitter_likes ON npwd_twitter_tweets.id = npwd_twitter_likes.tweet_id AND\n                                                       npwd_twitter_likes.profile_id = ?\n                 LEFT OUTER JOIN npwd_twitter_reports ON npwd_twitter_tweets.id = npwd_twitter_reports.tweet_id AND\n                                                         npwd_twitter_reports.profile_id = ?\n                 LEFT OUTER JOIN npwd_twitter_tweets AS retweets ON retweets.id = npwd_twitter_tweets.retweet\n                 LEFT OUTER JOIN npwd_twitter_profiles AS retweets_profiles\n                                 ON retweets.identifier = retweets_profiles.identifier\n        WHERE npwd_twitter_tweets.visible = 1\n        ORDER BY id DESC\n        LIMIT ? OFFSET ?\n\t\t [1,1,\"25\",\"0\"]) in 3.3075ms'","module":"DBInterface","timestamp":"2026-09-09T20:53:37.674Z"}
{"level":"silly","message":"Response Promise Event npwd:fetchTweets:5a1a7d73-3345-479b-9f9c-a94a3c242d5e (8.2641ms), Data >>","module":"events","timestamp":"2026-09-09T20:53:37.674Z"}
{"level":"silly","message":{"data":[],"status":"ok"},"module":"events","timestamp":"2026-09-09T20:53:37.674Z"}
{"level":"silly","message":"netPromise > npwd:getOrCreateTwitterProfile > RequestObj","module":"events","timestamp":"2026-09-09T20:53:37.715Z"}
{"level":"silly","message":{"data":null,"source":1},"module":"events","timestamp":"2026-09-09T20:53:37.715Z"}
{"level":"silly","message":"netPromise > phone:getMyProfile > RequestObj","module":"events","timestamp":"2026-09-09T20:53:37.715Z"}
{"level":"silly","message":{"data":null,"source":1},"module":"events","timestamp":"2026-09-09T20:53:37.715Z"}
{"level":"silly","message":"netPromise > npwd:fetchMessageGroups > RequestObj","module":"events","timestamp":"2026-09-09T20:53:37.716Z"}
{"level":"silly","message":{"data":null,"source":1},"module":"events","timestamp":"2026-09-09T20:53:37.716Z"}
{"level":"silly","message":"netPromise > npwd-contact-getAll > RequestObj","module":"events","timestamp":"2026-09-09T20:53:37.717Z"}
{"level":"silly","message":{"data":null,"source":1},"module":"events","timestamp":"2026-09-09T20:53:37.717Z"}
{"level":"info","message":"Executed query (\n        SELECT *\n        FROM npwd_twitter_profiles\n        WHERE identifier = ?\n        LIMIT 1\n\t\t [\"C46M9XF9\"]) in 5.5888ms'","module":"DBInterface","timestamp":"2026-09-09T20:53:37.721Z"}
{"level":"silly","message":"Response Promise Event npwd:getOrCreateTwitterProfile:8559b263-58c4-41c8-b28a-fba4a879b4c2 (6.0594ms), Data >>","module":"events","timestamp":"2026-09-09T20:53:37.721Z"}
{"level":"silly","message":{"data":{"avatar_url":"https://i.fivemanage.com/images/3ClWwmpwkFhL.png","createdAt":"2026-09-09T19:58:52.000Z","id":1,"identifier":"C46M9XF9","profile_name":"Aj_Fabela","updatedAt":"2026-09-09T19:58:52.000Z"},"status":"ok"},"module":"events","timestamp":"2026-09-09T20:53:37.721Z"}
{"level":"info","message":"Executed query (\n        SELECT *,\n               UNIX_TIMESTAMP(updatedAt) AS lastActive\n        FROM npwd_match_profiles\n        WHERE identifier = ?\n        LIMIT 1\n\t\t [\"C46M9XF9\"]) in 10.979ms'","module":"DBInterface","timestamp":"2026-09-09T20:53:37.726Z"}
{"level":"silly","message":"Response Promise Event phone:getMyProfile:93a01c6a-d600-4bf2-85b1-3e275201bb7c (11.6065ms), Data >>","module":"events","timestamp":"2026-09-09T20:53:37.727Z"}
{"level":"info","message":"Executed query (SELECT npwd_messages_conversations.id,\n                          npwd_messages_conversations.conversation_list         as conversationList,\n                          npwd_messages_participants.unread_count               as unreadCount,\n                          npwd_messages_conversations.is_group_chat             as isGroupChat,\n                          npwd_messages_conversations.label,\n                          UNIX_TIMESTAMP(npwd_messages_conversations.updatedAt) as updatedAt,\n                          npwd_messages_participants.participant\n                   FROM npwd_messages_conversations\n                            INNER JOIN npwd_messages_participants\n                                       on npwd_messages_conversations.id = npwd_messages_participants.conversation_id\n                   WHERE npwd_messages_participants.participant = ? [\"8158341444\"]) in 10.9761ms'","module":"DBInterface","timestamp":"2026-09-09T20:53:37.727Z"}
{"level":"info","message":"Executed query (SELECT * FROM npwd_phone_contacts WHERE identifier = ? ORDER BY display ASC [\"C46M9XF9\"]) in 10.1899ms'","module":"DBInterface","timestamp":"2026-09-09T20:53:37.728Z"}
{"level":"silly","message":{"data":{"bio":"","createdAt":"2026-09-09T19:58:52.000Z","id":1,"identifier":"C46M9XF9","image":"https://upload.wikimedia.org/wikipedia/commons/a/ac/No_image_available.svg","job":"","lastActive":1788983932,"lastActiveFormatted":"Wed, 09 Sep 2026 19:58:52 GMT","location":"","name":"Aj Fabela","tagList":[],"tags":"","updatedAt":"2026-09-09T19:58:52.000Z","viewed":false,"voiceMessage":null},"status":"ok"},"module":"events","timestamp":"2026-09-09T20:53:37.727Z"}
{"level":"silly","message":"Response Promise Event npwd:fetchMessageGroups:d7117741-6cb1-439c-a1dd-88c8cac3bb9c (11.2283ms), Data >>","module":"events","timestamp":"2026-09-09T20:53:37.727Z"}
{"level":"silly","message":{"data":[],"status":"ok"},"module":"events","timestamp":"2026-09-09T20:53:37.727Z"}
{"level":"silly","message":"Response Promise Event npwd-contact-getAll:e9169697-8093-4a24-9144-019dc99d7a8e (10.558ms), Data >>","module":"events","timestamp":"2026-09-09T20:53:37.728Z"}
{"level":"silly","message":{"data":[],"status":"ok"},"module":"events","timestamp":"2026-09-09T20:53:37.728Z"}
{"level":"debug","message":"Marketplace service started","module":"marketplace","timestamp":"2026-09-09T20:59:22.446Z"}
{"level":"debug","message":"Call service started","module":"calls","timestamp":"2026-09-09T20:59:22.448Z"}
{"level":"debug","message":"Player Service started","module":"player","timestamp":"2026-09-09T20:59:22.448Z"}
{"level":"info","message":"Loading QBX bridge....","timestamp":"2026-09-09T20:59:22.448Z"}
{"level":"info","message":"QBX bridge initialized","timestamp":"2026-09-09T20:59:22.449Z"}
{"level":"debug","message":"Boot service started","module":"boot","timestamp":"2026-09-09T20:59:22.449Z"}
{"level":"debug","message":"Messages service started","module":"messages","timestamp":"2026-09-09T20:59:22.449Z"}
{"level":"debug","message":"Notes service started","module":"notes","timestamp":"2026-09-09T20:59:22.449Z"}
{"level":"debug","message":"Contacts service started","module":"contact","timestamp":"2026-09-09T20:59:22.449Z"}
{"level":"debug","message":"Photo service started","module":"photo","timestamp":"2026-09-09T20:59:22.456Z"}
{"level":"debug","message":"Twitter service started","module":"twitter","timestamp":"2026-09-09T20:59:22.456Z"}
{"level":"debug","message":"Match service started","module":"match","timestamp":"2026-09-09T20:59:22.456Z"}
{"level":"debug","message":"Beginning database schema validation","module":"boot","timestamp":"2026-09-09T20:59:23.119Z"}
{"level":"info","message":"Successfully started","timestamp":"2026-09-09T20:59:23.128Z"}
{"level":"info","message":"Executed query (SELECT COUNT(*) as count\n                       FROM information_schema.tables\n                       WHERE table_schema = ?\n                         AND table_name = ? [\"Qbox_A1B5B5\",\"players\"]) in 64.0975ms'","module":"DBInterface","timestamp":"2026-09-09T20:59:23.184Z"}
{"level":"info","message":"Executed query (SHOW COLUMNS IN players []) in 13.0625ms'","module":"DBInterface","timestamp":"2026-09-09T20:59:23.197Z"}
{"level":"debug","message":"Database schema successfully validated","module":"boot","timestamp":"2026-09-09T20:59:23.198Z"}
{"level":"info","message":"New NPWD Player added through event (1) (C46M9XF9)","module":"player","timestamp":"2026-09-09T21:00:38.806Z"}
{"level":"debug","message":{"_firstname":"Aj","_identifier":"C46M9XF9","_lastname":"Fabela","_phoneNumber":"8158341444","source":1,"username":"FieryFusionFX"},"module":"player","timestamp":"2026-09-09T21:00:38.806Z"}
{"level":"info","message":"New NPWD Player added through event (1) (C46M9XF9)","module":"player","timestamp":"2026-09-09T21:00:38.809Z"}
{"level":"debug","message":{"_firstname":"Aj","_identifier":"C46M9XF9","_lastname":"Fabela","_phoneNumber":"8158341444","source":1,"username":"FieryFusionFX"},"module":"player","timestamp":"2026-09-09T21:00:38.810Z"}
{"level":"silly","message":"netPromise > npwd:fetchTweets > RequestObj","module":"events","timestamp":"2026-09-09T21:00:38.903Z"}
{"level":"silly","message":{"data":{"pageId":0},"source":1},"module":"events","timestamp":"2026-09-09T21:00:38.903Z"}
{"level":"info","message":"Executed query (\n        SELECT *\n        FROM npwd_twitter_profiles\n        WHERE identifier = ?\n        LIMIT 1\n\t\t [\"C46M9XF9\"]) in 3.6809ms'","module":"DBInterface","timestamp":"2026-09-09T21:00:38.907Z"}
{"level":"info","message":"Executed query (\n        SELECT \n  npwd_twitter_tweets.id,\n  npwd_twitter_tweets.identifier,\n  npwd_twitter_profiles.id AS profile_id,\n  npwd_twitter_profiles.profile_name,\n  npwd_twitter_profiles.avatar_url,\n  npwd_twitter_tweets.likes,\n  npwd_twitter_tweets.visible,\n  IFNULL(COALESCE(retweets.message, npwd_twitter_tweets.message), '') AS message,\n  IFNULL(COALESCE(retweets.images, npwd_twitter_tweets.images), '') AS images,\n  npwd_twitter_tweets.retweet IS NOT NULL AS isRetweet,\n  retweets.id AS retweetId,\n  retweets_profiles.profile_name AS retweetProfileName,\n  retweets_profiles.avatar_url AS retweetAvatarUrl,\n  npwd_twitter_likes.id IS NOT NULL AS isLiked,\n  npwd_twitter_reports.id IS NOT NULL AS isReported,\n  npwd_twitter_tweets.createdAt,\n  npwd_twitter_tweets.updatedAt,\n  TIME_TO_SEC(TIMEDIFF( NOW(), npwd_twitter_tweets.createdAt)) AS seconds_since_tweet\n\n        FROM npwd_twitter_tweets\n                 LEFT OUTER JOIN npwd_twitter_profiles\n                                 ON npwd_twitter_tweets.identifier = npwd_twitter_profiles.identifier\n                 LEFT OUTER JOIN npwd_twitter_likes ON npwd_twitter_tweets.id = npwd_twitter_likes.tweet_id AND\n                                                       npwd_twitter_likes.profile_id = ?\n                 LEFT OUTER JOIN npwd_twitter_reports ON npwd_twitter_tweets.id = npwd_twitter_reports.tweet_id AND\n                                                         npwd_twitter_reports.profile_id = ?\n                 LEFT OUTER JOIN npwd_twitter_tweets AS retweets ON retweets.id = npwd_twitter_tweets.retweet\n                 LEFT OUTER JOIN npwd_twitter_profiles AS retweets_profiles\n                                 ON retweets.identifier = retweets_profiles.identifier\n        WHERE npwd_twitter_tweets.visible = 1\n        ORDER BY id DESC\n        LIMIT ? OFFSET ?\n\t\t [1,1,\"25\",\"0\"]) in 3.7225ms'","module":"DBInterface","timestamp":"2026-09-09T21:00:38.911Z"}
{"level":"silly","message":"Response Promise Event npwd:fetchTweets:7f2eec0a-5cce-4f61-8ece-14df8f482930 (8.4527ms), Data >>","module":"events","timestamp":"2026-09-09T21:00:38.911Z"}
{"level":"silly","message":{"data":[],"status":"ok"},"module":"events","timestamp":"2026-09-09T21:00:38.912Z"}
{"level":"silly","message":"netPromise > npwd:getOrCreateTwitterProfile > RequestObj","module":"events","timestamp":"2026-09-09T21:00:38.954Z"}
{"level":"silly","message":{"data":null,"source":1},"module":"events","timestamp":"2026-09-09T21:00:38.954Z"}
{"level":"silly","message":"netPromise > phone:getMyProfile > RequestObj","module":"events","timestamp":"2026-09-09T21:00:38.954Z"}
{"level":"silly","message":{"data":null,"source":1},"module":"events","timestamp":"2026-09-09T21:00:38.954Z"}
{"level":"silly","message":"netPromise > npwd:fetchMessageGroups > RequestObj","module":"events","timestamp":"2026-09-09T21:00:38.955Z"}
{"level":"silly","message":{"data":null,"source":1},"module":"events","timestamp":"2026-09-09T21:00:38.955Z"}
{"level":"silly","message":"netPromise > npwd-contact-getAll > RequestObj","module":"events","timestamp":"2026-09-09T21:00:38.956Z"}
{"level":"silly","message":{"data":null,"source":1},"module":"events","timestamp":"2026-09-09T21:00:38.956Z"}
{"level":"info","message":"Executed query (\n        SELECT *\n        FROM npwd_twitter_profiles\n        WHERE identifier = ?\n        LIMIT 1\n\t\t [\"C46M9XF9\"]) in 5.7371ms'","module":"DBInterface","timestamp":"2026-09-09T21:00:38.960Z"}
{"level":"silly","message":"Response Promise Event npwd:getOrCreateTwitterProfile:0ae20bfe-64b7-473b-a619-84c330031ed2 (6.594ms), Data >>","module":"events","timestamp":"2026-09-09T21:00:38.960Z"}
{"level":"silly","message":{"data":{"avatar_url":"https://i.fivemanage.com/images/3ClWwmpwkFhL.png","createdAt":"2026-09-09T19:58:52.000Z","id":1,"identifier":"C46M9XF9","profile_name":"Aj_Fabela","updatedAt":"2026-09-09T19:58:52.000Z"},"status":"ok"},"module":"events","timestamp":"2026-09-09T21:00:38.960Z"}
{"level":"info","message":"Executed query (SELECT * FROM npwd_phone_contacts WHERE identifier = ? ORDER BY display ASC [\"C46M9XF9\"]) in 9.7926ms'","module":"DBInterface","timestamp":"2026-09-09T21:00:38.966Z"}
{"level":"silly","message":"Response Promise Event npwd-contact-getAll:27f8f52e-9ebd-41ad-8da1-16613f066670 (10.0878ms), Data >>","module":"events","timestamp":"2026-09-09T21:00:38.966Z"}
{"level":"info","message":"Executed query (\n        SELECT *,\n               UNIX_TIMESTAMP(updatedAt) AS lastActive\n        FROM npwd_match_profiles\n        WHERE identifier = ?\n        LIMIT 1\n\t\t [\"C46M9XF9\"]) in 12.5839ms'","module":"DBInterface","timestamp":"2026-09-09T21:00:38.967Z"}
{"level":"info","message":"Executed query (SELECT npwd_messages_conversations.id,\n                          npwd_messages_conversations.conversation_list         as conversationList,\n                          npwd_messages_participants.unread_count               as unreadCount,\n                          npwd_messages_conversations.is_group_chat             as isGroupChat,\n                          npwd_messages_conversations.label,\n                          UNIX_TIMESTAMP(npwd_messages_conversations.updatedAt) as updatedAt,\n                          npwd_messages_participants.participant\n                   FROM npwd_messages_conversations\n                            INNER JOIN npwd_messages_participants\n                                       on npwd_messages_conversations.id = npwd_messages_participants.conversation_id\n                   WHERE npwd_messages_participants.participant = ? [\"8158341444\"]) in 12.731ms'","module":"DBInterface","timestamp":"2026-09-09T21:00:38.968Z"}
{"level":"silly","message":{"data":[],"status":"ok"},"module":"events","timestamp":"2026-09-09T21:00:38.966Z"}
{"level":"silly","message":"Response Promise Event phone:getMyProfile:be68976d-c46b-43d2-82ba-00027bc07309 (13.4141ms), Data >>","module":"events","timestamp":"2026-09-09T21:00:38.968Z"}
{"level":"silly","message":{"data":{"bio":"","createdAt":"2026-09-09T19:58:52.000Z","id":1,"identifier":"C46M9XF9","image":"https://upload.wikimedia.org/wikipedia/commons/a/ac/No_image_available.svg","job":"","lastActive":1788983932,"lastActiveFormatted":"Wed, 09 Sep 2026 19:58:52 GMT","location":"","name":"Aj Fabela","tagList":[],"tags":"","updatedAt":"2026-09-09T19:58:52.000Z","viewed":false,"voiceMessage":null},"status":"ok"},"module":"events","timestamp":"2026-09-09T21:00:38.968Z"}
{"level":"silly","message":"Response Promise Event npwd:fetchMessageGroups:9d6950c7-27f1-4e87-b325-fc4aacdbc189 (12.9874ms), Data >>","module":"events","timestamp":"2026-09-09T21:00:38.968Z"}
{"level":"silly","message":{"data":[],"status":"ok"},"module":"events","timestamp":"2026-09-09T21:00:38.968Z"}
{"level":"debug","message":"Marketplace service started","module":"marketplace","timestamp":"2026-09-09T21:03:09.636Z"}
{"level":"debug","message":"Call service started","module":"calls","timestamp":"2026-09-09T21:03:09.638Z"}
{"level":"debug","message":"Player Service started","module":"player","timestamp":"2026-09-09T21:03:09.638Z"}
{"level":"info","message":"Loading QBX bridge....","timestamp":"2026-09-09T21:03:09.639Z"}
{"level":"info","message":"QBX bridge initialized","timestamp":"2026-09-09T21:03:09.639Z"}
{"level":"debug","message":"Boot service started","module":"boot","timestamp":"2026-09-09T21:03:09.639Z"}
{"level":"debug","message":"Messages service started","module":"messages","timestamp":"2026-09-09T21:03:09.639Z"}
{"level":"debug","message":"Notes service started","module":"notes","timestamp":"2026-09-09T21:03:09.640Z"}
{"level":"debug","message":"Contacts service started","module":"contact","timestamp":"2026-09-09T21:03:09.640Z"}
{"level":"debug","message":"Photo service started","module":"photo","timestamp":"2026-09-09T21:03:09.646Z"}
{"level":"debug","message":"Twitter service started","module":"twitter","timestamp":"2026-09-09T21:03:09.646Z"}
{"level":"debug","message":"Match service started","module":"match","timestamp":"2026-09-09T21:03:09.646Z"}
{"level":"debug","message":"Beginning database schema validation","module":"boot","timestamp":"2026-09-09T21:03:10.276Z"}
{"level":"info","message":"Successfully started","timestamp":"2026-09-09T21:03:10.284Z"}
{"level":"info","message":"Executed query (SELECT COUNT(*) as count\n                       FROM information_schema.tables\n                       WHERE table_schema = ?\n                         AND table_name = ? [\"Qbox_A1B5B5\",\"players\"]) in 67.1268ms'","module":"DBInterface","timestamp":"2026-09-09T21:03:10.344Z"}
{"level":"info","message":"Executed query (SHOW COLUMNS IN players []) in 13.2679ms'","module":"DBInterface","timestamp":"2026-09-09T21:03:10.358Z"}
{"level":"debug","message":"Database schema successfully validated","module":"boot","timestamp":"2026-09-09T21:03:10.358Z"}
{"level":"info","message":"New NPWD Player added through event (1) (C46M9XF9)","module":"player","timestamp":"2026-09-09T21:04:17.494Z"}
{"level":"debug","message":{"_firstname":"Aj","_identifier":"C46M9XF9","_lastname":"Fabela","_phoneNumber":"8158341444","source":1,"username":"FieryFusionFX"},"module":"player","timestamp":"2026-09-09T21:04:17.494Z"}
{"level":"info","message":"New NPWD Player added through event (1) (C46M9XF9)","module":"player","timestamp":"2026-09-09T21:04:17.498Z"}
{"level":"debug","message":{"_firstname":"Aj","_identifier":"C46M9XF9","_lastname":"Fabela","_phoneNumber":"8158341444","source":1,"username":"FieryFusionFX"},"module":"player","timestamp":"2026-09-09T21:04:17.498Z"}
{"level":"silly","message":"netPromise > npwd:fetchTweets > RequestObj","module":"events","timestamp":"2026-09-09T21:04:17.591Z"}
{"level":"silly","message":{"data":{"pageId":0},"source":1},"module":"events","timestamp":"2026-09-09T21:04:17.592Z"}
{"level":"info","message":"Executed query (\n        SELECT *\n        FROM npwd_twitter_profiles\n        WHERE identifier = ?\n        LIMIT 1\n\t\t [\"C46M9XF9\"]) in 2.9177ms'","module":"DBInterface","timestamp":"2026-09-09T21:04:17.595Z"}
{"level":"info","message":"Executed query (\n        SELECT \n  npwd_twitter_tweets.id,\n  npwd_twitter_tweets.identifier,\n  npwd_twitter_profiles.id AS profile_id,\n  npwd_twitter_profiles.profile_name,\n  npwd_twitter_profiles.avatar_url,\n  npwd_twitter_tweets.likes,\n  npwd_twitter_tweets.visible,\n  IFNULL(COALESCE(retweets.message, npwd_twitter_tweets.message), '') AS message,\n  IFNULL(COALESCE(retweets.images, npwd_twitter_tweets.images), '') AS images,\n  npwd_twitter_tweets.retweet IS NOT NULL AS isRetweet,\n  retweets.id AS retweetId,\n  retweets_profiles.profile_name AS retweetProfileName,\n  retweets_profiles.avatar_url AS retweetAvatarUrl,\n  npwd_twitter_likes.id IS NOT NULL AS isLiked,\n  npwd_twitter_reports.id IS NOT NULL AS isReported,\n  npwd_twitter_tweets.createdAt,\n  npwd_twitter_tweets.updatedAt,\n  TIME_TO_SEC(TIMEDIFF( NOW(), npwd_twitter_tweets.createdAt)) AS seconds_since_tweet\n\n        FROM npwd_twitter_tweets\n                 LEFT OUTER JOIN npwd_twitter_profiles\n                                 ON npwd_twitter_tweets.identifier = npwd_twitter_profiles.identifier\n                 LEFT OUTER JOIN npwd_twitter_likes ON npwd_twitter_tweets.id = npwd_twitter_likes.tweet_id AND\n                                                       npwd_twitter_likes.profile_id = ?\n                 LEFT OUTER JOIN npwd_twitter_reports ON npwd_twitter_tweets.id = npwd_twitter_reports.tweet_id AND\n                                                         npwd_twitter_reports.profile_id = ?\n                 LEFT OUTER JOIN npwd_twitter_tweets AS retweets ON retweets.id = npwd_twitter_tweets.retweet\n                 LEFT OUTER JOIN npwd_twitter_profiles AS retweets_profiles\n                                 ON retweets.identifier = retweets_profiles.identifier\n        WHERE npwd_twitter_tweets.visible = 1\n        ORDER BY id DESC\n        LIMIT ? OFFSET ?\n\t\t [1,1,\"25\",\"0\"]) in 3.9542ms'","module":"DBInterface","timestamp":"2026-09-09T21:04:17.599Z"}
{"level":"silly","message":"Response Promise Event npwd:fetchTweets:ef3a5ce5-ff35-471e-a243-e4e4d564f4e7 (8.0085ms), Data >>","module":"events","timestamp":"2026-09-09T21:04:17.599Z"}
{"level":"silly","message":{"data":[],"status":"ok"},"module":"events","timestamp":"2026-09-09T21:04:17.599Z"}
{"level":"silly","message":"netPromise > npwd:getOrCreateTwitterProfile > RequestObj","module":"events","timestamp":"2026-09-09T21:04:17.690Z"}
{"level":"silly","message":{"data":null,"source":1},"module":"events","timestamp":"2026-09-09T21:04:17.690Z"}
{"level":"silly","message":"netPromise > phone:getMyProfile > RequestObj","module":"events","timestamp":"2026-09-09T21:04:17.691Z"}
{"level":"silly","message":{"data":null,"source":1},"module":"events","timestamp":"2026-09-09T21:04:17.691Z"}
{"level":"silly","message":"netPromise > npwd:fetchMessageGroups > RequestObj","module":"events","timestamp":"2026-09-09T21:04:17.692Z"}
{"level":"silly","message":{"data":null,"source":1},"module":"events","timestamp":"2026-09-09T21:04:17.692Z"}
{"level":"silly","message":"netPromise > npwd-contact-getAll > RequestObj","module":"events","timestamp":"2026-09-09T21:04:17.692Z"}
{"level":"silly","message":{"data":null,"source":1},"module":"events","timestamp":"2026-09-09T21:04:17.692Z"}
{"level":"info","message":"Executed query (\n        SELECT *\n        FROM npwd_twitter_profiles\n        WHERE identifier = ?\n        LIMIT 1\n\t\t [\"C46M9XF9\"]) in 6.4897ms'","module":"DBInterface","timestamp":"2026-09-09T21:04:17.697Z"}
{"level":"silly","message":"Response Promise Event npwd:getOrCreateTwitterProfile:3f15937e-c287-456d-bfb9-4c809052a7eb (7.2261ms), Data >>","module":"events","timestamp":"2026-09-09T21:04:17.697Z"}
{"level":"silly","message":{"data":{"avatar_url":"https://i.fivemanage.com/images/3ClWwmpwkFhL.png","createdAt":"2026-09-09T19:58:52.000Z","id":1,"identifier":"C46M9XF9","profile_name":"Aj_Fabela","updatedAt":"2026-09-09T19:58:52.000Z"},"status":"ok"},"module":"events","timestamp":"2026-09-09T21:04:17.697Z"}
{"level":"info","message":"Executed query (SELECT npwd_messages_conversations.id,\n                          npwd_messages_conversations.conversation_list         as conversationList,\n                          npwd_messages_participants.unread_count               as unreadCount,\n                          npwd_messages_conversations.is_group_chat             as isGroupChat,\n                          npwd_messages_conversations.label,\n                          UNIX_TIMESTAMP(npwd_messages_conversations.updatedAt) as updatedAt,\n                          npwd_messages_participants.participant\n                   FROM npwd_messages_conversations\n                            INNER JOIN npwd_messages_participants\n                                       on npwd_messages_conversations.id = npwd_messages_participants.conversation_id\n                   WHERE npwd_messages_participants.participant = ? [\"8158341444\"]) in 11.0431ms'","module":"DBInterface","timestamp":"2026-09-09T21:04:17.703Z"}
{"level":"silly","message":"Response Promise Event npwd:fetchMessageGroups:d1a37545-35fb-41d3-8edc-83371d431f28 (11.4144ms), Data >>","module":"events","timestamp":"2026-09-09T21:04:17.703Z"}
{"level":"info","message":"Executed query (\n        SELECT *,\n               UNIX_TIMESTAMP(updatedAt) AS lastActive\n        FROM npwd_match_profiles\n        WHERE identifier = ?\n        LIMIT 1\n\t\t [\"C46M9XF9\"]) in 13.0992ms'","module":"DBInterface","timestamp":"2026-09-09T21:04:17.704Z"}
{"level":"info","message":"Executed query (SELECT * FROM npwd_phone_contacts WHERE identifier = ? ORDER BY display ASC [\"C46M9XF9\"]) in 12.3036ms'","module":"DBInterface","timestamp":"2026-09-09T21:04:17.705Z"}
{"level":"silly","message":{"data":[],"status":"ok"},"module":"events","timestamp":"2026-09-09T21:04:17.703Z"}
{"level":"silly","message":"Response Promise Event phone:getMyProfile:292c1f72-0494-4a4c-9de3-b529097a3d8d (13.8385ms), Data >>","module":"events","timestamp":"2026-09-09T21:04:17.705Z"}
{"level":"silly","message":{"data":{"bio":"","createdAt":"2026-09-09T19:58:52.000Z","id":1,"identifier":"C46M9XF9","image":"https://upload.wikimedia.org/wikipedia/commons/a/ac/No_image_available.svg","job":"","lastActive":1788983932,"lastActiveFormatted":"Wed, 09 Sep 2026 19:58:52 GMT","location":"","name":"Aj Fabela","tagList":[],"tags":"","updatedAt":"2026-09-09T19:58:52.000Z","viewed":false,"voiceMessage":null},"status":"ok"},"module":"events","timestamp":"2026-09-09T21:04:17.705Z"}
{"level":"silly","message":"Response Promise Event npwd-contact-getAll:5ce03582-d1ab-4818-befe-3c7260121cb7 (12.6051ms), Data >>","module":"events","timestamp":"2026-09-09T21:04:17.705Z"}
{"level":"silly","message":{"data":[],"status":"ok"},"module":"events","timestamp":"2026-09-09T21:04:17.705Z"}
{"level":"debug","message":"Marketplace service started","module":"marketplace","timestamp":"2026-09-09T21:06:37.062Z"}
{"level":"debug","message":"Call service started","module":"calls","timestamp":"2026-09-09T21:06:37.063Z"}
{"level":"debug","message":"Player Service started","module":"player","timestamp":"2026-09-09T21:06:37.063Z"}
{"level":"info","message":"Loading QBX bridge....","timestamp":"2026-09-09T21:06:37.064Z"}
{"level":"info","message":"QBX bridge initialized","timestamp":"2026-09-09T21:06:37.064Z"}
{"level":"debug","message":"Boot service started","module":"boot","timestamp":"2026-09-09T21:06:37.064Z"}
{"level":"debug","message":"Messages service started","module":"messages","timestamp":"2026-09-09T21:06:37.065Z"}
{"level":"debug","message":"Notes service started","module":"notes","timestamp":"2026-09-09T21:06:37.065Z"}
{"level":"debug","message":"Contacts service started","module":"contact","timestamp":"2026-09-09T21:06:37.065Z"}
{"level":"debug","message":"Photo service started","module":"photo","timestamp":"2026-09-09T21:06:37.071Z"}
{"level":"debug","message":"Twitter service started","module":"twitter","timestamp":"2026-09-09T21:06:37.071Z"}
{"level":"debug","message":"Match service started","module":"match","timestamp":"2026-09-09T21:06:37.072Z"}
{"level":"debug","message":"Beginning database schema validation","module":"boot","timestamp":"2026-09-09T21:06:37.742Z"}
{"level":"info","message":"Successfully started","timestamp":"2026-09-09T21:06:37.751Z"}
{"level":"info","message":"Executed query (SELECT COUNT(*) as count\n                       FROM information_schema.tables\n                       WHERE table_schema = ?\n                         AND table_name = ? [\"Qbox_A1B5B5\",\"players\"]) in 71.2071ms'","module":"DBInterface","timestamp":"2026-09-09T21:06:37.814Z"}
{"level":"info","message":"Executed query (SHOW COLUMNS IN players []) in 14.5618ms'","module":"DBInterface","timestamp":"2026-09-09T21:06:37.829Z"}
{"level":"debug","message":"Database schema successfully validated","module":"boot","timestamp":"2026-09-09T21:06:37.829Z"}
{"level":"info","message":"New NPWD Player added through event (1) (C46M9XF9)","module":"player","timestamp":"2026-09-09T21:07:54.863Z"}
{"level":"debug","message":{"_firstname":"Aj","_identifier":"C46M9XF9","_lastname":"Fabela","_phoneNumber":"8158341444","source":1,"username":"FieryFusionFX"},"module":"player","timestamp":"2026-09-09T21:07:54.863Z"}
{"level":"info","message":"New NPWD Player added through event (1) (C46M9XF9)","module":"player","timestamp":"2026-09-09T21:07:54.868Z"}
{"level":"debug","message":{"_firstname":"Aj","_identifier":"C46M9XF9","_lastname":"Fabela","_phoneNumber":"8158341444","source":1,"username":"FieryFusionFX"},"module":"player","timestamp":"2026-09-09T21:07:54.868Z"}
{"level":"silly","message":"netPromise > npwd:fetchTweets > RequestObj","module":"events","timestamp":"2026-09-09T21:07:54.911Z"}
{"level":"silly","message":{"data":{"pageId":0},"source":1},"module":"events","timestamp":"2026-09-09T21:07:54.911Z"}
{"level":"info","message":"Executed query (\n        SELECT *\n        FROM npwd_twitter_profiles\n        WHERE identifier = ?\n        LIMIT 1\n\t\t [\"C46M9XF9\"]) in 3.3194ms'","module":"DBInterface","timestamp":"2026-09-09T21:07:54.914Z"}
{"level":"info","message":"Executed query (\n        SELECT \n  npwd_twitter_tweets.id,\n  npwd_twitter_tweets.identifier,\n  npwd_twitter_profiles.id AS profile_id,\n  npwd_twitter_profiles.profile_name,\n  npwd_twitter_profiles.avatar_url,\n  npwd_twitter_tweets.likes,\n  npwd_twitter_tweets.visible,\n  IFNULL(COALESCE(retweets.message, npwd_twitter_tweets.message), '') AS message,\n  IFNULL(COALESCE(retweets.images, npwd_twitter_tweets.images), '') AS images,\n  npwd_twitter_tweets.retweet IS NOT NULL AS isRetweet,\n  retweets.id AS retweetId,\n  retweets_profiles.profile_name AS retweetProfileName,\n  retweets_profiles.avatar_url AS retweetAvatarUrl,\n  npwd_twitter_likes.id IS NOT NULL AS isLiked,\n  npwd_twitter_reports.id IS NOT NULL AS isReported,\n  npwd_twitter_tweets.createdAt,\n  npwd_twitter_tweets.updatedAt,\n  TIME_TO_SEC(TIMEDIFF( NOW(), npwd_twitter_tweets.createdAt)) AS seconds_since_tweet\n\n        FROM npwd_twitter_tweets\n                 LEFT OUTER JOIN npwd_twitter_profiles\n                                 ON npwd_twitter_tweets.identifier = npwd_twitter_profiles.identifier\n                 LEFT OUTER JOIN npwd_twitter_likes ON npwd_twitter_tweets.id = npwd_twitter_likes.tweet_id AND\n                                                       npwd_twitter_likes.profile_id = ?\n                 LEFT OUTER JOIN npwd_twitter_reports ON npwd_twitter_tweets.id = npwd_twitter_reports.tweet_id AND\n                                                         npwd_twitter_reports.profile_id = ?\n                 LEFT OUTER JOIN npwd_twitter_tweets AS retweets ON retweets.id = npwd_twitter_tweets.retweet\n                 LEFT OUTER JOIN npwd_twitter_profiles AS retweets_profiles\n                                 ON retweets.identifier = retweets_profiles.identifier\n        WHERE npwd_twitter_tweets.visible = 1\n        ORDER BY id DESC\n        LIMIT ? OFFSET ?\n\t\t [1,1,\"25\",\"0\"]) in 3.7541ms'","module":"DBInterface","timestamp":"2026-09-09T21:07:54.918Z"}
{"level":"silly","message":"Response Promise Event npwd:fetchTweets:26c30829-677e-4123-a87c-a8473dfa5da2 (8.1369ms), Data >>","module":"events","timestamp":"2026-09-09T21:07:54.919Z"}
{"level":"silly","message":{"data":[],"status":"ok"},"module":"events","timestamp":"2026-09-09T21:07:54.919Z"}
{"level":"silly","message":"netPromise > npwd:getOrCreateTwitterProfile > RequestObj","module":"events","timestamp":"2026-09-09T21:07:54.960Z"}
{"level":"silly","message":{"data":null,"source":1},"module":"events","timestamp":"2026-09-09T21:07:54.960Z"}
{"level":"silly","message":"netPromise > phone:getMyProfile > RequestObj","module":"events","timestamp":"2026-09-09T21:07:54.961Z"}
{"level":"silly","message":{"data":null,"source":1},"module":"events","timestamp":"2026-09-09T21:07:54.961Z"}
{"level":"silly","message":"netPromise > npwd:fetchMessageGroups > RequestObj","module":"events","timestamp":"2026-09-09T21:07:54.962Z"}
{"level":"silly","message":{"data":null,"source":1},"module":"events","timestamp":"2026-09-09T21:07:54.962Z"}
{"level":"silly","message":"netPromise > npwd-contact-getAll > RequestObj","module":"events","timestamp":"2026-09-09T21:07:54.963Z"}
{"level":"silly","message":{"data":null,"source":1},"module":"events","timestamp":"2026-09-09T21:07:54.963Z"}
{"level":"info","message":"Executed query (\n        SELECT *\n        FROM npwd_twitter_profiles\n        WHERE identifier = ?\n        LIMIT 1\n\t\t [\"C46M9XF9\"]) in 6.0035ms'","module":"DBInterface","timestamp":"2026-09-09T21:07:54.967Z"}
{"level":"silly","message":"Response Promise Event npwd:getOrCreateTwitterProfile:d314746a-b0e6-4f9a-88cb-1a50d8071cc4 (6.4696ms), Data >>","module":"events","timestamp":"2026-09-09T21:07:54.967Z"}
{"level":"silly","message":{"data":{"avatar_url":"https://i.fivemanage.com/images/3ClWwmpwkFhL.png","createdAt":"2026-09-09T19:58:52.000Z","id":1,"identifier":"C46M9XF9","profile_name":"Aj_Fabela","updatedAt":"2026-09-09T19:58:52.000Z"},"status":"ok"},"module":"events","timestamp":"2026-09-09T21:07:54.967Z"}
{"level":"info","message":"Executed query (\n        SELECT *,\n               UNIX_TIMESTAMP(updatedAt) AS lastActive\n        FROM npwd_match_profiles\n        WHERE identifier = ?\n        LIMIT 1\n\t\t [\"C46M9XF9\"]) in 10.2748ms'","module":"DBInterface","timestamp":"2026-09-09T21:07:54.972Z"}
{"level":"silly","message":"Response Promise Event phone:getMyProfile:f5dff7fd-a80c-41e5-853f-585124208374 (11.0926ms), Data >>","module":"events","timestamp":"2026-09-09T21:07:54.972Z"}
{"level":"info","message":"Executed query (SELECT npwd_messages_conversations.id,\n                          npwd_messages_conversations.conversation_list         as conversationList,\n                          npwd_messages_participants.unread_count               as unreadCount,\n                          npwd_messages_conversations.is_group_chat             as isGroupChat,\n                          npwd_messages_conversations.label,\n                          UNIX_TIMESTAMP(npwd_messages_conversations.updatedAt) as updatedAt,\n                          npwd_messages_participants.participant\n                   FROM npwd_messages_conversations\n                            INNER JOIN npwd_messages_participants\n                                       on npwd_messages_conversations.id = npwd_messages_participants.conversation_id\n                   WHERE npwd_messages_participants.participant = ? [\"8158341444\"]) in 9.6212ms'","module":"DBInterface","timestamp":"2026-09-09T21:07:54.972Z"}
{"level":"info","message":"Executed query (SELECT * FROM npwd_phone_contacts WHERE identifier = ? ORDER BY display ASC [\"C46M9XF9\"]) in 9.3544ms'","module":"DBInterface","timestamp":"2026-09-09T21:07:54.973Z"}
{"level":"silly","message":{"data":{"bio":"","createdAt":"2026-09-09T19:58:52.000Z","id":1,"identifier":"C46M9XF9","image":"https://upload.wikimedia.org/wikipedia/commons/a/ac/No_image_available.svg","job":"","lastActive":1788983932,"lastActiveFormatted":"Wed, 09 Sep 2026 19:58:52 GMT","location":"","name":"Aj Fabela","tagList":[],"tags":"","updatedAt":"2026-09-09T19:58:52.000Z","viewed":false,"voiceMessage":null},"status":"ok"},"module":"events","timestamp":"2026-09-09T21:07:54.972Z"}
{"level":"silly","message":"Response Promise Event npwd:fetchMessageGroups:331b728a-e530-4d27-9d9f-97c09eac655b (9.9474ms), Data >>","module":"events","timestamp":"2026-09-09T21:07:54.972Z"}
{"level":"silly","message":{"data":[],"status":"ok"},"module":"events","timestamp":"2026-09-09T21:07:54.972Z"}
{"level":"silly","message":"Response Promise Event npwd-contact-getAll:216fde94-336d-49e8-8c44-d790e34686d2 (9.6131ms), Data >>","module":"events","timestamp":"2026-09-09T21:07:54.973Z"}
{"level":"silly","message":{"data":[],"status":"ok"},"module":"events","timestamp":"2026-09-09T21:07:54.973Z"}
{"level":"debug","message":"Marketplace service started","module":"marketplace","timestamp":"2026-09-09T21:17:15.454Z"}
{"level":"debug","message":"Call service started","module":"calls","timestamp":"2026-09-09T21:17:15.455Z"}
{"level":"debug","message":"Player Service started","module":"player","timestamp":"2026-09-09T21:17:15.456Z"}
{"level":"info","message":"Loading QBX bridge....","timestamp":"2026-09-09T21:17:15.456Z"}
{"level":"info","message":"QBX bridge initialized","timestamp":"2026-09-09T21:17:15.456Z"}
{"level":"debug","message":"Boot service started","module":"boot","timestamp":"2026-09-09T21:17:15.456Z"}
{"level":"debug","message":"Messages service started","module":"messages","timestamp":"2026-09-09T21:17:15.456Z"}
{"level":"debug","message":"Notes service started","module":"notes","timestamp":"2026-09-09T21:17:15.456Z"}
{"level":"debug","message":"Contacts service started","module":"contact","timestamp":"2026-09-09T21:17:15.457Z"}
{"level":"debug","message":"Photo service started","module":"photo","timestamp":"2026-09-09T21:17:15.463Z"}
{"level":"debug","message":"Twitter service started","module":"twitter","timestamp":"2026-09-09T21:17:15.464Z"}
{"level":"debug","message":"Match service started","module":"match","timestamp":"2026-09-09T21:17:15.464Z"}
{"level":"debug","message":"Beginning database schema validation","module":"boot","timestamp":"2026-09-09T21:17:16.095Z"}
{"level":"info","message":"Successfully started","timestamp":"2026-09-09T21:17:16.103Z"}
{"level":"info","message":"Executed query (SELECT COUNT(*) as count\n                       FROM information_schema.tables\n                       WHERE table_schema = ?\n                         AND table_name = ? [\"Qbox_A1B5B5\",\"players\"]) in 66.8744ms'","module":"DBInterface","timestamp":"2026-09-09T21:17:16.163Z"}
{"level":"info","message":"Executed query (SHOW COLUMNS IN players []) in 13.5275ms'","module":"DBInterface","timestamp":"2026-09-09T21:17:16.176Z"}
{"level":"debug","message":"Database schema successfully validated","module":"boot","timestamp":"2026-09-09T21:17:16.177Z"}
{"level":"info","message":"New NPWD Player added through event (1) (C46M9XF9)","module":"player","timestamp":"2026-09-09T21:33:48.816Z"}
{"level":"debug","message":{"_firstname":"Aj","_identifier":"C46M9XF9","_lastname":"Fabela","_phoneNumber":"8158341444","source":1,"username":"FieryFusionFX"},"module":"player","timestamp":"2026-09-09T21:33:48.816Z"}
{"level":"info","message":"New NPWD Player added through event (1) (C46M9XF9)","module":"player","timestamp":"2026-09-09T21:33:48.818Z"}
{"level":"debug","message":{"_firstname":"Aj","_identifier":"C46M9XF9","_lastname":"Fabela","_phoneNumber":"8158341444","source":1,"username":"FieryFusionFX"},"module":"player","timestamp":"2026-09-09T21:33:48.818Z"}
{"level":"silly","message":"netPromise > npwd:fetchTweets > RequestObj","module":"events","timestamp":"2026-09-09T21:33:48.863Z"}
{"level":"silly","message":{"data":{"pageId":0},"source":1},"module":"events","timestamp":"2026-09-09T21:33:48.864Z"}
{"level":"info","message":"Executed query (\n        SELECT *\n        FROM npwd_twitter_profiles\n        WHERE identifier = ?\n        LIMIT 1\n\t\t [\"C46M9XF9\"]) in 3.265ms'","module":"DBInterface","timestamp":"2026-09-09T21:33:48.867Z"}
{"level":"info","message":"Executed query (\n        SELECT \n  npwd_twitter_tweets.id,\n  npwd_twitter_tweets.identifier,\n  npwd_twitter_profiles.id AS profile_id,\n  npwd_twitter_profiles.profile_name,\n  npwd_twitter_profiles.avatar_url,\n  npwd_twitter_tweets.likes,\n  npwd_twitter_tweets.visible,\n  IFNULL(COALESCE(retweets.message, npwd_twitter_tweets.message), '') AS message,\n  IFNULL(COALESCE(retweets.images, npwd_twitter_tweets.images), '') AS images,\n  npwd_twitter_tweets.retweet IS NOT NULL AS isRetweet,\n  retweets.id AS retweetId,\n  retweets_profiles.profile_name AS retweetProfileName,\n  retweets_profiles.avatar_url AS retweetAvatarUrl,\n  npwd_twitter_likes.id IS NOT NULL AS isLiked,\n  npwd_twitter_reports.id IS NOT NULL AS isReported,\n  npwd_twitter_tweets.createdAt,\n  npwd_twitter_tweets.updatedAt,\n  TIME_TO_SEC(TIMEDIFF( NOW(), npwd_twitter_tweets.createdAt)) AS seconds_since_tweet\n\n        FROM npwd_twitter_tweets\n                 LEFT OUTER JOIN npwd_twitter_profiles\n                                 ON npwd_twitter_tweets.identifier = npwd_twitter_profiles.identifier\n                 LEFT OUTER JOIN npwd_twitter_likes ON npwd_twitter_tweets.id = npwd_twitter_likes.tweet_id AND\n                                                       npwd_twitter_likes.profile_id = ?\n                 LEFT OUTER JOIN npwd_twitter_reports ON npwd_twitter_tweets.id = npwd_twitter_reports.tweet_id AND\n                                                         npwd_twitter_reports.profile_id = ?\n                 LEFT OUTER JOIN npwd_twitter_tweets AS retweets ON retweets.id = npwd_twitter_tweets.retweet\n                 LEFT OUTER JOIN npwd_twitter_profiles AS retweets_profiles\n                                 ON retweets.identifier = retweets_profiles.identifier\n        WHERE npwd_twitter_tweets.visible = 1\n        ORDER BY id DESC\n        LIMIT ? OFFSET ?\n\t\t [1,1,\"25\",\"0\"]) in 2.9539ms'","module":"DBInterface","timestamp":"2026-09-09T21:33:48.870Z"}
{"level":"silly","message":"Response Promise Event npwd:fetchTweets:5cf77482-ec7a-4c95-a00b-ef79c8d4050a (7.1055ms), Data >>","module":"events","timestamp":"2026-09-09T21:33:48.871Z"}
{"level":"silly","message":{"data":[],"status":"ok"},"module":"events","timestamp":"2026-09-09T21:33:48.871Z"}
{"level":"silly","message":"netPromise > npwd:getOrCreateTwitterProfile > RequestObj","module":"events","timestamp":"2026-09-09T21:33:48.963Z"}
{"level":"silly","message":{"data":null,"source":1},"module":"events","timestamp":"2026-09-09T21:33:48.963Z"}
{"level":"silly","message":"netPromise > phone:getMyProfile > RequestObj","module":"events","timestamp":"2026-09-09T21:33:48.963Z"}
{"level":"silly","message":{"data":null,"source":1},"module":"events","timestamp":"2026-09-09T21:33:48.964Z"}
{"level":"silly","message":"netPromise > npwd:fetchMessageGroups > RequestObj","module":"events","timestamp":"2026-09-09T21:33:48.964Z"}
{"level":"silly","message":{"data":null,"source":1},"module":"events","timestamp":"2026-09-09T21:33:48.964Z"}
{"level":"silly","message":"netPromise > npwd-contact-getAll > RequestObj","module":"events","timestamp":"2026-09-09T21:33:48.965Z"}
{"level":"silly","message":{"data":null,"source":1},"module":"events","timestamp":"2026-09-09T21:33:48.965Z"}
{"level":"info","message":"Executed query (\n        SELECT *\n        FROM npwd_twitter_profiles\n        WHERE identifier = ?\n        LIMIT 1\n\t\t [\"C46M9XF9\"]) in 4.47ms'","module":"DBInterface","timestamp":"2026-09-09T21:33:48.968Z"}
{"level":"silly","message":"Response Promise Event npwd:getOrCreateTwitterProfile:75c9bf0c-9bb5-4931-9539-43804ca9785a (5.0364ms), Data >>","module":"events","timestamp":"2026-09-09T21:33:48.968Z"}
{"level":"silly","message":{"data":{"avatar_url":"https://i.fivemanage.com/images/3ClWwmpwkFhL.png","createdAt":"2026-09-09T19:58:52.000Z","id":1,"identifier":"C46M9XF9","profile_name":"Aj_Fabela","updatedAt":"2026-09-09T19:58:52.000Z"},"status":"ok"},"module":"events","timestamp":"2026-09-09T21:33:48.968Z"}
{"level":"info","message":"Executed query (\n        SELECT *,\n               UNIX_TIMESTAMP(updatedAt) AS lastActive\n        FROM npwd_match_profiles\n        WHERE identifier = ?\n        LIMIT 1\n\t\t [\"C46M9XF9\"]) in 9.4481ms'","module":"DBInterface","timestamp":"2026-09-09T21:33:48.973Z"}
{"level":"silly","message":"Response Promise Event phone:getMyProfile:b0dfc25d-09e0-44bc-8921-4458999a1e86 (10.1865ms), Data >>","module":"events","timestamp":"2026-09-09T21:33:48.974Z"}
{"level":"info","message":"Executed query (SELECT npwd_messages_conversations.id,\n                          npwd_messages_conversations.conversation_list         as conversationList,\n                          npwd_messages_participants.unread_count               as unreadCount,\n                          npwd_messages_conversations.is_group_chat             as isGroupChat,\n                          npwd_messages_conversations.label,\n                          UNIX_TIMESTAMP(npwd_messages_conversations.updatedAt) as updatedAt,\n                          npwd_messages_participants.participant\n                   FROM npwd_messages_conversations\n                            INNER JOIN npwd_messages_participants\n                                       on npwd_messages_conversations.id = npwd_messages_participants.conversation_id\n                   WHERE npwd_messages_participants.participant = ? [\"8158341444\"]) in 9.575ms'","module":"DBInterface","timestamp":"2026-09-09T21:33:48.974Z"}
{"level":"info","message":"Executed query (SELECT * FROM npwd_phone_contacts WHERE identifier = ? ORDER BY display ASC [\"C46M9XF9\"]) in 9.5782ms'","module":"DBInterface","timestamp":"2026-09-09T21:33:48.975Z"}
{"level":"silly","message":{"data":{"bio":"","createdAt":"2026-09-09T19:58:52.000Z","id":1,"identifier":"C46M9XF9","image":"https://upload.wikimedia.org/wikipedia/commons/a/ac/No_image_available.svg","job":"","lastActive":1788983932,"lastActiveFormatted":"Wed, 09 Sep 2026 19:58:52 GMT","location":"","name":"Aj Fabela","tagList":[],"tags":"","updatedAt":"2026-09-09T19:58:52.000Z","viewed":false,"voiceMessage":null},"status":"ok"},"module":"events","timestamp":"2026-09-09T21:33:48.974Z"}
{"level":"silly","message":"Response Promise Event npwd:fetchMessageGroups:1fdd3c77-fc73-4705-b78b-95a94babff61 (9.8356ms), Data >>","module":"events","timestamp":"2026-09-09T21:33:48.974Z"}
{"level":"silly","message":{"data":[],"status":"ok"},"module":"events","timestamp":"2026-09-09T21:33:48.974Z"}
{"level":"silly","message":"Response Promise Event npwd-contact-getAll:3c2c090b-d626-43c1-8e4a-6c5978eacff4 (9.7872ms), Data >>","module":"events","timestamp":"2026-09-09T21:33:48.975Z"}
{"level":"silly","message":{"data":[],"status":"ok"},"module":"events","timestamp":"2026-09-09T21:33:48.975Z"}
{"level":"info","message":"Executed query (SELECT id FROM npwd_marketplace_listings WHERE identifier = ? [\"C46M9XF9\"]) in 3.6136ms'","module":"DBInterface","timestamp":"2026-09-09T21:37:24.469Z"}
{"level":"info","message":"Executed query (DELETE FROM npwd_marketplace_listings WHERE identifier = ? AND reported = 0 [\"C46M9XF9\"]) in 1.5198ms'","module":"DBInterface","timestamp":"2026-09-09T21:37:24.470Z"}
{"level":"info","message":"Unloaded NPWD Player, source: (1)","module":"player","timestamp":"2026-09-09T21:37:24.471Z"}
{"level":"debug","message":"Marketplace service started","module":"marketplace","timestamp":"2026-09-09T21:38:17.459Z"}
{"level":"debug","message":"Call service started","module":"calls","timestamp":"2026-09-09T21:38:17.461Z"}
{"level":"debug","message":"Player Service started","module":"player","timestamp":"2026-09-09T21:38:17.462Z"}
{"level":"info","message":"Loading QBX bridge....","timestamp":"2026-09-09T21:38:17.462Z"}
{"level":"info","message":"QBX bridge initialized","timestamp":"2026-09-09T21:38:17.462Z"}
{"level":"debug","message":"Boot service started","module":"boot","timestamp":"2026-09-09T21:38:17.462Z"}
{"level":"debug","message":"Messages service started","module":"messages","timestamp":"2026-09-09T21:38:17.463Z"}
{"level":"debug","message":"Notes service started","module":"notes","timestamp":"2026-09-09T21:38:17.463Z"}
{"level":"debug","message":"Contacts service started","module":"contact","timestamp":"2026-09-09T21:38:17.463Z"}
{"level":"debug","message":"Photo service started","module":"photo","timestamp":"2026-09-09T21:38:17.469Z"}
{"level":"debug","message":"Twitter service started","module":"twitter","timestamp":"2026-09-09T21:38:17.469Z"}
{"level":"debug","message":"Match service started","module":"match","timestamp":"2026-09-09T21:38:17.470Z"}
{"level":"debug","message":"Beginning database schema validation","module":"boot","timestamp":"2026-09-09T21:38:18.011Z"}
{"level":"info","message":"Successfully started","timestamp":"2026-09-09T21:38:18.017Z"}
{"level":"info","message":"Executed query (SELECT COUNT(*) as count\n                       FROM information_schema.tables\n                       WHERE table_schema = ?\n                         AND table_name = ? [\"Qbox_A1B5B5\",\"players\"]) in 57.3657ms'","module":"DBInterface","timestamp":"2026-09-09T21:38:18.068Z"}
{"level":"info","message":"Executed query (SHOW COLUMNS IN players []) in 11.3329ms'","module":"DBInterface","timestamp":"2026-09-09T21:38:18.080Z"}
{"level":"debug","message":"Database schema successfully validated","module":"boot","timestamp":"2026-09-09T21:38:18.080Z"}
{"level":"info","message":"New NPWD Player added through event (1) (C46M9XF9)","module":"player","timestamp":"2026-09-09T21:38:54.849Z"}
{"level":"debug","message":{"_firstname":"Aj","_identifier":"C46M9XF9","_lastname":"Fabela","_phoneNumber":"8158341444","source":1,"username":"FieryFusionFX"},"module":"player","timestamp":"2026-09-09T21:38:54.849Z"}
{"level":"info","message":"New NPWD Player added through event (1) (C46M9XF9)","module":"player","timestamp":"2026-09-09T21:38:54.852Z"}
{"level":"debug","message":{"_firstname":"Aj","_identifier":"C46M9XF9","_lastname":"Fabela","_phoneNumber":"8158341444","source":1,"username":"FieryFusionFX"},"module":"player","timestamp":"2026-09-09T21:38:54.852Z"}
{"level":"silly","message":"netPromise > npwd:fetchTweets > RequestObj","module":"events","timestamp":"2026-09-09T21:38:54.946Z"}
{"level":"silly","message":{"data":{"pageId":0},"source":1},"module":"events","timestamp":"2026-09-09T21:38:54.946Z"}
{"level":"info","message":"Executed query (\n        SELECT *\n        FROM npwd_twitter_profiles\n        WHERE identifier = ?\n        LIMIT 1\n\t\t [\"C46M9XF9\"]) in 4.51ms'","module":"DBInterface","timestamp":"2026-09-09T21:38:54.951Z"}
{"level":"info","message":"Executed query (\n        SELECT \n  npwd_twitter_tweets.id,\n  npwd_twitter_tweets.identifier,\n  npwd_twitter_profiles.id AS profile_id,\n  npwd_twitter_profiles.profile_name,\n  npwd_twitter_profiles.avatar_url,\n  npwd_twitter_tweets.likes,\n  npwd_twitter_tweets.visible,\n  IFNULL(COALESCE(retweets.message, npwd_twitter_tweets.message), '') AS message,\n  IFNULL(COALESCE(retweets.images, npwd_twitter_tweets.images), '') AS images,\n  npwd_twitter_tweets.retweet IS NOT NULL AS isRetweet,\n  retweets.id AS retweetId,\n  retweets_profiles.profile_name AS retweetProfileName,\n  retweets_profiles.avatar_url AS retweetAvatarUrl,\n  npwd_twitter_likes.id IS NOT NULL AS isLiked,\n  npwd_twitter_reports.id IS NOT NULL AS isReported,\n  npwd_twitter_tweets.createdAt,\n  npwd_twitter_tweets.updatedAt,\n  TIME_TO_SEC(TIMEDIFF( NOW(), npwd_twitter_tweets.createdAt)) AS seconds_since_tweet\n\n        FROM npwd_twitter_tweets\n                 LEFT OUTER JOIN npwd_twitter_profiles\n                                 ON npwd_twitter_tweets.identifier = npwd_twitter_profiles.identifier\n                 LEFT OUTER JOIN npwd_twitter_likes ON npwd_twitter_tweets.id = npwd_twitter_likes.tweet_id AND\n                                                       npwd_twitter_likes.profile_id = ?\n                 LEFT OUTER JOIN npwd_twitter_reports ON npwd_twitter_tweets.id = npwd_twitter_reports.tweet_id AND\n                                                         npwd_twitter_reports.profile_id = ?\n                 LEFT OUTER JOIN npwd_twitter_tweets AS retweets ON retweets.id = npwd_twitter_tweets.retweet\n                 LEFT OUTER JOIN npwd_twitter_profiles AS retweets_profiles\n                                 ON retweets.identifier = retweets_profiles.identifier\n        WHERE npwd_twitter_tweets.visible = 1\n        ORDER BY id DESC\n        LIMIT ? OFFSET ?\n\t\t [1,1,\"25\",\"0\"]) in 3.3036ms'","module":"DBInterface","timestamp":"2026-09-09T21:38:54.955Z"}
{"level":"silly","message":"Response Promise Event npwd:fetchTweets:b8a4d026-e343-450a-a948-26a308fd2a56 (8.7385ms), Data >>","module":"events","timestamp":"2026-09-09T21:38:54.955Z"}
{"level":"silly","message":{"data":[],"status":"ok"},"module":"events","timestamp":"2026-09-09T21:38:54.955Z"}
{"level":"silly","message":"netPromise > npwd:getOrCreateTwitterProfile > RequestObj","module":"events","timestamp":"2026-09-09T21:38:54.996Z"}
{"level":"silly","message":{"data":null,"source":1},"module":"events","timestamp":"2026-09-09T21:38:54.996Z"}
{"level":"silly","message":"netPromise > phone:getMyProfile > RequestObj","module":"events","timestamp":"2026-09-09T21:38:54.997Z"}
{"level":"silly","message":{"data":null,"source":1},"module":"events","timestamp":"2026-09-09T21:38:54.997Z"}
{"level":"silly","message":"netPromise > npwd:fetchMessageGroups > RequestObj","module":"events","timestamp":"2026-09-09T21:38:54.998Z"}
{"level":"silly","message":{"data":null,"source":1},"module":"events","timestamp":"2026-09-09T21:38:54.998Z"}
{"level":"silly","message":"netPromise > npwd-contact-getAll > RequestObj","module":"events","timestamp":"2026-09-09T21:38:54.999Z"}
{"level":"silly","message":{"data":null,"source":1},"module":"events","timestamp":"2026-09-09T21:38:54.999Z"}
{"level":"info","message":"Executed query (\n        SELECT *\n        FROM npwd_twitter_profiles\n        WHERE identifier = ?\n        LIMIT 1\n\t\t [\"C46M9XF9\"]) in 6.0046ms'","module":"DBInterface","timestamp":"2026-09-09T21:38:55.003Z"}
{"level":"silly","message":"Response Promise Event npwd:getOrCreateTwitterProfile:fecd3e69-99be-4471-b5ac-2476a30f4b29 (6.6841ms), Data >>","module":"events","timestamp":"2026-09-09T21:38:55.003Z"}
{"level":"silly","message":{"data":{"avatar_url":"https://i.fivemanage.com/images/3ClWwmpwkFhL.png","createdAt":"2026-09-09T19:58:52.000Z","id":1,"identifier":"C46M9XF9","profile_name":"Aj_Fabela","updatedAt":"2026-09-09T19:58:52.000Z"},"status":"ok"},"module":"events","timestamp":"2026-09-09T21:38:55.003Z"}
{"level":"info","message":"Executed query (\n        SELECT *,\n               UNIX_TIMESTAMP(updatedAt) AS lastActive\n        FROM npwd_match_profiles\n        WHERE identifier = ?\n        LIMIT 1\n\t\t [\"C46M9XF9\"]) in 11.8998ms'","module":"DBInterface","timestamp":"2026-09-09T21:38:55.009Z"}
{"level":"silly","message":"Response Promise Event phone:getMyProfile:0dd53602-05b2-4e57-ab8e-4919042835eb (12.6446ms), Data >>","module":"events","timestamp":"2026-09-09T21:38:55.009Z"}
{"level":"info","message":"Executed query (SELECT npwd_messages_conversations.id,\n                          npwd_messages_conversations.conversation_list         as conversationList,\n                          npwd_messages_participants.unread_count               as unreadCount,\n                          npwd_messages_conversations.is_group_chat             as isGroupChat,\n                          npwd_messages_conversations.label,\n                          UNIX_TIMESTAMP(npwd_messages_conversations.updatedAt) as updatedAt,\n                          npwd_messages_participants.participant\n                   FROM npwd_messages_conversations\n                            INNER JOIN npwd_messages_participants\n                                       on npwd_messages_conversations.id = npwd_messages_participants.conversation_id\n                   WHERE npwd_messages_participants.participant = ? [\"8158341444\"]) in 11.3331ms'","module":"DBInterface","timestamp":"2026-09-09T21:38:55.010Z"}
{"level":"info","message":"Executed query (SELECT * FROM npwd_phone_contacts WHERE identifier = ? ORDER BY display ASC [\"C46M9XF9\"]) in 11.0995ms'","module":"DBInterface","timestamp":"2026-09-09T21:38:55.010Z"}
{"level":"silly","message":{"data":{"bio":"","createdAt":"2026-09-09T19:58:52.000Z","id":1,"identifier":"C46M9XF9","image":"https://upload.wikimedia.org/wikipedia/commons/a/ac/No_image_available.svg","job":"","lastActive":1788983932,"lastActiveFormatted":"Wed, 09 Sep 2026 19:58:52 GMT","location":"","name":"Aj Fabela","tagList":[],"tags":"","updatedAt":"2026-09-09T19:58:52.000Z","viewed":false,"voiceMessage":null},"status":"ok"},"module":"events","timestamp":"2026-09-09T21:38:55.009Z"}
{"level":"silly","message":"Response Promise Event npwd:fetchMessageGroups:6c309bf3-a050-4e0c-a85d-bda21a120547 (12.0289ms), Data >>","module":"events","timestamp":"2026-09-09T21:38:55.010Z"}
{"level":"silly","message":{"data":[],"status":"ok"},"module":"events","timestamp":"2026-09-09T21:38:55.010Z"}
{"level":"silly","message":"Response Promise Event npwd-contact-getAll:80282a6e-2d0e-456a-9bae-decb56de45c2 (11.3234ms), Data >>","module":"events","timestamp":"2026-09-09T21:38:55.010Z"}
{"level":"silly","message":{"data":[],"status":"ok"},"module":"events","timestamp":"2026-09-09T21:38:55.010Z"}
{"level":"debug","message":"Marketplace service started","module":"marketplace","timestamp":"2026-09-09T21:41:39.357Z"}
{"level":"debug","message":"Call service started","module":"calls","timestamp":"2026-09-09T21:41:39.359Z"}
{"level":"debug","message":"Player Service started","module":"player","timestamp":"2026-09-09T21:41:39.359Z"}
{"level":"info","message":"Loading QBX bridge....","timestamp":"2026-09-09T21:41:39.359Z"}
{"level":"info","message":"QBX bridge initialized","timestamp":"2026-09-09T21:41:39.359Z"}
{"level":"debug","message":"Boot service started","module":"boot","timestamp":"2026-09-09T21:41:39.359Z"}
{"level":"debug","message":"Messages service started","module":"messages","timestamp":"2026-09-09T21:41:39.360Z"}
{"level":"debug","message":"Notes service started","module":"notes","timestamp":"2026-09-09T21:41:39.360Z"}
{"level":"debug","message":"Contacts service started","module":"contact","timestamp":"2026-09-09T21:41:39.360Z"}
{"level":"debug","message":"Photo service started","module":"photo","timestamp":"2026-09-09T21:41:39.366Z"}
{"level":"debug","message":"Twitter service started","module":"twitter","timestamp":"2026-09-09T21:41:39.366Z"}
{"level":"debug","message":"Match service started","module":"match","timestamp":"2026-09-09T21:41:39.366Z"}
{"level":"debug","message":"Beginning database schema validation","module":"boot","timestamp":"2026-09-09T21:41:39.992Z"}
{"level":"info","message":"Successfully started","timestamp":"2026-09-09T21:41:40.000Z"}
{"level":"info","message":"Executed query (SELECT COUNT(*) as count\n                       FROM information_schema.tables\n                       WHERE table_schema = ?\n                         AND table_name = ? [\"Qbox_A1B5B5\",\"players\"]) in 85.23ms'","module":"DBInterface","timestamp":"2026-09-09T21:41:40.078Z"}
{"level":"info","message":"Executed query (SHOW COLUMNS IN players []) in 20.0258ms'","module":"DBInterface","timestamp":"2026-09-09T21:41:40.098Z"}
{"level":"debug","message":"Database schema successfully validated","module":"boot","timestamp":"2026-09-09T21:41:40.098Z"}
{"level":"info","message":"New NPWD Player added through event (1) (C46M9XF9)","module":"player","timestamp":"2026-09-09T21:42:49.863Z"}
{"level":"debug","message":{"_firstname":"Aj","_identifier":"C46M9XF9","_lastname":"Fabela","_phoneNumber":"8158341444","source":1,"username":"FieryFusionFX"},"module":"player","timestamp":"2026-09-09T21:42:49.863Z"}
{"level":"info","message":"New NPWD Player added through event (1) (C46M9XF9)","module":"player","timestamp":"2026-09-09T21:42:49.865Z"}
{"level":"debug","message":{"_firstname":"Aj","_identifier":"C46M9XF9","_lastname":"Fabela","_phoneNumber":"8158341444","source":1,"username":"FieryFusionFX"},"module":"player","timestamp":"2026-09-09T21:42:49.865Z"}
{"level":"silly","message":"netPromise > npwd:fetchTweets > RequestObj","module":"events","timestamp":"2026-09-09T21:42:49.910Z"}
{"level":"silly","message":{"data":{"pageId":0},"source":1},"module":"events","timestamp":"2026-09-09T21:42:49.911Z"}
{"level":"info","message":"Executed query (\n        SELECT *\n        FROM npwd_twitter_profiles\n        WHERE identifier = ?\n        LIMIT 1\n\t\t [\"C46M9XF9\"]) in 4.5732ms'","module":"DBInterface","timestamp":"2026-09-09T21:42:49.915Z"}
{"level":"info","message":"Executed query (\n        SELECT \n  npwd_twitter_tweets.id,\n  npwd_twitter_tweets.identifier,\n  npwd_twitter_profiles.id AS profile_id,\n  npwd_twitter_profiles.profile_name,\n  npwd_twitter_profiles.avatar_url,\n  npwd_twitter_tweets.likes,\n  npwd_twitter_tweets.visible,\n  IFNULL(COALESCE(retweets.message, npwd_twitter_tweets.message), '') AS message,\n  IFNULL(COALESCE(retweets.images, npwd_twitter_tweets.images), '') AS images,\n  npwd_twitter_tweets.retweet IS NOT NULL AS isRetweet,\n  retweets.id AS retweetId,\n  retweets_profiles.profile_name AS retweetProfileName,\n  retweets_profiles.avatar_url AS retweetAvatarUrl,\n  npwd_twitter_likes.id IS NOT NULL AS isLiked,\n  npwd_twitter_reports.id IS NOT NULL AS isReported,\n  npwd_twitter_tweets.createdAt,\n  npwd_twitter_tweets.updatedAt,\n  TIME_TO_SEC(TIMEDIFF( NOW(), npwd_twitter_tweets.createdAt)) AS seconds_since_tweet\n\n        FROM npwd_twitter_tweets\n                 LEFT OUTER JOIN npwd_twitter_profiles\n                                 ON npwd_twitter_tweets.identifier = npwd_twitter_profiles.identifier\n                 LEFT OUTER JOIN npwd_twitter_likes ON npwd_twitter_tweets.id = npwd_twitter_likes.tweet_id AND\n                                                       npwd_twitter_likes.profile_id = ?\n                 LEFT OUTER JOIN npwd_twitter_reports ON npwd_twitter_tweets.id = npwd_twitter_reports.tweet_id AND\n                                                         npwd_twitter_reports.profile_id = ?\n                 LEFT OUTER JOIN npwd_twitter_tweets AS retweets ON retweets.id = npwd_twitter_tweets.retweet\n                 LEFT OUTER JOIN npwd_twitter_profiles AS retweets_profiles\n                                 ON retweets.identifier = retweets_profiles.identifier\n        WHERE npwd_twitter_tweets.visible = 1\n        ORDER BY id DESC\n        LIMIT ? OFFSET ?\n\t\t [1,1,\"25\",\"0\"]) in 4.4044ms'","module":"DBInterface","timestamp":"2026-09-09T21:42:49.920Z"}
{"level":"silly","message":"Response Promise Event npwd:fetchTweets:026b6a9f-e160-4eeb-8da7-937917beea26 (10.1346ms), Data >>","module":"events","timestamp":"2026-09-09T21:42:49.920Z"}
{"level":"silly","message":{"data":[],"status":"ok"},"module":"events","timestamp":"2026-09-09T21:42:49.921Z"}
{"level":"silly","message":"netPromise > npwd:getOrCreateTwitterProfile > RequestObj","module":"events","timestamp":"2026-09-09T21:42:49.960Z"}
{"level":"silly","message":{"data":null,"source":1},"module":"events","timestamp":"2026-09-09T21:42:49.960Z"}
{"level":"silly","message":"netPromise > phone:getMyProfile > RequestObj","module":"events","timestamp":"2026-09-09T21:42:49.961Z"}
{"level":"silly","message":{"data":null,"source":1},"module":"events","timestamp":"2026-09-09T21:42:49.961Z"}
{"level":"silly","message":"netPromise > npwd:fetchMessageGroups > RequestObj","module":"events","timestamp":"2026-09-09T21:42:49.962Z"}
{"level":"silly","message":{"data":null,"source":1},"module":"events","timestamp":"2026-09-09T21:42:49.962Z"}
{"level":"silly","message":"netPromise > npwd-contact-getAll > RequestObj","module":"events","timestamp":"2026-09-09T21:42:49.962Z"}
{"level":"silly","message":{"data":null,"source":1},"module":"events","timestamp":"2026-09-09T21:42:49.962Z"}
{"level":"info","message":"Executed query (\n        SELECT *\n        FROM npwd_twitter_profiles\n        WHERE identifier = ?\n        LIMIT 1\n\t\t [\"C46M9XF9\"]) in 5.0537ms'","module":"DBInterface","timestamp":"2026-09-09T21:42:49.966Z"}
{"level":"silly","message":"Response Promise Event npwd:getOrCreateTwitterProfile:1d769baa-30f2-49d9-83ce-5a3ac6fc4cc6 (5.6042ms), Data >>","module":"events","timestamp":"2026-09-09T21:42:49.966Z"}
{"level":"silly","message":{"data":{"avatar_url":"https://i.fivemanage.com/images/3ClWwmpwkFhL.png","createdAt":"2026-09-09T19:58:52.000Z","id":1,"identifier":"C46M9XF9","profile_name":"Aj_Fabela","updatedAt":"2026-09-09T19:58:52.000Z"},"status":"ok"},"module":"events","timestamp":"2026-09-09T21:42:49.966Z"}
{"level":"info","message":"Executed query (\n        SELECT *,\n               UNIX_TIMESTAMP(updatedAt) AS lastActive\n        FROM npwd_match_profiles\n        WHERE identifier = ?\n        LIMIT 1\n\t\t [\"C46M9XF9\"]) in 10.0211ms'","module":"DBInterface","timestamp":"2026-09-09T21:42:49.971Z"}
{"level":"silly","message":"Response Promise Event phone:getMyProfile:2984ed17-4698-4b01-bfba-702e25b69d19 (10.7075ms), Data >>","module":"events","timestamp":"2026-09-09T21:42:49.971Z"}
{"level":"info","message":"Executed query (SELECT npwd_messages_conversations.id,\n                          npwd_messages_conversations.conversation_list         as conversationList,\n                          npwd_messages_participants.unread_count               as unreadCount,\n                          npwd_messages_conversations.is_group_chat             as isGroupChat,\n                          npwd_messages_conversations.label,\n                          UNIX_TIMESTAMP(npwd_messages_conversations.updatedAt) as updatedAt,\n                          npwd_messages_participants.participant\n                   FROM npwd_messages_conversations\n                            INNER JOIN npwd_messages_participants\n                                       on npwd_messages_conversations.id = npwd_messages_participants.conversation_id\n                   WHERE npwd_messages_participants.participant = ? [\"8158341444\"]) in 10.1572ms'","module":"DBInterface","timestamp":"2026-09-09T21:42:49.972Z"}
{"level":"info","message":"Executed query (SELECT * FROM npwd_phone_contacts WHERE identifier = ? ORDER BY display ASC [\"C46M9XF9\"]) in 9.9645ms'","module":"DBInterface","timestamp":"2026-09-09T21:42:49.972Z"}
{"level":"silly","message":{"data":{"bio":"","createdAt":"2026-09-09T19:58:52.000Z","id":1,"identifier":"C46M9XF9","image":"https://upload.wikimedia.org/wikipedia/commons/a/ac/No_image_available.svg","job":"","lastActive":1788983932,"lastActiveFormatted":"Wed, 09 Sep 2026 19:58:52 GMT","location":"","name":"Aj Fabela","tagList":[],"tags":"","updatedAt":"2026-09-09T19:58:52.000Z","viewed":false,"voiceMessage":null},"status":"ok"},"module":"events","timestamp":"2026-09-09T21:42:49.972Z"}
{"level":"silly","message":"Response Promise Event npwd:fetchMessageGroups:2641f6cd-008e-44b0-9295-a302280da7b3 (10.4246ms), Data >>","module":"events","timestamp":"2026-09-09T21:42:49.972Z"}
{"level":"silly","message":{"data":[],"status":"ok"},"module":"events","timestamp":"2026-09-09T21:42:49.972Z"}
{"level":"silly","message":"Response Promise Event npwd-contact-getAll:7a339644-aa61-4ccb-9055-b31b575ed59e (10.1789ms), Data >>","module":"events","timestamp":"2026-09-09T21:42:49.972Z"}
{"level":"silly","message":{"data":[],"status":"ok"},"module":"events","timestamp":"2026-09-09T21:42:49.972Z"}
{"level":"debug","message":"Marketplace service started","module":"marketplace","timestamp":"2026-09-09T21:44:49.624Z"}
{"level":"debug","message":"Call service started","module":"calls","timestamp":"2026-09-09T21:44:49.625Z"}
{"level":"debug","message":"Player Service started","module":"player","timestamp":"2026-09-09T21:44:49.625Z"}
{"level":"info","message":"Loading QBX bridge....","timestamp":"2026-09-09T21:44:49.626Z"}
{"level":"info","message":"QBX bridge initialized","timestamp":"2026-09-09T21:44:49.626Z"}
{"level":"debug","message":"Boot service started","module":"boot","timestamp":"2026-09-09T21:44:49.626Z"}
{"level":"debug","message":"Messages service started","module":"messages","timestamp":"2026-09-09T21:44:49.626Z"}
{"level":"debug","message":"Notes service started","module":"notes","timestamp":"2026-09-09T21:44:49.626Z"}
{"level":"debug","message":"Contacts service started","module":"contact","timestamp":"2026-09-09T21:44:49.626Z"}
{"level":"debug","message":"Photo service started","module":"photo","timestamp":"2026-09-09T21:44:49.632Z"}
{"level":"debug","message":"Twitter service started","module":"twitter","timestamp":"2026-09-09T21:44:49.632Z"}
{"level":"debug","message":"Match service started","module":"match","timestamp":"2026-09-09T21:44:49.632Z"}
{"level":"debug","message":"Beginning database schema validation","module":"boot","timestamp":"2026-09-09T21:44:50.241Z"}
{"level":"info","message":"Successfully started","timestamp":"2026-09-09T21:44:50.250Z"}
{"level":"info","message":"Executed query (SELECT COUNT(*) as count\n                       FROM information_schema.tables\n                       WHERE table_schema = ?\n                         AND table_name = ? [\"Qbox_A1B5B5\",\"players\"]) in 78.394ms'","module":"DBInterface","timestamp":"2026-09-09T21:44:50.320Z"}
{"level":"info","message":"Executed query (SHOW COLUMNS IN players []) in 16.8137ms'","module":"DBInterface","timestamp":"2026-09-09T21:44:50.337Z"}
{"level":"debug","message":"Database schema successfully validated","module":"boot","timestamp":"2026-09-09T21:44:50.337Z"}
{"level":"info","message":"New NPWD Player added through event (1) (C46M9XF9)","module":"player","timestamp":"2026-09-09T21:46:15.182Z"}
{"level":"debug","message":{"_firstname":"Aj","_identifier":"C46M9XF9","_lastname":"Fabela","_phoneNumber":"8158341444","source":1,"username":"FieryFusionFX"},"module":"player","timestamp":"2026-09-09T21:46:15.182Z"}
{"level":"info","message":"New NPWD Player added through event (1) (C46M9XF9)","module":"player","timestamp":"2026-09-09T21:46:15.186Z"}
{"level":"debug","message":{"_firstname":"Aj","_identifier":"C46M9XF9","_lastname":"Fabela","_phoneNumber":"8158341444","source":1,"username":"FieryFusionFX"},"module":"player","timestamp":"2026-09-09T21:46:15.186Z"}
{"level":"silly","message":"netPromise > npwd:fetchTweets > RequestObj","module":"events","timestamp":"2026-09-09T21:46:15.277Z"}
{"level":"silly","message":{"data":{"pageId":0},"source":1},"module":"events","timestamp":"2026-09-09T21:46:15.277Z"}
{"level":"info","message":"Executed query (\n        SELECT *\n        FROM npwd_twitter_profiles\n        WHERE identifier = ?\n        LIMIT 1\n\t\t [\"C46M9XF9\"]) in 6.3823ms'","module":"DBInterface","timestamp":"2026-09-09T21:46:15.285Z"}
{"level":"info","message":"Executed query (\n        SELECT \n  npwd_twitter_tweets.id,\n  npwd_twitter_tweets.identifier,\n  npwd_twitter_profiles.id AS profile_id,\n  npwd_twitter_profiles.profile_name,\n  npwd_twitter_profiles.avatar_url,\n  npwd_twitter_tweets.likes,\n  npwd_twitter_tweets.visible,\n  IFNULL(COALESCE(retweets.message, npwd_twitter_tweets.message), '') AS message,\n  IFNULL(COALESCE(retweets.images, npwd_twitter_tweets.images), '') AS images,\n  npwd_twitter_tweets.retweet IS NOT NULL AS isRetweet,\n  retweets.id AS retweetId,\n  retweets_profiles.profile_name AS retweetProfileName,\n  retweets_profiles.avatar_url AS retweetAvatarUrl,\n  npwd_twitter_likes.id IS NOT NULL AS isLiked,\n  npwd_twitter_reports.id IS NOT NULL AS isReported,\n  npwd_twitter_tweets.createdAt,\n  npwd_twitter_tweets.updatedAt,\n  TIME_TO_SEC(TIMEDIFF( NOW(), npwd_twitter_tweets.createdAt)) AS seconds_since_tweet\n\n        FROM npwd_twitter_tweets\n                 LEFT OUTER JOIN npwd_twitter_profiles\n                                 ON npwd_twitter_tweets.identifier = npwd_twitter_profiles.identifier\n                 LEFT OUTER JOIN npwd_twitter_likes ON npwd_twitter_tweets.id = npwd_twitter_likes.tweet_id AND\n                                                       npwd_twitter_likes.profile_id = ?\n                 LEFT OUTER JOIN npwd_twitter_reports ON npwd_twitter_tweets.id = npwd_twitter_reports.tweet_id AND\n                                                         npwd_twitter_reports.profile_id = ?\n                 LEFT OUTER JOIN npwd_twitter_tweets AS retweets ON retweets.id = npwd_twitter_tweets.retweet\n                 LEFT OUTER JOIN npwd_twitter_profiles AS retweets_profiles\n                                 ON retweets.identifier = retweets_profiles.identifier\n        WHERE npwd_twitter_tweets.visible = 1\n        ORDER BY id DESC\n        LIMIT ? OFFSET ?\n\t\t [1,1,\"25\",\"0\"]) in 3.5096ms'","module":"DBInterface","timestamp":"2026-09-09T21:46:15.288Z"}
{"level":"silly","message":"Response Promise Event npwd:fetchTweets:e2634143-45af-499d-a91e-b28a2df8fc09 (11.9898ms), Data >>","module":"events","timestamp":"2026-09-09T21:46:15.289Z"}
{"level":"silly","message":{"data":[],"status":"ok"},"module":"events","timestamp":"2026-09-09T21:46:15.289Z"}
{"level":"silly","message":"netPromise > npwd:getOrCreateTwitterProfile > RequestObj","module":"events","timestamp":"2026-09-09T21:46:15.376Z"}
{"level":"silly","message":{"data":null,"source":1},"module":"events","timestamp":"2026-09-09T21:46:15.376Z"}
{"level":"silly","message":"netPromise > phone:getMyProfile > RequestObj","module":"events","timestamp":"2026-09-09T21:46:15.377Z"}
{"level":"silly","message":{"data":null,"source":1},"module":"events","timestamp":"2026-09-09T21:46:15.377Z"}
{"level":"silly","message":"netPromise > npwd:fetchMessageGroups > RequestObj","module":"events","timestamp":"2026-09-09T21:46:15.378Z"}
{"level":"silly","message":{"data":null,"source":1},"module":"events","timestamp":"2026-09-09T21:46:15.378Z"}
{"level":"silly","message":"netPromise > npwd-contact-getAll > RequestObj","module":"events","timestamp":"2026-09-09T21:46:15.378Z"}
{"level":"silly","message":{"data":null,"source":1},"module":"events","timestamp":"2026-09-09T21:46:15.378Z"}
{"level":"info","message":"Executed query (\n        SELECT *\n        FROM npwd_twitter_profiles\n        WHERE identifier = ?\n        LIMIT 1\n\t\t [\"C46M9XF9\"]) in 4.707ms'","module":"DBInterface","timestamp":"2026-09-09T21:46:15.381Z"}
{"level":"silly","message":"Response Promise Event npwd:getOrCreateTwitterProfile:3aefe418-c230-4886-a416-7c548e57ef83 (5.3194ms), Data >>","module":"events","timestamp":"2026-09-09T21:46:15.381Z"}
{"level":"silly","message":{"data":{"avatar_url":"https://i.fivemanage.com/images/3ClWwmpwkFhL.png","createdAt":"2026-09-09T19:58:52.000Z","id":1,"identifier":"C46M9XF9","profile_name":"Aj_Fabela","updatedAt":"2026-09-09T19:58:52.000Z"},"status":"ok"},"module":"events","timestamp":"2026-09-09T21:46:15.382Z"}
{"level":"info","message":"Executed query (\n        SELECT *,\n               UNIX_TIMESTAMP(updatedAt) AS lastActive\n        FROM npwd_match_profiles\n        WHERE identifier = ?\n        LIMIT 1\n\t\t [\"C46M9XF9\"]) in 11.242ms'","module":"DBInterface","timestamp":"2026-09-09T21:46:15.388Z"}
{"level":"silly","message":"Response Promise Event phone:getMyProfile:ac0fe7d2-78d3-4a1c-843c-b72e48d62b5b (12.4832ms), Data >>","module":"events","timestamp":"2026-09-09T21:46:15.389Z"}
{"level":"info","message":"Executed query (SELECT npwd_messages_conversations.id,\n                          npwd_messages_conversations.conversation_list         as conversationList,\n                          npwd_messages_participants.unread_count               as unreadCount,\n                          npwd_messages_conversations.is_group_chat             as isGroupChat,\n                          npwd_messages_conversations.label,\n                          UNIX_TIMESTAMP(npwd_messages_conversations.updatedAt) as updatedAt,\n                          npwd_messages_participants.participant\n                   FROM npwd_messages_conversations\n                            INNER JOIN npwd_messages_participants\n                                       on npwd_messages_conversations.id = npwd_messages_participants.conversation_id\n                   WHERE npwd_messages_participants.participant = ? [\"8158341444\"]) in 11.5883ms'","module":"DBInterface","timestamp":"2026-09-09T21:46:15.390Z"}
{"level":"info","message":"Executed query (SELECT * FROM npwd_phone_contacts WHERE identifier = ? ORDER BY display ASC [\"C46M9XF9\"]) in 11.6081ms'","module":"DBInterface","timestamp":"2026-09-09T21:46:15.390Z"}
{"level":"silly","message":{"data":{"bio":"","createdAt":"2026-09-09T19:58:52.000Z","id":1,"identifier":"C46M9XF9","image":"https://upload.wikimedia.org/wikipedia/commons/a/ac/No_image_available.svg","job":"","lastActive":1788983932,"lastActiveFormatted":"Wed, 09 Sep 2026 19:58:52 GMT","location":"","name":"Aj Fabela","tagList":[],"tags":"","updatedAt":"2026-09-09T19:58:52.000Z","viewed":false,"voiceMessage":null},"status":"ok"},"module":"events","timestamp":"2026-09-09T21:46:15.389Z"}
{"level":"silly","message":"Response Promise Event npwd:fetchMessageGroups:941397b5-d5c5-4996-8b10-0cbbb5badfb3 (11.9195ms), Data >>","module":"events","timestamp":"2026-09-09T21:46:15.390Z"}
{"level":"silly","message":{"data":[],"status":"ok"},"module":"events","timestamp":"2026-09-09T21:46:15.390Z"}
{"level":"silly","message":"Response Promise Event npwd-contact-getAll:3b3ca5c3-d66f-497e-a23d-12cbd19052a8 (11.8491ms), Data >>","module":"events","timestamp":"2026-09-09T21:46:15.390Z"}
{"level":"silly","message":{"data":[],"status":"ok"},"module":"events","timestamp":"2026-09-09T21:46:15.390Z"}
{"level":"debug","message":"Marketplace service started","module":"marketplace","timestamp":"2026-09-09T21:51:21.914Z"}
{"level":"debug","message":"Call service started","module":"calls","timestamp":"2026-09-09T21:51:21.916Z"}
{"level":"debug","message":"Player Service started","module":"player","timestamp":"2026-09-09T21:51:21.917Z"}
{"level":"info","message":"Loading QBX bridge....","timestamp":"2026-09-09T21:51:21.917Z"}
{"level":"info","message":"QBX bridge initialized","timestamp":"2026-09-09T21:51:21.917Z"}
{"level":"debug","message":"Boot service started","module":"boot","timestamp":"2026-09-09T21:51:21.917Z"}
{"level":"debug","message":"Messages service started","module":"messages","timestamp":"2026-09-09T21:51:21.917Z"}
{"level":"debug","message":"Notes service started","module":"notes","timestamp":"2026-09-09T21:51:21.918Z"}
{"level":"debug","message":"Contacts service started","module":"contact","timestamp":"2026-09-09T21:51:21.918Z"}
{"level":"debug","message":"Photo service started","module":"photo","timestamp":"2026-09-09T21:51:21.924Z"}
{"level":"debug","message":"Twitter service started","module":"twitter","timestamp":"2026-09-09T21:51:21.924Z"}
{"level":"debug","message":"Match service started","module":"match","timestamp":"2026-09-09T21:51:21.925Z"}
{"level":"debug","message":"Beginning database schema validation","module":"boot","timestamp":"2026-09-09T21:51:22.588Z"}
{"level":"info","message":"Successfully started","timestamp":"2026-09-09T21:51:22.596Z"}
{"level":"info","message":"Executed query (SELECT COUNT(*) as count\n                       FROM information_schema.tables\n                       WHERE table_schema = ?\n                         AND table_name = ? [\"Qbox_A1B5B5\",\"players\"]) in 66.047ms'","module":"DBInterface","timestamp":"2026-09-09T21:51:22.654Z"}
{"level":"info","message":"Executed query (SHOW COLUMNS IN players []) in 14.8091ms'","module":"DBInterface","timestamp":"2026-09-09T21:51:22.669Z"}
{"level":"debug","message":"Database schema successfully validated","module":"boot","timestamp":"2026-09-09T21:51:22.669Z"}
{"level":"info","message":"New NPWD Player added through event (1) (C46M9XF9)","module":"player","timestamp":"2026-09-09T21:52:45.060Z"}
{"level":"debug","message":{"_firstname":"Aj","_identifier":"C46M9XF9","_lastname":"Fabela","_phoneNumber":"8158341444","source":1,"username":"FieryFusionFX"},"module":"player","timestamp":"2026-09-09T21:52:45.060Z"}
{"level":"info","message":"New NPWD Player added through event (1) (C46M9XF9)","module":"player","timestamp":"2026-09-09T21:52:45.063Z"}
{"level":"debug","message":{"_firstname":"Aj","_identifier":"C46M9XF9","_lastname":"Fabela","_phoneNumber":"8158341444","source":1,"username":"FieryFusionFX"},"module":"player","timestamp":"2026-09-09T21:52:45.063Z"}
{"level":"silly","message":"netPromise > npwd:fetchTweets > RequestObj","module":"events","timestamp":"2026-09-09T21:52:45.156Z"}
{"level":"silly","message":{"data":{"pageId":0},"source":1},"module":"events","timestamp":"2026-09-09T21:52:45.156Z"}
{"level":"info","message":"Executed query (\n        SELECT *\n        FROM npwd_twitter_profiles\n        WHERE identifier = ?\n        LIMIT 1\n\t\t [\"C46M9XF9\"]) in 2.5347ms'","module":"DBInterface","timestamp":"2026-09-09T21:52:45.159Z"}
{"level":"info","message":"Executed query (\n        SELECT \n  npwd_twitter_tweets.id,\n  npwd_twitter_tweets.identifier,\n  npwd_twitter_profiles.id AS profile_id,\n  npwd_twitter_profiles.profile_name,\n  npwd_twitter_profiles.avatar_url,\n  npwd_twitter_tweets.likes,\n  npwd_twitter_tweets.visible,\n  IFNULL(COALESCE(retweets.message, npwd_twitter_tweets.message), '') AS message,\n  IFNULL(COALESCE(retweets.images, npwd_twitter_tweets.images), '') AS images,\n  npwd_twitter_tweets.retweet IS NOT NULL AS isRetweet,\n  retweets.id AS retweetId,\n  retweets_profiles.profile_name AS retweetProfileName,\n  retweets_profiles.avatar_url AS retweetAvatarUrl,\n  npwd_twitter_likes.id IS NOT NULL AS isLiked,\n  npwd_twitter_reports.id IS NOT NULL AS isReported,\n  npwd_twitter_tweets.createdAt,\n  npwd_twitter_tweets.updatedAt,\n  TIME_TO_SEC(TIMEDIFF( NOW(), npwd_twitter_tweets.createdAt)) AS seconds_since_tweet\n\n        FROM npwd_twitter_tweets\n                 LEFT OUTER JOIN npwd_twitter_profiles\n                                 ON npwd_twitter_tweets.identifier = npwd_twitter_profiles.identifier\n                 LEFT OUTER JOIN npwd_twitter_likes ON npwd_twitter_tweets.id = npwd_twitter_likes.tweet_id AND\n                                                       npwd_twitter_likes.profile_id = ?\n                 LEFT OUTER JOIN npwd_twitter_reports ON npwd_twitter_tweets.id = npwd_twitter_reports.tweet_id AND\n                                                         npwd_twitter_reports.profile_id = ?\n                 LEFT OUTER JOIN npwd_twitter_tweets AS retweets ON retweets.id = npwd_twitter_tweets.retweet\n                 LEFT OUTER JOIN npwd_twitter_profiles AS retweets_profiles\n                                 ON retweets.identifier = retweets_profiles.identifier\n        WHERE npwd_twitter_tweets.visible = 1\n        ORDER BY id DESC\n        LIMIT ? OFFSET ?\n\t\t [1,1,\"25\",\"0\"]) in 3.1053ms'","module":"DBInterface","timestamp":"2026-09-09T21:52:45.162Z"}
{"level":"silly","message":"Response Promise Event npwd:fetchTweets:170112f7-eb3a-4958-b683-b31b53788e13 (6.6134ms), Data >>","module":"events","timestamp":"2026-09-09T21:52:45.163Z"}
{"level":"silly","message":{"data":[],"status":"ok"},"module":"events","timestamp":"2026-09-09T21:52:45.163Z"}
{"level":"silly","message":"netPromise > npwd:getOrCreateTwitterProfile > RequestObj","module":"events","timestamp":"2026-09-09T21:52:45.206Z"}
{"level":"silly","message":{"data":null,"source":1},"module":"events","timestamp":"2026-09-09T21:52:45.206Z"}
{"level":"silly","message":"netPromise > phone:getMyProfile > RequestObj","module":"events","timestamp":"2026-09-09T21:52:45.206Z"}
{"level":"silly","message":{"data":null,"source":1},"module":"events","timestamp":"2026-09-09T21:52:45.206Z"}
{"level":"silly","message":"netPromise > npwd:fetchMessageGroups > RequestObj","module":"events","timestamp":"2026-09-09T21:52:45.207Z"}
{"level":"silly","message":{"data":null,"source":1},"module":"events","timestamp":"2026-09-09T21:52:45.207Z"}
{"level":"silly","message":"netPromise > npwd-contact-getAll > RequestObj","module":"events","timestamp":"2026-09-09T21:52:45.209Z"}
{"level":"silly","message":{"data":null,"source":1},"module":"events","timestamp":"2026-09-09T21:52:45.209Z"}
{"level":"info","message":"Executed query (\n        SELECT *\n        FROM npwd_twitter_profiles\n        WHERE identifier = ?\n        LIMIT 1\n\t\t [\"C46M9XF9\"]) in 7.2015ms'","module":"DBInterface","timestamp":"2026-09-09T21:52:45.214Z"}
{"level":"silly","message":"Response Promise Event npwd:getOrCreateTwitterProfile:27fd39e3-7b0c-48d6-acca-5b7f4c34a25c (7.6875ms), Data >>","module":"events","timestamp":"2026-09-09T21:52:45.214Z"}
{"level":"silly","message":{"data":{"avatar_url":"https://i.fivemanage.com/images/3ClWwmpwkFhL.png","createdAt":"2026-09-09T19:58:52.000Z","id":1,"identifier":"C46M9XF9","profile_name":"Aj_Fabela","updatedAt":"2026-09-09T19:58:52.000Z"},"status":"ok"},"module":"events","timestamp":"2026-09-09T21:52:45.214Z"}
{"level":"info","message":"Executed query (\n        SELECT *,\n               UNIX_TIMESTAMP(updatedAt) AS lastActive\n        FROM npwd_match_profiles\n        WHERE identifier = ?\n        LIMIT 1\n\t\t [\"C46M9XF9\"]) in 12.4202ms'","module":"DBInterface","timestamp":"2026-09-09T21:52:45.219Z"}
{"level":"silly","message":"Response Promise Event phone:getMyProfile:cc63275b-f089-47a5-a053-f6f9044db787 (13.0342ms), Data >>","module":"events","timestamp":"2026-09-09T21:52:45.219Z"}
{"level":"info","message":"Executed query (SELECT * FROM npwd_phone_contacts WHERE identifier = ? ORDER BY display ASC [\"C46M9XF9\"]) in 10.9296ms'","module":"DBInterface","timestamp":"2026-09-09T21:52:45.220Z"}
{"level":"info","message":"Executed query (SELECT npwd_messages_conversations.id,\n                          npwd_messages_conversations.conversation_list         as conversationList,\n                          npwd_messages_participants.unread_count               as unreadCount,\n                          npwd_messages_conversations.is_group_chat             as isGroupChat,\n                          npwd_messages_conversations.label,\n                          UNIX_TIMESTAMP(npwd_messages_conversations.updatedAt) as updatedAt,\n                          npwd_messages_participants.participant\n                   FROM npwd_messages_conversations\n                            INNER JOIN npwd_messages_participants\n                                       on npwd_messages_conversations.id = npwd_messages_participants.conversation_id\n                   WHERE npwd_messages_participants.participant = ? [\"8158341444\"]) in 13.3746ms'","module":"DBInterface","timestamp":"2026-09-09T21:52:45.221Z"}
{"level":"silly","message":{"data":{"bio":"","createdAt":"2026-09-09T19:58:52.000Z","id":1,"identifier":"C46M9XF9","image":"https://upload.wikimedia.org/wikipedia/commons/a/ac/No_image_available.svg","job":"","lastActive":1788983932,"lastActiveFormatted":"Wed, 09 Sep 2026 19:58:52 GMT","location":"","name":"Aj Fabela","tagList":[],"tags":"","updatedAt":"2026-09-09T19:58:52.000Z","viewed":false,"voiceMessage":null},"status":"ok"},"module":"events","timestamp":"2026-09-09T21:52:45.220Z"}
{"level":"silly","message":"Response Promise Event npwd-contact-getAll:cfafe7ad-5efa-4a25-b6ff-2e4ee2e114b8 (11.2427ms), Data >>","module":"events","timestamp":"2026-09-09T21:52:45.220Z"}
{"level":"silly","message":{"data":[],"status":"ok"},"module":"events","timestamp":"2026-09-09T21:52:45.220Z"}
{"level":"silly","message":"Response Promise Event npwd:fetchMessageGroups:95fba798-907e-4f33-879e-0a6b6135d778 (13.5972ms), Data >>","module":"events","timestamp":"2026-09-09T21:52:45.221Z"}
{"level":"silly","message":{"data":[],"status":"ok"},"module":"events","timestamp":"2026-09-09T21:52:45.221Z"}
{"level":"debug","message":"Marketplace service started","module":"marketplace","timestamp":"2026-09-09T21:56:42.318Z"}
{"level":"debug","message":"Call service started","module":"calls","timestamp":"2026-09-09T21:56:42.319Z"}
{"level":"debug","message":"Player Service started","module":"player","timestamp":"2026-09-09T21:56:42.320Z"}
{"level":"info","message":"Loading QBX bridge....","timestamp":"2026-09-09T21:56:42.320Z"}
{"level":"info","message":"QBX bridge initialized","timestamp":"2026-09-09T21:56:42.320Z"}
{"level":"debug","message":"Boot service started","module":"boot","timestamp":"2026-09-09T21:56:42.320Z"}
{"level":"debug","message":"Messages service started","module":"messages","timestamp":"2026-09-09T21:56:42.320Z"}
{"level":"debug","message":"Notes service started","module":"notes","timestamp":"2026-09-09T21:56:42.321Z"}
{"level":"debug","message":"Contacts service started","module":"contact","timestamp":"2026-09-09T21:56:42.321Z"}
{"level":"debug","message":"Photo service started","module":"photo","timestamp":"2026-09-09T21:56:42.327Z"}
{"level":"debug","message":"Twitter service started","module":"twitter","timestamp":"2026-09-09T21:56:42.327Z"}
{"level":"debug","message":"Match service started","module":"match","timestamp":"2026-09-09T21:56:42.327Z"}
{"level":"debug","message":"Beginning database schema validation","module":"boot","timestamp":"2026-09-09T21:56:42.960Z"}
{"level":"info","message":"Successfully started","timestamp":"2026-09-09T21:56:42.968Z"}
{"level":"info","message":"Executed query (SELECT COUNT(*) as count\n                       FROM information_schema.tables\n                       WHERE table_schema = ?\n                         AND table_name = ? [\"Qbox_A1B5B5\",\"players\"]) in 63.7986ms'","module":"DBInterface","timestamp":"2026-09-09T21:56:43.025Z"}
{"level":"info","message":"Executed query (SHOW COLUMNS IN players []) in 14.6281ms'","module":"DBInterface","timestamp":"2026-09-09T21:56:43.039Z"}
{"level":"debug","message":"Database schema successfully validated","module":"boot","timestamp":"2026-09-09T21:56:43.040Z"}
{"level":"info","message":"New NPWD Player added through event (1) (C46M9XF9)","module":"player","timestamp":"2026-09-09T21:57:52.078Z"}
{"level":"debug","message":{"_firstname":"Aj","_identifier":"C46M9XF9","_lastname":"Fabela","_phoneNumber":"8158341444","source":1,"username":"FieryFusionFX"},"module":"player","timestamp":"2026-09-09T21:57:52.078Z"}
{"level":"info","message":"New NPWD Player added through event (1) (C46M9XF9)","module":"player","timestamp":"2026-09-09T21:57:52.081Z"}
{"level":"debug","message":{"_firstname":"Aj","_identifier":"C46M9XF9","_lastname":"Fabela","_phoneNumber":"8158341444","source":1,"username":"FieryFusionFX"},"module":"player","timestamp":"2026-09-09T21:57:52.081Z"}
{"level":"silly","message":"netPromise > npwd:fetchTweets > RequestObj","module":"events","timestamp":"2026-09-09T21:57:52.123Z"}
{"level":"silly","message":{"data":{"pageId":0},"source":1},"module":"events","timestamp":"2026-09-09T21:57:52.124Z"}
{"level":"info","message":"Executed query (\n        SELECT *\n        FROM npwd_twitter_profiles\n        WHERE identifier = ?\n        LIMIT 1\n\t\t [\"C46M9XF9\"]) in 2.7816ms'","module":"DBInterface","timestamp":"2026-09-09T21:57:52.127Z"}
{"level":"info","message":"Executed query (\n        SELECT \n  npwd_twitter_tweets.id,\n  npwd_twitter_tweets.identifier,\n  npwd_twitter_profiles.id AS profile_id,\n  npwd_twitter_profiles.profile_name,\n  npwd_twitter_profiles.avatar_url,\n  npwd_twitter_tweets.likes,\n  npwd_twitter_tweets.visible,\n  IFNULL(COALESCE(retweets.message, npwd_twitter_tweets.message), '') AS message,\n  IFNULL(COALESCE(retweets.images, npwd_twitter_tweets.images), '') AS images,\n  npwd_twitter_tweets.retweet IS NOT NULL AS isRetweet,\n  retweets.id AS retweetId,\n  retweets_profiles.profile_name AS retweetProfileName,\n  retweets_profiles.avatar_url AS retweetAvatarUrl,\n  npwd_twitter_likes.id IS NOT NULL AS isLiked,\n  npwd_twitter_reports.id IS NOT NULL AS isReported,\n  npwd_twitter_tweets.createdAt,\n  npwd_twitter_tweets.updatedAt,\n  TIME_TO_SEC(TIMEDIFF( NOW(), npwd_twitter_tweets.createdAt)) AS seconds_since_tweet\n\n        FROM npwd_twitter_tweets\n                 LEFT OUTER JOIN npwd_twitter_profiles\n                                 ON npwd_twitter_tweets.identifier = npwd_twitter_profiles.identifier\n                 LEFT OUTER JOIN npwd_twitter_likes ON npwd_twitter_tweets.id = npwd_twitter_likes.tweet_id AND\n                                                       npwd_twitter_likes.profile_id = ?\n                 LEFT OUTER JOIN npwd_twitter_reports ON npwd_twitter_tweets.id = npwd_twitter_reports.tweet_id AND\n                                                         npwd_twitter_reports.profile_id = ?\n                 LEFT OUTER JOIN npwd_twitter_tweets AS retweets ON retweets.id = npwd_twitter_tweets.retweet\n                 LEFT OUTER JOIN npwd_twitter_profiles AS retweets_profiles\n                                 ON retweets.identifier = retweets_profiles.identifier\n        WHERE npwd_twitter_tweets.visible = 1\n        ORDER BY id DESC\n        LIMIT ? OFFSET ?\n\t\t [1,1,\"25\",\"0\"]) in 2.9347ms'","module":"DBInterface","timestamp":"2026-09-09T21:57:52.130Z"}
{"level":"silly","message":"Response Promise Event npwd:fetchTweets:2791e8f8-1748-4368-a87f-5c0d4653aab5 (6.6598ms), Data >>","module":"events","timestamp":"2026-09-09T21:57:52.130Z"}
{"level":"silly","message":{"data":[],"status":"ok"},"module":"events","timestamp":"2026-09-09T21:57:52.130Z"}
{"level":"silly","message":"netPromise > npwd:getOrCreateTwitterProfile > RequestObj","module":"events","timestamp":"2026-09-09T21:57:52.174Z"}
{"level":"silly","message":{"data":null,"source":1},"module":"events","timestamp":"2026-09-09T21:57:52.174Z"}
{"level":"silly","message":"netPromise > phone:getMyProfile > RequestObj","module":"events","timestamp":"2026-09-09T21:57:52.174Z"}
{"level":"silly","message":{"data":null,"source":1},"module":"events","timestamp":"2026-09-09T21:57:52.174Z"}
{"level":"silly","message":"netPromise > npwd:fetchMessageGroups > RequestObj","module":"events","timestamp":"2026-09-09T21:57:52.175Z"}
{"level":"silly","message":{"data":null,"source":1},"module":"events","timestamp":"2026-09-09T21:57:52.175Z"}
{"level":"silly","message":"netPromise > npwd-contact-getAll > RequestObj","module":"events","timestamp":"2026-09-09T21:57:52.175Z"}
{"level":"silly","message":{"data":null,"source":1},"module":"events","timestamp":"2026-09-09T21:57:52.175Z"}
{"level":"info","message":"Executed query (\n        SELECT *\n        FROM npwd_twitter_profiles\n        WHERE identifier = ?\n        LIMIT 1\n\t\t [\"C46M9XF9\"]) in 5.1145ms'","module":"DBInterface","timestamp":"2026-09-09T21:57:52.179Z"}
{"level":"silly","message":"Response Promise Event npwd:getOrCreateTwitterProfile:caf39298-61d8-4f19-b775-fdf99a7a6220 (5.7711ms), Data >>","module":"events","timestamp":"2026-09-09T21:57:52.180Z"}
{"level":"silly","message":{"data":{"avatar_url":"https://i.fivemanage.com/images/3ClWwmpwkFhL.png","createdAt":"2026-09-09T19:58:52.000Z","id":1,"identifier":"C46M9XF9","profile_name":"Aj_Fabela","updatedAt":"2026-09-09T19:58:52.000Z"},"status":"ok"},"module":"events","timestamp":"2026-09-09T21:57:52.180Z"}
{"level":"info","message":"Executed query (SELECT npwd_messages_conversations.id,\n                          npwd_messages_conversations.conversation_list         as conversationList,\n                          npwd_messages_participants.unread_count               as unreadCount,\n                          npwd_messages_conversations.is_group_chat             as isGroupChat,\n                          npwd_messages_conversations.label,\n                          UNIX_TIMESTAMP(npwd_messages_conversations.updatedAt) as updatedAt,\n                          npwd_messages_participants.participant\n                   FROM npwd_messages_conversations\n                            INNER JOIN npwd_messages_participants\n                                       on npwd_messages_conversations.id = npwd_messages_participants.conversation_id\n                   WHERE npwd_messages_participants.participant = ? [\"8158341444\"]) in 9.4196ms'","module":"DBInterface","timestamp":"2026-09-09T21:57:52.185Z"}
{"level":"silly","message":"Response Promise Event npwd:fetchMessageGroups:99eadb30-2f98-41cb-829b-a866d2300d29 (9.6851ms), Data >>","module":"events","timestamp":"2026-09-09T21:57:52.185Z"}
{"level":"info","message":"Executed query (\n        SELECT *,\n               UNIX_TIMESTAMP(updatedAt) AS lastActive\n        FROM npwd_match_profiles\n        WHERE identifier = ?\n        LIMIT 1\n\t\t [\"C46M9XF9\"]) in 12.7065ms'","module":"DBInterface","timestamp":"2026-09-09T21:57:52.187Z"}
{"level":"info","message":"Executed query (SELECT * FROM npwd_phone_contacts WHERE identifier = ? ORDER BY display ASC [\"C46M9XF9\"]) in 13.3088ms'","module":"DBInterface","timestamp":"2026-09-09T21:57:52.189Z"}
{"level":"silly","message":{"data":[],"status":"ok"},"module":"events","timestamp":"2026-09-09T21:57:52.185Z"}
{"level":"silly","message":"Response Promise Event phone:getMyProfile:f0f750d6-dcef-4740-a060-6ab1f8cf10f6 (13.8874ms), Data >>","module":"events","timestamp":"2026-09-09T21:57:52.188Z"}
{"level":"silly","message":{"data":{"bio":"","createdAt":"2026-09-09T19:58:52.000Z","id":1,"identifier":"C46M9XF9","image":"https://upload.wikimedia.org/wikipedia/commons/a/ac/No_image_available.svg","job":"","lastActive":1788983932,"lastActiveFormatted":"Wed, 09 Sep 2026 19:58:52 GMT","location":"","name":"Aj Fabela","tagList":[],"tags":"","updatedAt":"2026-09-09T19:58:52.000Z","viewed":false,"voiceMessage":null},"status":"ok"},"module":"events","timestamp":"2026-09-09T21:57:52.188Z"}
{"level":"silly","message":"Response Promise Event npwd-contact-getAll:eb8430b9-7b7b-4979-8377-e3b3be68bcb1 (13.5257ms), Data >>","module":"events","timestamp":"2026-09-09T21:57:52.189Z"}
{"level":"silly","message":{"data":[],"status":"ok"},"module":"events","timestamp":"2026-09-09T21:57:52.189Z"}
{"level":"debug","message":"Marketplace service started","module":"marketplace","timestamp":"2026-09-09T22:08:43.620Z"}
{"level":"debug","message":"Call service started","module":"calls","timestamp":"2026-09-09T22:08:43.621Z"}
{"level":"debug","message":"Player Service started","module":"player","timestamp":"2026-09-09T22:08:43.622Z"}
{"level":"info","message":"Loading QBX bridge....","timestamp":"2026-09-09T22:08:43.622Z"}
{"level":"info","message":"QBX bridge initialized","timestamp":"2026-09-09T22:08:43.622Z"}
{"level":"debug","message":"Boot service started","module":"boot","timestamp":"2026-09-09T22:08:43.622Z"}
{"level":"debug","message":"Messages service started","module":"messages","timestamp":"2026-09-09T22:08:43.623Z"}
{"level":"debug","message":"Notes service started","module":"notes","timestamp":"2026-09-09T22:08:43.623Z"}
{"level":"debug","message":"Contacts service started","module":"contact","timestamp":"2026-09-09T22:08:43.623Z"}
{"level":"debug","message":"Photo service started","module":"photo","timestamp":"2026-09-09T22:08:43.631Z"}
{"level":"debug","message":"Twitter service started","module":"twitter","timestamp":"2026-09-09T22:08:43.631Z"}
{"level":"debug","message":"Match service started","module":"match","timestamp":"2026-09-09T22:08:43.631Z"}
{"level":"debug","message":"Beginning database schema validation","module":"boot","timestamp":"2026-09-09T22:08:44.306Z"}
{"level":"info","message":"Successfully started","timestamp":"2026-09-09T22:08:44.313Z"}
{"level":"info","message":"Executed query (SELECT COUNT(*) as count\n                       FROM information_schema.tables\n                       WHERE table_schema = ?\n                         AND table_name = ? [\"Qbox_A1B5B5\",\"players\"]) in 85.4109ms'","module":"DBInterface","timestamp":"2026-09-09T22:08:44.392Z"}
{"level":"info","message":"Executed query (SHOW COLUMNS IN players []) in 15.6002ms'","module":"DBInterface","timestamp":"2026-09-09T22:08:44.408Z"}
{"level":"debug","message":"Database schema successfully validated","module":"boot","timestamp":"2026-09-09T22:08:44.408Z"}
{"level":"debug","message":"1 failed to unload, likely was never loaded in the first place.","module":"player","timestamp":"2026-09-09T22:09:52.731Z"}
{"level":"info","message":"New NPWD Player added through event (2) (C46M9XF9)","module":"player","timestamp":"2026-09-09T22:11:09.214Z"}
{"level":"debug","message":{"_firstname":"Aj","_identifier":"C46M9XF9","_lastname":"Fabela","_phoneNumber":"8158341444","source":2,"username":"FieryFusionFX"},"module":"player","timestamp":"2026-09-09T22:11:09.214Z"}
{"level":"info","message":"New NPWD Player added through event (2) (C46M9XF9)","module":"player","timestamp":"2026-09-09T22:11:09.219Z"}
{"level":"debug","message":{"_firstname":"Aj","_identifier":"C46M9XF9","_lastname":"Fabela","_phoneNumber":"8158341444","source":2,"username":"FieryFusionFX"},"module":"player","timestamp":"2026-09-09T22:11:09.219Z"}
{"level":"silly","message":"netPromise > npwd:fetchTweets > RequestObj","module":"events","timestamp":"2026-09-09T22:11:09.261Z"}
{"level":"silly","message":{"data":{"pageId":0},"source":2},"module":"events","timestamp":"2026-09-09T22:11:09.261Z"}
{"level":"info","message":"Executed query (\n        SELECT *\n        FROM npwd_twitter_profiles\n        WHERE identifier = ?\n        LIMIT 1\n\t\t [\"C46M9XF9\"]) in 4.0887ms'","module":"DBInterface","timestamp":"2026-09-09T22:11:09.266Z"}
{"level":"info","message":"Executed query (\n        SELECT \n  npwd_twitter_tweets.id,\n  npwd_twitter_tweets.identifier,\n  npwd_twitter_profiles.id AS profile_id,\n  npwd_twitter_profiles.profile_name,\n  npwd_twitter_profiles.avatar_url,\n  npwd_twitter_tweets.likes,\n  npwd_twitter_tweets.visible,\n  IFNULL(COALESCE(retweets.message, npwd_twitter_tweets.message), '') AS message,\n  IFNULL(COALESCE(retweets.images, npwd_twitter_tweets.images), '') AS images,\n  npwd_twitter_tweets.retweet IS NOT NULL AS isRetweet,\n  retweets.id AS retweetId,\n  retweets_profiles.profile_name AS retweetProfileName,\n  retweets_profiles.avatar_url AS retweetAvatarUrl,\n  npwd_twitter_likes.id IS NOT NULL AS isLiked,\n  npwd_twitter_reports.id IS NOT NULL AS isReported,\n  npwd_twitter_tweets.createdAt,\n  npwd_twitter_tweets.updatedAt,\n  TIME_TO_SEC(TIMEDIFF( NOW(), npwd_twitter_tweets.createdAt)) AS seconds_since_tweet\n\n        FROM npwd_twitter_tweets\n                 LEFT OUTER JOIN npwd_twitter_profiles\n                                 ON npwd_twitter_tweets.identifier = npwd_twitter_profiles.identifier\n                 LEFT OUTER JOIN npwd_twitter_likes ON npwd_twitter_tweets.id = npwd_twitter_likes.tweet_id AND\n                                                       npwd_twitter_likes.profile_id = ?\n                 LEFT OUTER JOIN npwd_twitter_reports ON npwd_twitter_tweets.id = npwd_twitter_reports.tweet_id AND\n                                                         npwd_twitter_reports.profile_id = ?\n                 LEFT OUTER JOIN npwd_twitter_tweets AS retweets ON retweets.id = npwd_twitter_tweets.retweet\n                 LEFT OUTER JOIN npwd_twitter_profiles AS retweets_profiles\n                                 ON retweets.identifier = retweets_profiles.identifier\n        WHERE npwd_twitter_tweets.visible = 1\n        ORDER BY id DESC\n        LIMIT ? OFFSET ?\n\t\t [1,1,\"25\",\"0\"]) in 3.0782ms'","module":"DBInterface","timestamp":"2026-09-09T22:11:09.269Z"}
{"level":"silly","message":"Response Promise Event npwd:fetchTweets:9a6e7b83-8530-4f9b-9835-06d79e9b1a3b (8.1872ms), Data >>","module":"events","timestamp":"2026-09-09T22:11:09.269Z"}
{"level":"silly","message":{"data":[],"status":"ok"},"module":"events","timestamp":"2026-09-09T22:11:09.269Z"}
{"level":"silly","message":"netPromise > npwd:getOrCreateTwitterProfile > RequestObj","module":"events","timestamp":"2026-09-09T22:11:09.363Z"}
{"level":"silly","message":{"data":null,"source":2},"module":"events","timestamp":"2026-09-09T22:11:09.364Z"}
{"level":"silly","message":"netPromise > phone:getMyProfile > RequestObj","module":"events","timestamp":"2026-09-09T22:11:09.364Z"}
{"level":"silly","message":{"data":null,"source":2},"module":"events","timestamp":"2026-09-09T22:11:09.364Z"}
{"level":"silly","message":"netPromise > npwd:fetchMessageGroups > RequestObj","module":"events","timestamp":"2026-09-09T22:11:09.365Z"}
{"level":"silly","message":{"data":null,"source":2},"module":"events","timestamp":"2026-09-09T22:11:09.365Z"}
{"level":"silly","message":"netPromise > npwd-contact-getAll > RequestObj","module":"events","timestamp":"2026-09-09T22:11:09.366Z"}
{"level":"silly","message":{"data":null,"source":2},"module":"events","timestamp":"2026-09-09T22:11:09.366Z"}
{"level":"info","message":"Executed query (\n        SELECT *\n        FROM npwd_twitter_profiles\n        WHERE identifier = ?\n        LIMIT 1\n\t\t [\"C46M9XF9\"]) in 4.5987ms'","module":"DBInterface","timestamp":"2026-09-09T22:11:09.368Z"}
{"level":"silly","message":"Response Promise Event npwd:getOrCreateTwitterProfile:dfc64fc4-5523-4976-a78e-bb9daaf2649c (5.1194ms), Data >>","module":"events","timestamp":"2026-09-09T22:11:09.369Z"}
{"level":"silly","message":{"data":{"avatar_url":"https://i.fivemanage.com/images/3ClWwmpwkFhL.png","createdAt":"2026-09-09T19:58:52.000Z","id":1,"identifier":"C46M9XF9","profile_name":"Aj_Fabela","updatedAt":"2026-09-09T19:58:52.000Z"},"status":"ok"},"module":"events","timestamp":"2026-09-09T22:11:09.369Z"}
{"level":"info","message":"Executed query (SELECT * FROM npwd_phone_contacts WHERE identifier = ? ORDER BY display ASC [\"C46M9XF9\"]) in 7.6461ms'","module":"DBInterface","timestamp":"2026-09-09T22:11:09.373Z"}
{"level":"silly","message":"Response Promise Event npwd-contact-getAll:a51f4339-60d8-4780-a4a7-730fa0e5d394 (7.8972ms), Data >>","module":"events","timestamp":"2026-09-09T22:11:09.374Z"}
{"level":"info","message":"Executed query (\n        SELECT *,\n               UNIX_TIMESTAMP(updatedAt) AS lastActive\n        FROM npwd_match_profiles\n        WHERE identifier = ?\n        LIMIT 1\n\t\t [\"C46M9XF9\"]) in 12.0767ms'","module":"DBInterface","timestamp":"2026-09-09T22:11:09.376Z"}
{"level":"info","message":"Executed query (SELECT npwd_messages_conversations.id,\n                          npwd_messages_conversations.conversation_list         as conversationList,\n                          npwd_messages_participants.unread_count               as unreadCount,\n                          npwd_messages_conversations.is_group_chat             as isGroupChat,\n                          npwd_messages_conversations.label,\n                          UNIX_TIMESTAMP(npwd_messages_conversations.updatedAt) as updatedAt,\n                          npwd_messages_participants.participant\n                   FROM npwd_messages_conversations\n                            INNER JOIN npwd_messages_participants\n                                       on npwd_messages_conversations.id = npwd_messages_participants.conversation_id\n                   WHERE npwd_messages_participants.participant = ? [\"8158341444\"]) in 12.4423ms'","module":"DBInterface","timestamp":"2026-09-09T22:11:09.377Z"}
{"level":"silly","message":{"data":[],"status":"ok"},"module":"events","timestamp":"2026-09-09T22:11:09.374Z"}
{"level":"silly","message":"Response Promise Event phone:getMyProfile:f3cba5b5-c9f6-4de5-aa67-301cea64398b (12.896ms), Data >>","module":"events","timestamp":"2026-09-09T22:11:09.377Z"}
{"level":"silly","message":{"data":{"bio":"","createdAt":"2026-09-09T19:58:52.000Z","id":1,"identifier":"C46M9XF9","image":"https://upload.wikimedia.org/wikipedia/commons/a/ac/No_image_available.svg","job":"","lastActive":1788983932,"lastActiveFormatted":"Wed, 09 Sep 2026 19:58:52 GMT","location":"","name":"Aj Fabela","tagList":[],"tags":"","updatedAt":"2026-09-09T19:58:52.000Z","viewed":false,"voiceMessage":null},"status":"ok"},"module":"events","timestamp":"2026-09-09T22:11:09.377Z"}
{"level":"silly","message":"Response Promise Event npwd:fetchMessageGroups:c874c5cf-cffe-41db-bd91-f3ca805714b8 (12.7086ms), Data >>","module":"events","timestamp":"2026-09-09T22:11:09.377Z"}
{"level":"silly","message":{"data":[],"status":"ok"},"module":"events","timestamp":"2026-09-09T22:11:09.378Z"}
{"level":"debug","message":"Marketplace service started","module":"marketplace","timestamp":"2026-09-09T22:16:15.383Z"}
{"level":"debug","message":"Call service started","module":"calls","timestamp":"2026-09-09T22:16:15.385Z"}
{"level":"debug","message":"Player Service started","module":"player","timestamp":"2026-09-09T22:16:15.385Z"}
{"level":"info","message":"Loading QBX bridge....","timestamp":"2026-09-09T22:16:15.385Z"}
{"level":"info","message":"QBX bridge initialized","timestamp":"2026-09-09T22:16:15.385Z"}
{"level":"debug","message":"Boot service started","module":"boot","timestamp":"2026-09-09T22:16:15.386Z"}
{"level":"debug","message":"Messages service started","module":"messages","timestamp":"2026-09-09T22:16:15.386Z"}
{"level":"debug","message":"Notes service started","module":"notes","timestamp":"2026-09-09T22:16:15.386Z"}
{"level":"debug","message":"Contacts service started","module":"contact","timestamp":"2026-09-09T22:16:15.386Z"}
{"level":"debug","message":"Photo service started","module":"photo","timestamp":"2026-09-09T22:16:15.392Z"}
{"level":"debug","message":"Twitter service started","module":"twitter","timestamp":"2026-09-09T22:16:15.392Z"}
{"level":"debug","message":"Match service started","module":"match","timestamp":"2026-09-09T22:16:15.393Z"}
{"level":"debug","message":"Beginning database schema validation","module":"boot","timestamp":"2026-09-09T22:16:16.073Z"}
{"level":"info","message":"Successfully started","timestamp":"2026-09-09T22:16:16.081Z"}
{"level":"info","message":"Executed query (SELECT COUNT(*) as count\n                       FROM information_schema.tables\n                       WHERE table_schema = ?\n                         AND table_name = ? [\"Qbox_A1B5B5\",\"players\"]) in 65.6382ms'","module":"DBInterface","timestamp":"2026-09-09T22:16:16.139Z"}
{"level":"info","message":"Executed query (SHOW COLUMNS IN players []) in 16.7844ms'","module":"DBInterface","timestamp":"2026-09-09T22:16:16.156Z"}
{"level":"debug","message":"Database schema successfully validated","module":"boot","timestamp":"2026-09-09T22:16:16.157Z"}
{"level":"info","message":"New NPWD Player added through event (1) (C46M9XF9)","module":"player","timestamp":"2026-09-09T22:18:30.965Z"}
{"level":"debug","message":{"_firstname":"Aj","_identifier":"C46M9XF9","_lastname":"Fabela","_phoneNumber":"8158341444","source":1,"username":"FieryFusionFX"},"module":"player","timestamp":"2026-09-09T22:18:30.965Z"}
{"level":"info","message":"New NPWD Player added through event (1) (C46M9XF9)","module":"player","timestamp":"2026-09-09T22:18:30.968Z"}
{"level":"debug","message":{"_firstname":"Aj","_identifier":"C46M9XF9","_lastname":"Fabela","_phoneNumber":"8158341444","source":1,"username":"FieryFusionFX"},"module":"player","timestamp":"2026-09-09T22:18:30.968Z"}
{"level":"silly","message":"netPromise > npwd:fetchTweets > RequestObj","module":"events","timestamp":"2026-09-09T22:18:31.012Z"}
{"level":"silly","message":{"data":{"pageId":0},"source":1},"module":"events","timestamp":"2026-09-09T22:18:31.012Z"}
{"level":"info","message":"Executed query (\n        SELECT *\n        FROM npwd_twitter_profiles\n        WHERE identifier = ?\n        LIMIT 1\n\t\t [\"C46M9XF9\"]) in 3.8008ms'","module":"DBInterface","timestamp":"2026-09-09T22:18:31.016Z"}
{"level":"info","message":"Executed query (\n        SELECT \n  npwd_twitter_tweets.id,\n  npwd_twitter_tweets.identifier,\n  npwd_twitter_profiles.id AS profile_id,\n  npwd_twitter_profiles.profile_name,\n  npwd_twitter_profiles.avatar_url,\n  npwd_twitter_tweets.likes,\n  npwd_twitter_tweets.visible,\n  IFNULL(COALESCE(retweets.message, npwd_twitter_tweets.message), '') AS message,\n  IFNULL(COALESCE(retweets.images, npwd_twitter_tweets.images), '') AS images,\n  npwd_twitter_tweets.retweet IS NOT NULL AS isRetweet,\n  retweets.id AS retweetId,\n  retweets_profiles.profile_name AS retweetProfileName,\n  retweets_profiles.avatar_url AS retweetAvatarUrl,\n  npwd_twitter_likes.id IS NOT NULL AS isLiked,\n  npwd_twitter_reports.id IS NOT NULL AS isReported,\n  npwd_twitter_tweets.createdAt,\n  npwd_twitter_tweets.updatedAt,\n  TIME_TO_SEC(TIMEDIFF( NOW(), npwd_twitter_tweets.createdAt)) AS seconds_since_tweet\n\n        FROM npwd_twitter_tweets\n                 LEFT OUTER JOIN npwd_twitter_profiles\n                                 ON npwd_twitter_tweets.identifier = npwd_twitter_profiles.identifier\n                 LEFT OUTER JOIN npwd_twitter_likes ON npwd_twitter_tweets.id = npwd_twitter_likes.tweet_id AND\n                                                       npwd_twitter_likes.profile_id = ?\n                 LEFT OUTER JOIN npwd_twitter_reports ON npwd_twitter_tweets.id = npwd_twitter_reports.tweet_id AND\n                                                         npwd_twitter_reports.profile_id = ?\n                 LEFT OUTER JOIN npwd_twitter_tweets AS retweets ON retweets.id = npwd_twitter_tweets.retweet\n                 LEFT OUTER JOIN npwd_twitter_profiles AS retweets_profiles\n                                 ON retweets.identifier = retweets_profiles.identifier\n        WHERE npwd_twitter_tweets.visible = 1\n        ORDER BY id DESC\n        LIMIT ? OFFSET ?\n\t\t [1,1,\"25\",\"0\"]) in 3.6601ms'","module":"DBInterface","timestamp":"2026-09-09T22:18:31.020Z"}
{"level":"silly","message":"Response Promise Event npwd:fetchTweets:713aca25-f1eb-486a-b634-547288f54d98 (8.4797ms), Data >>","module":"events","timestamp":"2026-09-09T22:18:31.020Z"}
{"level":"silly","message":{"data":[],"status":"ok"},"module":"events","timestamp":"2026-09-09T22:18:31.020Z"}
{"level":"silly","message":"netPromise > npwd:getOrCreateTwitterProfile > RequestObj","module":"events","timestamp":"2026-09-09T22:18:31.062Z"}
{"level":"silly","message":{"data":null,"source":1},"module":"events","timestamp":"2026-09-09T22:18:31.062Z"}
{"level":"silly","message":"netPromise > phone:getMyProfile > RequestObj","module":"events","timestamp":"2026-09-09T22:18:31.062Z"}
{"level":"silly","message":{"data":null,"source":1},"module":"events","timestamp":"2026-09-09T22:18:31.062Z"}
{"level":"silly","message":"netPromise > npwd:fetchMessageGroups > RequestObj","module":"events","timestamp":"2026-09-09T22:18:31.063Z"}
{"level":"silly","message":{"data":null,"source":1},"module":"events","timestamp":"2026-09-09T22:18:31.063Z"}
{"level":"silly","message":"netPromise > npwd-contact-getAll > RequestObj","module":"events","timestamp":"2026-09-09T22:18:31.064Z"}
{"level":"silly","message":{"data":null,"source":1},"module":"events","timestamp":"2026-09-09T22:18:31.064Z"}
{"level":"info","message":"Executed query (\n        SELECT *\n        FROM npwd_twitter_profiles\n        WHERE identifier = ?\n        LIMIT 1\n\t\t [\"C46M9XF9\"]) in 5.9958ms'","module":"DBInterface","timestamp":"2026-09-09T22:18:31.068Z"}
{"level":"silly","message":"Response Promise Event npwd:getOrCreateTwitterProfile:5d818ee3-c850-4075-b1de-51b85488b1a4 (6.4803ms), Data >>","module":"events","timestamp":"2026-09-09T22:18:31.068Z"}
{"level":"silly","message":{"data":{"avatar_url":"https://i.fivemanage.com/images/3ClWwmpwkFhL.png","createdAt":"2026-09-09T19:58:52.000Z","id":1,"identifier":"C46M9XF9","profile_name":"Aj_Fabela","updatedAt":"2026-09-09T19:58:52.000Z"},"status":"ok"},"module":"events","timestamp":"2026-09-09T22:18:31.069Z"}
{"level":"info","message":"Executed query (\n        SELECT *,\n               UNIX_TIMESTAMP(updatedAt) AS lastActive\n        FROM npwd_match_profiles\n        WHERE identifier = ?\n        LIMIT 1\n\t\t [\"C46M9XF9\"]) in 11.5803ms'","module":"DBInterface","timestamp":"2026-09-09T22:18:31.074Z"}
{"level":"silly","message":"Response Promise Event phone:getMyProfile:6c9548fe-3a13-4e84-97b0-8891824574d8 (12.2134ms), Data >>","module":"events","timestamp":"2026-09-09T22:18:31.075Z"}
{"level":"info","message":"Executed query (SELECT npwd_messages_conversations.id,\n                          npwd_messages_conversations.conversation_list         as conversationList,\n                          npwd_messages_participants.unread_count               as unreadCount,\n                          npwd_messages_conversations.is_group_chat             as isGroupChat,\n                          npwd_messages_conversations.label,\n                          UNIX_TIMESTAMP(npwd_messages_conversations.updatedAt) as updatedAt,\n                          npwd_messages_participants.participant\n                   FROM npwd_messages_conversations\n                            INNER JOIN npwd_messages_participants\n                                       on npwd_messages_conversations.id = npwd_messages_participants.conversation_id\n                   WHERE npwd_messages_participants.participant = ? [\"8158341444\"]) in 11.6349ms'","module":"DBInterface","timestamp":"2026-09-09T22:18:31.075Z"}
{"level":"info","message":"Executed query (SELECT * FROM npwd_phone_contacts WHERE identifier = ? ORDER BY display ASC [\"C46M9XF9\"]) in 10.5869ms'","module":"DBInterface","timestamp":"2026-09-09T22:18:31.075Z"}
{"level":"silly","message":{"data":{"bio":"","createdAt":"2026-09-09T19:58:52.000Z","id":1,"identifier":"C46M9XF9","image":"https://upload.wikimedia.org/wikipedia/commons/a/ac/No_image_available.svg","job":"","lastActive":1788983932,"lastActiveFormatted":"Wed, 09 Sep 2026 19:58:52 GMT","location":"","name":"Aj Fabela","tagList":[],"tags":"","updatedAt":"2026-09-09T19:58:52.000Z","viewed":false,"voiceMessage":null},"status":"ok"},"module":"events","timestamp":"2026-09-09T22:18:31.075Z"}
{"level":"silly","message":"Response Promise Event npwd:fetchMessageGroups:69f8ec73-c77a-4b2e-af11-b57b82fdde7d (11.9177ms), Data >>","module":"events","timestamp":"2026-09-09T22:18:31.075Z"}
{"level":"silly","message":{"data":[],"status":"ok"},"module":"events","timestamp":"2026-09-09T22:18:31.075Z"}
{"level":"silly","message":"Response Promise Event npwd-contact-getAll:910e8c4c-e5fa-4aaa-969c-de1a1745ead6 (11.0658ms), Data >>","module":"events","timestamp":"2026-09-09T22:18:31.075Z"}
{"level":"silly","message":{"data":[],"status":"ok"},"module":"events","timestamp":"2026-09-09T22:18:31.075Z"}
{"level":"debug","message":"Marketplace service started","module":"marketplace","timestamp":"2026-09-09T22:18:46.261Z"}
{"level":"debug","message":"Call service started","module":"calls","timestamp":"2026-09-09T22:18:46.262Z"}
{"level":"debug","message":"Player Service started","module":"player","timestamp":"2026-09-09T22:18:46.263Z"}
{"level":"info","message":"Loading QBX bridge....","timestamp":"2026-09-09T22:18:46.263Z"}
{"level":"info","message":"QBX bridge initialized","timestamp":"2026-09-09T22:18:46.263Z"}
{"level":"debug","message":"Boot service started","module":"boot","timestamp":"2026-09-09T22:18:46.263Z"}
{"level":"debug","message":"Messages service started","module":"messages","timestamp":"2026-09-09T22:18:46.263Z"}
{"level":"debug","message":"Notes service started","module":"notes","timestamp":"2026-09-09T22:18:46.264Z"}
{"level":"debug","message":"Contacts service started","module":"contact","timestamp":"2026-09-09T22:18:46.264Z"}
{"level":"debug","message":"Photo service started","module":"photo","timestamp":"2026-09-09T22:18:46.272Z"}
{"level":"debug","message":"Twitter service started","module":"twitter","timestamp":"2026-09-09T22:18:46.272Z"}
{"level":"debug","message":"Match service started","module":"match","timestamp":"2026-09-09T22:18:46.272Z"}
{"level":"debug","message":"Beginning database schema validation","module":"boot","timestamp":"2026-09-09T22:18:46.954Z"}
{"level":"info","message":"Successfully started","timestamp":"2026-09-09T22:18:46.961Z"}
{"level":"info","message":"Executed query (SELECT COUNT(*) as count\n                       FROM information_schema.tables\n                       WHERE table_schema = ?\n                         AND table_name = ? [\"Qbox_A1B5B5\",\"players\"]) in 81.1712ms'","module":"DBInterface","timestamp":"2026-09-09T22:18:47.035Z"}
{"level":"info","message":"Executed query (SHOW COLUMNS IN players []) in 16.3066ms'","module":"DBInterface","timestamp":"2026-09-09T22:18:47.052Z"}
{"level":"debug","message":"Database schema successfully validated","module":"boot","timestamp":"2026-09-09T22:18:47.052Z"}
{"level":"debug","message":"Marketplace service started","module":"marketplace","timestamp":"2026-09-10T01:05:44.963Z"}
{"level":"debug","message":"Call service started","module":"calls","timestamp":"2026-09-10T01:05:44.964Z"}
{"level":"debug","message":"Player Service started","module":"player","timestamp":"2026-09-10T01:05:44.964Z"}
{"level":"info","message":"Loading QBX bridge....","timestamp":"2026-09-10T01:05:44.965Z"}
{"level":"info","message":"QBX bridge initialized","timestamp":"2026-09-10T01:05:44.965Z"}
{"level":"debug","message":"Boot service started","module":"boot","timestamp":"2026-09-10T01:05:44.965Z"}
{"level":"debug","message":"Messages service started","module":"messages","timestamp":"2026-09-10T01:05:44.965Z"}
{"level":"debug","message":"Notes service started","module":"notes","timestamp":"2026-09-10T01:05:44.965Z"}
{"level":"debug","message":"Contacts service started","module":"contact","timestamp":"2026-09-10T01:05:44.965Z"}
{"level":"debug","message":"Photo service started","module":"photo","timestamp":"2026-09-10T01:05:44.970Z"}
{"level":"debug","message":"Twitter service started","module":"twitter","timestamp":"2026-09-10T01:05:44.970Z"}
{"level":"debug","message":"Match service started","module":"match","timestamp":"2026-09-10T01:05:44.970Z"}
{"level":"debug","message":"Beginning database schema validation","module":"boot","timestamp":"2026-09-10T01:05:45.414Z"}
{"level":"info","message":"Successfully started","timestamp":"2026-09-10T01:05:45.419Z"}
{"level":"info","message":"Executed query (SELECT COUNT(*) as count\n                       FROM information_schema.tables\n                       WHERE table_schema = ?\n                         AND table_name = ? [\"Qbox_A1B5B5\",\"players\"]) in 52.8244ms'","module":"DBInterface","timestamp":"2026-09-10T01:05:45.467Z"}
{"level":"info","message":"Executed query (SHOW COLUMNS IN players []) in 11.1082ms'","module":"DBInterface","timestamp":"2026-09-10T01:05:45.478Z"}
{"level":"debug","message":"Database schema successfully validated","module":"boot","timestamp":"2026-09-10T01:05:45.478Z"}
{"level":"info","message":"New NPWD Player added through event (1) (C46M9XF9)","module":"player","timestamp":"2026-09-10T03:56:00.278Z"}
{"level":"debug","message":{"_firstname":"Aj","_identifier":"C46M9XF9","_lastname":"Fabela","_phoneNumber":"8158341444","source":1,"username":"FieryFusionFX"},"module":"player","timestamp":"2026-09-10T03:56:00.278Z"}
{"level":"info","message":"New NPWD Player added through event (1) (C46M9XF9)","module":"player","timestamp":"2026-09-10T03:56:00.280Z"}
{"level":"debug","message":{"_firstname":"Aj","_identifier":"C46M9XF9","_lastname":"Fabela","_phoneNumber":"8158341444","source":1,"username":"FieryFusionFX"},"module":"player","timestamp":"2026-09-10T03:56:00.280Z"}
{"level":"silly","message":"netPromise > npwd:fetchTweets > RequestObj","module":"events","timestamp":"2026-09-10T03:56:00.374Z"}
{"level":"silly","message":{"data":{"pageId":0},"source":1},"module":"events","timestamp":"2026-09-10T03:56:00.374Z"}
{"level":"info","message":"Executed query (\n        SELECT *\n        FROM npwd_twitter_profiles\n        WHERE identifier = ?\n        LIMIT 1\n\t\t [\"C46M9XF9\"]) in 16.9537ms'","module":"DBInterface","timestamp":"2026-09-10T03:56:00.392Z"}
{"level":"info","message":"Executed query (\n        SELECT \n  npwd_twitter_tweets.id,\n  npwd_twitter_tweets.identifier,\n  npwd_twitter_profiles.id AS profile_id,\n  npwd_twitter_profiles.profile_name,\n  npwd_twitter_profiles.avatar_url,\n  npwd_twitter_tweets.likes,\n  npwd_twitter_tweets.visible,\n  IFNULL(COALESCE(retweets.message, npwd_twitter_tweets.message), '') AS message,\n  IFNULL(COALESCE(retweets.images, npwd_twitter_tweets.images), '') AS images,\n  npwd_twitter_tweets.retweet IS NOT NULL AS isRetweet,\n  retweets.id AS retweetId,\n  retweets_profiles.profile_name AS retweetProfileName,\n  retweets_profiles.avatar_url AS retweetAvatarUrl,\n  npwd_twitter_likes.id IS NOT NULL AS isLiked,\n  npwd_twitter_reports.id IS NOT NULL AS isReported,\n  npwd_twitter_tweets.createdAt,\n  npwd_twitter_tweets.updatedAt,\n  TIME_TO_SEC(TIMEDIFF( NOW(), npwd_twitter_tweets.createdAt)) AS seconds_since_tweet\n\n        FROM npwd_twitter_tweets\n                 LEFT OUTER JOIN npwd_twitter_profiles\n                                 ON npwd_twitter_tweets.identifier = npwd_twitter_profiles.identifier\n                 LEFT OUTER JOIN npwd_twitter_likes ON npwd_twitter_tweets.id = npwd_twitter_likes.tweet_id AND\n                                                       npwd_twitter_likes.profile_id = ?\n                 LEFT OUTER JOIN npwd_twitter_reports ON npwd_twitter_tweets.id = npwd_twitter_reports.tweet_id AND\n                                                         npwd_twitter_reports.profile_id = ?\n                 LEFT OUTER JOIN npwd_twitter_tweets AS retweets ON retweets.id = npwd_twitter_tweets.retweet\n                 LEFT OUTER JOIN npwd_twitter_profiles AS retweets_profiles\n                                 ON retweets.identifier = retweets_profiles.identifier\n        WHERE npwd_twitter_tweets.visible = 1\n        ORDER BY id DESC\n        LIMIT ? OFFSET ?\n\t\t [1,1,\"25\",\"0\"]) in 3.1826ms'","module":"DBInterface","timestamp":"2026-09-10T03:56:00.395Z"}
{"level":"silly","message":"Response Promise Event npwd:fetchTweets:0f5f0128-7b65-4b42-8cca-562513c424bf (21.2706ms), Data >>","module":"events","timestamp":"2026-09-10T03:56:00.395Z"}
{"level":"silly","message":{"data":[],"status":"ok"},"module":"events","timestamp":"2026-09-10T03:56:00.395Z"}
{"level":"silly","message":"netPromise > npwd:getOrCreateTwitterProfile > RequestObj","module":"events","timestamp":"2026-09-10T03:56:00.473Z"}
{"level":"silly","message":{"data":null,"source":1},"module":"events","timestamp":"2026-09-10T03:56:00.473Z"}
{"level":"silly","message":"netPromise > phone:getMyProfile > RequestObj","module":"events","timestamp":"2026-09-10T03:56:00.474Z"}
{"level":"silly","message":{"data":null,"source":1},"module":"events","timestamp":"2026-09-10T03:56:00.474Z"}
{"level":"silly","message":"netPromise > npwd:fetchMessageGroups > RequestObj","module":"events","timestamp":"2026-09-10T03:56:00.475Z"}
{"level":"silly","message":{"data":null,"source":1},"module":"events","timestamp":"2026-09-10T03:56:00.475Z"}
{"level":"silly","message":"netPromise > npwd-contact-getAll > RequestObj","module":"events","timestamp":"2026-09-10T03:56:00.475Z"}
{"level":"silly","message":{"data":null,"source":1},"module":"events","timestamp":"2026-09-10T03:56:00.475Z"}
{"level":"info","message":"Executed query (\n        SELECT *\n        FROM npwd_twitter_profiles\n        WHERE identifier = ?\n        LIMIT 1\n\t\t [\"C46M9XF9\"]) in 5.7435ms'","module":"DBInterface","timestamp":"2026-09-10T03:56:00.479Z"}
{"level":"silly","message":"Response Promise Event npwd:getOrCreateTwitterProfile:dee4d5b3-be44-45a6-9045-af57cacf8c4c (6.2954ms), Data >>","module":"events","timestamp":"2026-09-10T03:56:00.480Z"}
{"level":"silly","message":{"data":{"avatar_url":"https://i.fivemanage.com/images/3ClWwmpwkFhL.png","createdAt":"2026-09-09T19:58:52.000Z","id":1,"identifier":"C46M9XF9","profile_name":"Aj_Fabela","updatedAt":"2026-09-09T19:58:52.000Z"},"status":"ok"},"module":"events","timestamp":"2026-09-10T03:56:00.480Z"}
{"level":"info","message":"Executed query (\n        SELECT *,\n               UNIX_TIMESTAMP(updatedAt) AS lastActive\n        FROM npwd_match_profiles\n        WHERE identifier = ?\n        LIMIT 1\n\t\t [\"C46M9XF9\"]) in 11.7655ms'","module":"DBInterface","timestamp":"2026-09-10T03:56:00.486Z"}
{"level":"silly","message":"Response Promise Event phone:getMyProfile:c701ee14-bb35-499f-848c-4e4670bb1ae9 (12.5037ms), Data >>","module":"events","timestamp":"2026-09-10T03:56:00.486Z"}
{"level":"info","message":"Executed query (SELECT npwd_messages_conversations.id,\n                          npwd_messages_conversations.conversation_list         as conversationList,\n                          npwd_messages_participants.unread_count               as unreadCount,\n                          npwd_messages_conversations.is_group_chat             as isGroupChat,\n                          npwd_messages_conversations.label,\n                          UNIX_TIMESTAMP(npwd_messages_conversations.updatedAt) as updatedAt,\n                          npwd_messages_participants.participant\n                   FROM npwd_messages_conversations\n                            INNER JOIN npwd_messages_participants\n                                       on npwd_messages_conversations.id = npwd_messages_participants.conversation_id\n                   WHERE npwd_messages_participants.participant = ? [\"8158341444\"]) in 11.9887ms'","module":"DBInterface","timestamp":"2026-09-10T03:56:00.487Z"}
{"level":"info","message":"Executed query (SELECT * FROM npwd_phone_contacts WHERE identifier = ? ORDER BY display ASC [\"C46M9XF9\"]) in 11.894ms'","module":"DBInterface","timestamp":"2026-09-10T03:56:00.487Z"}
{"level":"silly","message":{"data":{"bio":"","createdAt":"2026-09-09T19:58:52.000Z","id":1,"identifier":"C46M9XF9","image":"https://upload.wikimedia.org/wikipedia/commons/a/ac/No_image_available.svg","job":"","lastActive":1788983932,"lastActiveFormatted":"Wed, 09 Sep 2026 19:58:52 GMT","location":"","name":"Aj Fabela","tagList":[],"tags":"","updatedAt":"2026-09-09T19:58:52.000Z","viewed":false,"voiceMessage":null},"status":"ok"},"module":"events","timestamp":"2026-09-10T03:56:00.487Z"}
{"level":"silly","message":"Response Promise Event npwd:fetchMessageGroups:5b672f21-5979-4f03-97a1-2fc0fc44f49e (12.278ms), Data >>","module":"events","timestamp":"2026-09-10T03:56:00.487Z"}
{"level":"silly","message":{"data":[],"status":"ok"},"module":"events","timestamp":"2026-09-10T03:56:00.487Z"}
{"level":"silly","message":"Response Promise Event npwd-contact-getAll:158abcab-9530-4071-9e7e-9670d66b0ba0 (12.1356ms), Data >>","module":"events","timestamp":"2026-09-10T03:56:00.487Z"}
{"level":"silly","message":{"data":[],"status":"ok"},"module":"events","timestamp":"2026-09-10T03:56:00.487Z"}
{"level":"debug","message":"Marketplace service started","module":"marketplace","timestamp":"2026-09-10T04:08:42.787Z"}
{"level":"debug","message":"Call service started","module":"calls","timestamp":"2026-09-10T04:08:42.788Z"}
{"level":"debug","message":"Player Service started","module":"player","timestamp":"2026-09-10T04:08:42.788Z"}
{"level":"info","message":"Loading QBX bridge....","timestamp":"2026-09-10T04:08:42.788Z"}
{"level":"info","message":"QBX bridge initialized","timestamp":"2026-09-10T04:08:42.789Z"}
{"level":"debug","message":"Boot service started","module":"boot","timestamp":"2026-09-10T04:08:42.789Z"}
{"level":"debug","message":"Messages service started","module":"messages","timestamp":"2026-09-10T04:08:42.790Z"}
{"level":"debug","message":"Notes service started","module":"notes","timestamp":"2026-09-10T04:08:42.790Z"}
{"level":"debug","message":"Contacts service started","module":"contact","timestamp":"2026-09-10T04:08:42.790Z"}
{"level":"debug","message":"Photo service started","module":"photo","timestamp":"2026-09-10T04:08:42.799Z"}
{"level":"debug","message":"Twitter service started","module":"twitter","timestamp":"2026-09-10T04:08:42.799Z"}
{"level":"debug","message":"Match service started","module":"match","timestamp":"2026-09-10T04:08:42.799Z"}
{"level":"debug","message":"Beginning database schema validation","module":"boot","timestamp":"2026-09-10T04:08:43.534Z"}
{"level":"info","message":"Successfully started","timestamp":"2026-09-10T04:08:43.543Z"}
{"level":"info","message":"Executed query (SELECT COUNT(*) as count\n                       FROM information_schema.tables\n                       WHERE table_schema = ?\n                         AND table_name = ? [\"Qbox_A1B5B5\",\"players\"]) in 84.3514ms'","module":"DBInterface","timestamp":"2026-09-10T04:08:43.619Z"}
{"level":"info","message":"Executed query (SHOW COLUMNS IN players []) in 14.6622ms'","module":"DBInterface","timestamp":"2026-09-10T04:08:43.634Z"}
{"level":"debug","message":"Database schema successfully validated","module":"boot","timestamp":"2026-09-10T04:08:43.634Z"}
{"level":"debug","message":"Marketplace service started","module":"marketplace","timestamp":"2026-09-10T04:12:22.729Z"}
{"level":"debug","message":"Call service started","module":"calls","timestamp":"2026-09-10T04:12:22.730Z"}
{"level":"debug","message":"Player Service started","module":"player","timestamp":"2026-09-10T04:12:22.730Z"}
{"level":"info","message":"Loading QBX bridge....","timestamp":"2026-09-10T04:12:22.730Z"}
{"level":"info","message":"QBX bridge initialized","timestamp":"2026-09-10T04:12:22.731Z"}
{"level":"debug","message":"Boot service started","module":"boot","timestamp":"2026-09-10T04:12:22.731Z"}
{"level":"debug","message":"Messages service started","module":"messages","timestamp":"2026-09-10T04:12:22.731Z"}
{"level":"debug","message":"Notes service started","module":"notes","timestamp":"2026-09-10T04:12:22.731Z"}
{"level":"debug","message":"Contacts service started","module":"contact","timestamp":"2026-09-10T04:12:22.732Z"}
{"level":"debug","message":"Photo service started","module":"photo","timestamp":"2026-09-10T04:12:22.737Z"}
{"level":"debug","message":"Twitter service started","module":"twitter","timestamp":"2026-09-10T04:12:22.738Z"}
{"level":"debug","message":"Match service started","module":"match","timestamp":"2026-09-10T04:12:22.739Z"}
{"level":"debug","message":"Beginning database schema validation","module":"boot","timestamp":"2026-09-10T04:12:23.410Z"}
{"level":"info","message":"Successfully started","timestamp":"2026-09-10T04:12:23.418Z"}
{"level":"info","message":"Executed query (SELECT COUNT(*) as count\n                       FROM information_schema.tables\n                       WHERE table_schema = ?\n                         AND table_name = ? [\"Qbox_A1B5B5\",\"players\"]) in 69.2145ms'","module":"DBInterface","timestamp":"2026-09-10T04:12:23.480Z"}
{"level":"info","message":"Executed query (SHOW COLUMNS IN players []) in 16.0584ms'","module":"DBInterface","timestamp":"2026-09-10T04:12:23.496Z"}
{"level":"debug","message":"Database schema successfully validated","module":"boot","timestamp":"2026-09-10T04:12:23.496Z"}
{"level":"info","message":"New NPWD Player added through event (1) (C46M9XF9)","module":"player","timestamp":"2026-09-10T04:13:07.972Z"}
{"level":"debug","message":{"_firstname":"Aj","_identifier":"C46M9XF9","_lastname":"Fabela","_phoneNumber":"8158341444","source":1,"username":"FieryFusionFX"},"module":"player","timestamp":"2026-09-10T04:13:07.972Z"}
{"level":"info","message":"New NPWD Player added through event (1) (C46M9XF9)","module":"player","timestamp":"2026-09-10T04:13:07.975Z"}
{"level":"debug","message":{"_firstname":"Aj","_identifier":"C46M9XF9","_lastname":"Fabela","_phoneNumber":"8158341444","source":1,"username":"FieryFusionFX"},"module":"player","timestamp":"2026-09-10T04:13:07.975Z"}
{"level":"silly","message":"netPromise > npwd:fetchTweets > RequestObj","module":"events","timestamp":"2026-09-10T04:13:08.067Z"}
{"level":"silly","message":{"data":{"pageId":0},"source":1},"module":"events","timestamp":"2026-09-10T04:13:08.068Z"}
{"level":"info","message":"Executed query (\n        SELECT *\n        FROM npwd_twitter_profiles\n        WHERE identifier = ?\n        LIMIT 1\n\t\t [\"C46M9XF9\"]) in 4.7471ms'","module":"DBInterface","timestamp":"2026-09-10T04:13:08.073Z"}
{"level":"info","message":"Executed query (\n        SELECT \n  npwd_twitter_tweets.id,\n  npwd_twitter_tweets.identifier,\n  npwd_twitter_profiles.id AS profile_id,\n  npwd_twitter_profiles.profile_name,\n  npwd_twitter_profiles.avatar_url,\n  npwd_twitter_tweets.likes,\n  npwd_twitter_tweets.visible,\n  IFNULL(COALESCE(retweets.message, npwd_twitter_tweets.message), '') AS message,\n  IFNULL(COALESCE(retweets.images, npwd_twitter_tweets.images), '') AS images,\n  npwd_twitter_tweets.retweet IS NOT NULL AS isRetweet,\n  retweets.id AS retweetId,\n  retweets_profiles.profile_name AS retweetProfileName,\n  retweets_profiles.avatar_url AS retweetAvatarUrl,\n  npwd_twitter_likes.id IS NOT NULL AS isLiked,\n  npwd_twitter_reports.id IS NOT NULL AS isReported,\n  npwd_twitter_tweets.createdAt,\n  npwd_twitter_tweets.updatedAt,\n  TIME_TO_SEC(TIMEDIFF( NOW(), npwd_twitter_tweets.createdAt)) AS seconds_since_tweet\n\n        FROM npwd_twitter_tweets\n                 LEFT OUTER JOIN npwd_twitter_profiles\n                                 ON npwd_twitter_tweets.identifier = npwd_twitter_profiles.identifier\n                 LEFT OUTER JOIN npwd_twitter_likes ON npwd_twitter_tweets.id = npwd_twitter_likes.tweet_id AND\n                                                       npwd_twitter_likes.profile_id = ?\n                 LEFT OUTER JOIN npwd_twitter_reports ON npwd_twitter_tweets.id = npwd_twitter_reports.tweet_id AND\n                                                         npwd_twitter_reports.profile_id = ?\n                 LEFT OUTER JOIN npwd_twitter_tweets AS retweets ON retweets.id = npwd_twitter_tweets.retweet\n                 LEFT OUTER JOIN npwd_twitter_profiles AS retweets_profiles\n                                 ON retweets.identifier = retweets_profiles.identifier\n        WHERE npwd_twitter_tweets.visible = 1\n        ORDER BY id DESC\n        LIMIT ? OFFSET ?\n\t\t [1,1,\"25\",\"0\"]) in 3.992ms'","module":"DBInterface","timestamp":"2026-09-10T04:13:08.077Z"}
{"level":"silly","message":"Response Promise Event npwd:fetchTweets:0ab268df-48ff-4d0f-81aa-34ee81b65e53 (9.7037ms), Data >>","module":"events","timestamp":"2026-09-10T04:13:08.077Z"}
{"level":"silly","message":{"data":[],"status":"ok"},"module":"events","timestamp":"2026-09-10T04:13:08.077Z"}
{"level":"silly","message":"netPromise > npwd:getOrCreateTwitterProfile > RequestObj","module":"events","timestamp":"2026-09-10T04:13:08.117Z"}
{"level":"silly","message":{"data":null,"source":1},"module":"events","timestamp":"2026-09-10T04:13:08.118Z"}
{"level":"silly","message":"netPromise > phone:getMyProfile > RequestObj","module":"events","timestamp":"2026-09-10T04:13:08.118Z"}
{"level":"silly","message":{"data":null,"source":1},"module":"events","timestamp":"2026-09-10T04:13:08.118Z"}
{"level":"silly","message":"netPromise > npwd:fetchMessageGroups > RequestObj","module":"events","timestamp":"2026-09-10T04:13:08.119Z"}
{"level":"silly","message":{"data":null,"source":1},"module":"events","timestamp":"2026-09-10T04:13:08.119Z"}
{"level":"silly","message":"netPromise > npwd-contact-getAll > RequestObj","module":"events","timestamp":"2026-09-10T04:13:08.119Z"}
{"level":"silly","message":{"data":null,"source":1},"module":"events","timestamp":"2026-09-10T04:13:08.119Z"}
{"level":"info","message":"Executed query (\n        SELECT *\n        FROM npwd_twitter_profiles\n        WHERE identifier = ?\n        LIMIT 1\n\t\t [\"C46M9XF9\"]) in 4.6846ms'","module":"DBInterface","timestamp":"2026-09-10T04:13:08.123Z"}
{"level":"silly","message":"Response Promise Event npwd:getOrCreateTwitterProfile:47984099-df1e-4bac-a4e8-46b598ea81e8 (5.2543ms), Data >>","module":"events","timestamp":"2026-09-10T04:13:08.123Z"}
{"level":"silly","message":{"data":{"avatar_url":"https://i.fivemanage.com/images/3ClWwmpwkFhL.png","createdAt":"2026-09-09T19:58:52.000Z","id":1,"identifier":"C46M9XF9","profile_name":"Aj_Fabela","updatedAt":"2026-09-09T19:58:52.000Z"},"status":"ok"},"module":"events","timestamp":"2026-09-10T04:13:08.123Z"}
{"level":"info","message":"Executed query (SELECT npwd_messages_conversations.id,\n                          npwd_messages_conversations.conversation_list         as conversationList,\n                          npwd_messages_participants.unread_count               as unreadCount,\n                          npwd_messages_conversations.is_group_chat             as isGroupChat,\n                          npwd_messages_conversations.label,\n                          UNIX_TIMESTAMP(npwd_messages_conversations.updatedAt) as updatedAt,\n                          npwd_messages_participants.participant\n                   FROM npwd_messages_conversations\n                            INNER JOIN npwd_messages_participants\n                                       on npwd_messages_conversations.id = npwd_messages_participants.conversation_id\n                   WHERE npwd_messages_participants.participant = ? [\"8158341444\"]) in 7.3433ms'","module":"DBInterface","timestamp":"2026-09-10T04:13:08.126Z"}
{"level":"silly","message":"Response Promise Event npwd:fetchMessageGroups:c151324f-087c-4edd-9711-47b0adcba8b8 (7.6841ms), Data >>","module":"events","timestamp":"2026-09-10T04:13:08.127Z"}
{"level":"info","message":"Executed query (\n        SELECT *,\n               UNIX_TIMESTAMP(updatedAt) AS lastActive\n        FROM npwd_match_profiles\n        WHERE identifier = ?\n        LIMIT 1\n\t\t [\"C46M9XF9\"]) in 9.6169ms'","module":"DBInterface","timestamp":"2026-09-10T04:13:08.128Z"}
{"level":"info","message":"Executed query (SELECT * FROM npwd_phone_contacts WHERE identifier = ? ORDER BY display ASC [\"C46M9XF9\"]) in 9.2335ms'","module":"DBInterface","timestamp":"2026-09-10T04:13:08.129Z"}
{"level":"silly","message":{"data":[],"status":"ok"},"module":"events","timestamp":"2026-09-10T04:13:08.127Z"}
{"level":"silly","message":"Response Promise Event phone:getMyProfile:a5cc8c4c-ef5d-451e-963d-7d9d212aa294 (10.3029ms), Data >>","module":"events","timestamp":"2026-09-10T04:13:08.128Z"}
{"level":"silly","message":{"data":{"bio":"","createdAt":"2026-09-09T19:58:52.000Z","id":1,"identifier":"C46M9XF9","image":"https://upload.wikimedia.org/wikipedia/commons/a/ac/No_image_available.svg","job":"","lastActive":1788983932,"lastActiveFormatted":"Wed, 09 Sep 2026 19:58:52 GMT","location":"","name":"Aj Fabela","tagList":[],"tags":"","updatedAt":"2026-09-09T19:58:52.000Z","viewed":false,"voiceMessage":null},"status":"ok"},"module":"events","timestamp":"2026-09-10T04:13:08.128Z"}
{"level":"silly","message":"Response Promise Event npwd-contact-getAll:0afb2391-cd56-402e-9e4e-e4069cec616a (9.4681ms), Data >>","module":"events","timestamp":"2026-09-10T04:13:08.129Z"}
{"level":"silly","message":{"data":[],"status":"ok"},"module":"events","timestamp":"2026-09-10T04:13:08.129Z"}
{"level":"debug","message":"Marketplace service started","module":"marketplace","timestamp":"2026-09-10T04:18:21.541Z"}
{"level":"debug","message":"Call service started","module":"calls","timestamp":"2026-09-10T04:18:21.542Z"}
{"level":"debug","message":"Player Service started","module":"player","timestamp":"2026-09-10T04:18:21.542Z"}
{"level":"info","message":"Loading QBX bridge....","timestamp":"2026-09-10T04:18:21.543Z"}
{"level":"info","message":"QBX bridge initialized","timestamp":"2026-09-10T04:18:21.543Z"}
{"level":"debug","message":"Boot service started","module":"boot","timestamp":"2026-09-10T04:18:21.543Z"}
{"level":"debug","message":"Messages service started","module":"messages","timestamp":"2026-09-10T04:18:21.544Z"}
{"level":"debug","message":"Notes service started","module":"notes","timestamp":"2026-09-10T04:18:21.544Z"}
{"level":"debug","message":"Contacts service started","module":"contact","timestamp":"2026-09-10T04:18:21.544Z"}
{"level":"debug","message":"Photo service started","module":"photo","timestamp":"2026-09-10T04:18:21.550Z"}
{"level":"debug","message":"Twitter service started","module":"twitter","timestamp":"2026-09-10T04:18:21.550Z"}
{"level":"debug","message":"Match service started","module":"match","timestamp":"2026-09-10T04:18:21.551Z"}
{"level":"debug","message":"Beginning database schema validation","module":"boot","timestamp":"2026-09-10T04:18:22.337Z"}
{"level":"info","message":"Successfully started","timestamp":"2026-09-10T04:18:22.345Z"}
{"level":"info","message":"Executed query (SELECT COUNT(*) as count\n                       FROM information_schema.tables\n                       WHERE table_schema = ?\n                         AND table_name = ? [\"Qbox_A1B5B5\",\"players\"]) in 86.4435ms'","module":"DBInterface","timestamp":"2026-09-10T04:18:22.424Z"}
{"level":"info","message":"Executed query (SHOW COLUMNS IN players []) in 34.1868ms'","module":"DBInterface","timestamp":"2026-09-10T04:18:22.459Z"}
{"level":"debug","message":"Database schema successfully validated","module":"boot","timestamp":"2026-09-10T04:18:22.459Z"}
{"level":"info","message":"New NPWD Player added through event (1) (C46M9XF9)","module":"player","timestamp":"2026-09-10T04:19:46.645Z"}
{"level":"debug","message":{"_firstname":"Aj","_identifier":"C46M9XF9","_lastname":"Fabela","_phoneNumber":"8158341444","source":1,"username":"FieryFusionFX"},"module":"player","timestamp":"2026-09-10T04:19:46.646Z"}
{"level":"info","message":"New NPWD Player added through event (1) (C46M9XF9)","module":"player","timestamp":"2026-09-10T04:19:46.648Z"}
{"level":"debug","message":{"_firstname":"Aj","_identifier":"C46M9XF9","_lastname":"Fabela","_phoneNumber":"8158341444","source":1,"username":"FieryFusionFX"},"module":"player","timestamp":"2026-09-10T04:19:46.648Z"}
{"level":"silly","message":"netPromise > npwd:fetchTweets > RequestObj","module":"events","timestamp":"2026-09-10T04:19:46.740Z"}
{"level":"silly","message":{"data":{"pageId":0},"source":1},"module":"events","timestamp":"2026-09-10T04:19:46.741Z"}
{"level":"info","message":"Executed query (\n        SELECT *\n        FROM npwd_twitter_profiles\n        WHERE identifier = ?\n        LIMIT 1\n\t\t [\"C46M9XF9\"]) in 4.0092ms'","module":"DBInterface","timestamp":"2026-09-10T04:19:46.745Z"}
{"level":"info","message":"Executed query (\n        SELECT \n  npwd_twitter_tweets.id,\n  npwd_twitter_tweets.identifier,\n  npwd_twitter_profiles.id AS profile_id,\n  npwd_twitter_profiles.profile_name,\n  npwd_twitter_profiles.avatar_url,\n  npwd_twitter_tweets.likes,\n  npwd_twitter_tweets.visible,\n  IFNULL(COALESCE(retweets.message, npwd_twitter_tweets.message), '') AS message,\n  IFNULL(COALESCE(retweets.images, npwd_twitter_tweets.images), '') AS images,\n  npwd_twitter_tweets.retweet IS NOT NULL AS isRetweet,\n  retweets.id AS retweetId,\n  retweets_profiles.profile_name AS retweetProfileName,\n  retweets_profiles.avatar_url AS retweetAvatarUrl,\n  npwd_twitter_likes.id IS NOT NULL AS isLiked,\n  npwd_twitter_reports.id IS NOT NULL AS isReported,\n  npwd_twitter_tweets.createdAt,\n  npwd_twitter_tweets.updatedAt,\n  TIME_TO_SEC(TIMEDIFF( NOW(), npwd_twitter_tweets.createdAt)) AS seconds_since_tweet\n\n        FROM npwd_twitter_tweets\n                 LEFT OUTER JOIN npwd_twitter_profiles\n                                 ON npwd_twitter_tweets.identifier = npwd_twitter_profiles.identifier\n                 LEFT OUTER JOIN npwd_twitter_likes ON npwd_twitter_tweets.id = npwd_twitter_likes.tweet_id AND\n                                                       npwd_twitter_likes.profile_id = ?\n                 LEFT OUTER JOIN npwd_twitter_reports ON npwd_twitter_tweets.id = npwd_twitter_reports.tweet_id AND\n                                                         npwd_twitter_reports.profile_id = ?\n                 LEFT OUTER JOIN npwd_twitter_tweets AS retweets ON retweets.id = npwd_twitter_tweets.retweet\n                 LEFT OUTER JOIN npwd_twitter_profiles AS retweets_profiles\n                                 ON retweets.identifier = retweets_profiles.identifier\n        WHERE npwd_twitter_tweets.visible = 1\n        ORDER BY id DESC\n        LIMIT ? OFFSET ?\n\t\t [1,1,\"25\",\"0\"]) in 4.1517ms'","module":"DBInterface","timestamp":"2026-09-10T04:19:46.750Z"}
{"level":"silly","message":"Response Promise Event npwd:fetchTweets:0a626a6e-de2e-4aad-a1ec-eb874f33fe3e (9.4536ms), Data >>","module":"events","timestamp":"2026-09-10T04:19:46.750Z"}
{"level":"silly","message":{"data":[],"status":"ok"},"module":"events","timestamp":"2026-09-10T04:19:46.750Z"}
{"level":"silly","message":"netPromise > npwd:getOrCreateTwitterProfile > RequestObj","module":"events","timestamp":"2026-09-10T04:19:46.791Z"}
{"level":"silly","message":{"data":null,"source":1},"module":"events","timestamp":"2026-09-10T04:19:46.791Z"}
{"level":"silly","message":"netPromise > phone:getMyProfile > RequestObj","module":"events","timestamp":"2026-09-10T04:19:46.791Z"}
{"level":"silly","message":{"data":null,"source":1},"module":"events","timestamp":"2026-09-10T04:19:46.791Z"}
{"level":"silly","message":"netPromise > npwd:fetchMessageGroups > RequestObj","module":"events","timestamp":"2026-09-10T04:19:46.792Z"}
{"level":"silly","message":{"data":null,"source":1},"module":"events","timestamp":"2026-09-10T04:19:46.792Z"}
{"level":"silly","message":"netPromise > npwd-contact-getAll > RequestObj","module":"events","timestamp":"2026-09-10T04:19:46.793Z"}
{"level":"silly","message":{"data":null,"source":1},"module":"events","timestamp":"2026-09-10T04:19:46.793Z"}
{"level":"info","message":"Executed query (\n        SELECT *\n        FROM npwd_twitter_profiles\n        WHERE identifier = ?\n        LIMIT 1\n\t\t [\"C46M9XF9\"]) in 4.431ms'","module":"DBInterface","timestamp":"2026-09-10T04:19:46.795Z"}
{"level":"silly","message":"Response Promise Event npwd:getOrCreateTwitterProfile:8947ab11-2629-4de3-a30e-aabcf0e8e4e7 (5.0196ms), Data >>","module":"events","timestamp":"2026-09-10T04:19:46.796Z"}
{"level":"silly","message":{"data":{"avatar_url":"https://i.fivemanage.com/images/3ClWwmpwkFhL.png","createdAt":"2026-09-09T19:58:52.000Z","id":1,"identifier":"C46M9XF9","profile_name":"Aj_Fabela","updatedAt":"2026-09-09T19:58:52.000Z"},"status":"ok"},"module":"events","timestamp":"2026-09-10T04:19:46.796Z"}
{"level":"info","message":"Executed query (\n        SELECT *,\n               UNIX_TIMESTAMP(updatedAt) AS lastActive\n        FROM npwd_match_profiles\n        WHERE identifier = ?\n        LIMIT 1\n\t\t [\"C46M9XF9\"]) in 9.6442ms'","module":"DBInterface","timestamp":"2026-09-10T04:19:46.801Z"}
{"level":"silly","message":"Response Promise Event phone:getMyProfile:542d735c-05b4-4fd3-921b-2fdacb524d82 (10.2706ms), Data >>","module":"events","timestamp":"2026-09-10T04:19:46.801Z"}
{"level":"info","message":"Executed query (SELECT npwd_messages_conversations.id,\n                          npwd_messages_conversations.conversation_list         as conversationList,\n                          npwd_messages_participants.unread_count               as unreadCount,\n                          npwd_messages_conversations.is_group_chat             as isGroupChat,\n                          npwd_messages_conversations.label,\n                          UNIX_TIMESTAMP(npwd_messages_conversations.updatedAt) as updatedAt,\n                          npwd_messages_participants.participant\n                   FROM npwd_messages_conversations\n                            INNER JOIN npwd_messages_participants\n                                       on npwd_messages_conversations.id = npwd_messages_participants.conversation_id\n                   WHERE npwd_messages_participants.participant = ? [\"8158341444\"]) in 9.9212ms'","module":"DBInterface","timestamp":"2026-09-10T04:19:46.802Z"}
{"level":"info","message":"Executed query (SELECT * FROM npwd_phone_contacts WHERE identifier = ? ORDER BY display ASC [\"C46M9XF9\"]) in 9.7762ms'","module":"DBInterface","timestamp":"2026-09-10T04:19:46.802Z"}
{"level":"silly","message":{"data":{"bio":"","createdAt":"2026-09-09T19:58:52.000Z","id":1,"identifier":"C46M9XF9","image":"https://upload.wikimedia.org/wikipedia/commons/a/ac/No_image_available.svg","job":"","lastActive":1788983932,"lastActiveFormatted":"Wed, 09 Sep 2026 19:58:52 GMT","location":"","name":"Aj Fabela","tagList":[],"tags":"","updatedAt":"2026-09-09T19:58:52.000Z","viewed":false,"voiceMessage":null},"status":"ok"},"module":"events","timestamp":"2026-09-10T04:19:46.802Z"}
{"level":"silly","message":"Response Promise Event npwd:fetchMessageGroups:88a7073f-3499-441c-81d3-6034ae1de7a5 (10.1976ms), Data >>","module":"events","timestamp":"2026-09-10T04:19:46.802Z"}
{"level":"silly","message":{"data":[],"status":"ok"},"module":"events","timestamp":"2026-09-10T04:19:46.802Z"}
{"level":"silly","message":"Response Promise Event npwd-contact-getAll:eebefcb5-6b7b-48bd-9ab0-f74c2c661356 (10.0119ms), Data >>","module":"events","timestamp":"2026-09-10T04:19:46.803Z"}
{"level":"silly","message":{"data":[],"status":"ok"},"module":"events","timestamp":"2026-09-10T04:19:46.803Z"}
{"level":"debug","message":"Marketplace service started","module":"marketplace","timestamp":"2026-09-10T04:31:51.750Z"}
{"level":"debug","message":"Call service started","module":"calls","timestamp":"2026-09-10T04:31:51.752Z"}
{"level":"debug","message":"Player Service started","module":"player","timestamp":"2026-09-10T04:31:51.752Z"}
{"level":"info","message":"Loading QBX bridge....","timestamp":"2026-09-10T04:31:51.752Z"}
{"level":"info","message":"QBX bridge initialized","timestamp":"2026-09-10T04:31:51.752Z"}
{"level":"debug","message":"Boot service started","module":"boot","timestamp":"2026-09-10T04:31:51.753Z"}
{"level":"debug","message":"Messages service started","module":"messages","timestamp":"2026-09-10T04:31:51.753Z"}
{"level":"debug","message":"Notes service started","module":"notes","timestamp":"2026-09-10T04:31:51.753Z"}
{"level":"debug","message":"Contacts service started","module":"contact","timestamp":"2026-09-10T04:31:51.753Z"}
{"level":"debug","message":"Photo service started","module":"photo","timestamp":"2026-09-10T04:31:51.759Z"}
{"level":"debug","message":"Twitter service started","module":"twitter","timestamp":"2026-09-10T04:31:51.759Z"}
{"level":"debug","message":"Match service started","module":"match","timestamp":"2026-09-10T04:31:51.760Z"}
{"level":"debug","message":"Beginning database schema validation","module":"boot","timestamp":"2026-09-10T04:31:52.436Z"}
{"level":"info","message":"Successfully started","timestamp":"2026-09-10T04:31:52.444Z"}
{"level":"info","message":"Executed query (SELECT COUNT(*) as count\n                       FROM information_schema.tables\n                       WHERE table_schema = ?\n                         AND table_name = ? [\"Qbox_A1B5B5\",\"players\"]) in 76.1428ms'","module":"DBInterface","timestamp":"2026-09-10T04:31:52.512Z"}
{"level":"info","message":"Executed query (SHOW COLUMNS IN players []) in 13.0992ms'","module":"DBInterface","timestamp":"2026-09-10T04:31:52.526Z"}
{"level":"debug","message":"Database schema successfully validated","module":"boot","timestamp":"2026-09-10T04:31:52.527Z"}
{"level":"debug","message":"1 failed to unload, likely was never loaded in the first place.","module":"player","timestamp":"2026-09-10T04:35:12.336Z"}
{"level":"info","message":"New NPWD Player added through event (2) (C46M9XF9)","module":"player","timestamp":"2026-09-10T04:36:13.337Z"}
{"level":"debug","message":{"_firstname":"Aj","_identifier":"C46M9XF9","_lastname":"Fabela","_phoneNumber":"8158341444","source":2,"username":"FieryFusionFX"},"module":"player","timestamp":"2026-09-10T04:36:13.337Z"}
{"level":"info","message":"New NPWD Player added through event (2) (C46M9XF9)","module":"player","timestamp":"2026-09-10T04:36:13.339Z"}
{"level":"debug","message":{"_firstname":"Aj","_identifier":"C46M9XF9","_lastname":"Fabela","_phoneNumber":"8158341444","source":2,"username":"FieryFusionFX"},"module":"player","timestamp":"2026-09-10T04:36:13.339Z"}
{"level":"silly","message":"netPromise > npwd:fetchTweets > RequestObj","module":"events","timestamp":"2026-09-10T04:36:13.434Z"}
{"level":"silly","message":{"data":{"pageId":0},"source":2},"module":"events","timestamp":"2026-09-10T04:36:13.435Z"}
{"level":"info","message":"Executed query (\n        SELECT *\n        FROM npwd_twitter_profiles\n        WHERE identifier = ?\n        LIMIT 1\n\t\t [\"C46M9XF9\"]) in 2.676ms'","module":"DBInterface","timestamp":"2026-09-10T04:36:13.438Z"}
{"level":"info","message":"Executed query (\n        SELECT \n  npwd_twitter_tweets.id,\n  npwd_twitter_tweets.identifier,\n  npwd_twitter_profiles.id AS profile_id,\n  npwd_twitter_profiles.profile_name,\n  npwd_twitter_profiles.avatar_url,\n  npwd_twitter_tweets.likes,\n  npwd_twitter_tweets.visible,\n  IFNULL(COALESCE(retweets.message, npwd_twitter_tweets.message), '') AS message,\n  IFNULL(COALESCE(retweets.images, npwd_twitter_tweets.images), '') AS images,\n  npwd_twitter_tweets.retweet IS NOT NULL AS isRetweet,\n  retweets.id AS retweetId,\n  retweets_profiles.profile_name AS retweetProfileName,\n  retweets_profiles.avatar_url AS retweetAvatarUrl,\n  npwd_twitter_likes.id IS NOT NULL AS isLiked,\n  npwd_twitter_reports.id IS NOT NULL AS isReported,\n  npwd_twitter_tweets.createdAt,\n  npwd_twitter_tweets.updatedAt,\n  TIME_TO_SEC(TIMEDIFF( NOW(), npwd_twitter_tweets.createdAt)) AS seconds_since_tweet\n\n        FROM npwd_twitter_tweets\n                 LEFT OUTER JOIN npwd_twitter_profiles\n                                 ON npwd_twitter_tweets.identifier = npwd_twitter_profiles.identifier\n                 LEFT OUTER JOIN npwd_twitter_likes ON npwd_twitter_tweets.id = npwd_twitter_likes.tweet_id AND\n                                                       npwd_twitter_likes.profile_id = ?\n                 LEFT OUTER JOIN npwd_twitter_reports ON npwd_twitter_tweets.id = npwd_twitter_reports.tweet_id AND\n                                                         npwd_twitter_reports.profile_id = ?\n                 LEFT OUTER JOIN npwd_twitter_tweets AS retweets ON retweets.id = npwd_twitter_tweets.retweet\n                 LEFT OUTER JOIN npwd_twitter_profiles AS retweets_profiles\n                                 ON retweets.identifier = retweets_profiles.identifier\n        WHERE npwd_twitter_tweets.visible = 1\n        ORDER BY id DESC\n        LIMIT ? OFFSET ?\n\t\t [1,1,\"25\",\"0\"]) in 3.6872ms'","module":"DBInterface","timestamp":"2026-09-10T04:36:13.442Z"}
{"level":"silly","message":"Response Promise Event npwd:fetchTweets:5b2e5377-f2cc-4eba-b276-fb797f503078 (7.4234ms), Data >>","module":"events","timestamp":"2026-09-10T04:36:13.442Z"}
{"level":"silly","message":{"data":[],"status":"ok"},"module":"events","timestamp":"2026-09-10T04:36:13.442Z"}
{"level":"silly","message":"netPromise > npwd:getOrCreateTwitterProfile > RequestObj","module":"events","timestamp":"2026-09-10T04:36:13.484Z"}
{"level":"silly","message":{"data":null,"source":2},"module":"events","timestamp":"2026-09-10T04:36:13.484Z"}
{"level":"silly","message":"netPromise > phone:getMyProfile > RequestObj","module":"events","timestamp":"2026-09-10T04:36:13.485Z"}
{"level":"silly","message":{"data":null,"source":2},"module":"events","timestamp":"2026-09-10T04:36:13.485Z"}
{"level":"silly","message":"netPromise > npwd:fetchMessageGroups > RequestObj","module":"events","timestamp":"2026-09-10T04:36:13.486Z"}
{"level":"silly","message":{"data":null,"source":2},"module":"events","timestamp":"2026-09-10T04:36:13.486Z"}
{"level":"silly","message":"netPromise > npwd-contact-getAll > RequestObj","module":"events","timestamp":"2026-09-10T04:36:13.487Z"}
{"level":"silly","message":{"data":null,"source":2},"module":"events","timestamp":"2026-09-10T04:36:13.487Z"}
{"level":"info","message":"Executed query (\n        SELECT *\n        FROM npwd_twitter_profiles\n        WHERE identifier = ?\n        LIMIT 1\n\t\t [\"C46M9XF9\"]) in 8.4169ms'","module":"DBInterface","timestamp":"2026-09-10T04:36:13.493Z"}
{"level":"silly","message":"Response Promise Event npwd:getOrCreateTwitterProfile:2735f780-11fc-48dd-9571-f8aa63c65c58 (8.9881ms), Data >>","module":"events","timestamp":"2026-09-10T04:36:13.493Z"}
{"level":"silly","message":{"data":{"avatar_url":"https://i.fivemanage.com/images/3ClWwmpwkFhL.png","createdAt":"2026-09-09T19:58:52.000Z","id":1,"identifier":"C46M9XF9","profile_name":"Aj_Fabela","updatedAt":"2026-09-09T19:58:52.000Z"},"status":"ok"},"module":"events","timestamp":"2026-09-10T04:36:13.493Z"}
{"level":"info","message":"Executed query (SELECT npwd_messages_conversations.id,\n                          npwd_messages_conversations.conversation_list         as conversationList,\n                          npwd_messages_participants.unread_count               as unreadCount,\n                          npwd_messages_conversations.is_group_chat             as isGroupChat,\n                          npwd_messages_conversations.label,\n                          UNIX_TIMESTAMP(npwd_messages_conversations.updatedAt) as updatedAt,\n                          npwd_messages_participants.participant\n                   FROM npwd_messages_conversations\n                            INNER JOIN npwd_messages_participants\n                                       on npwd_messages_conversations.id = npwd_messages_participants.conversation_id\n                   WHERE npwd_messages_participants.participant = ? [\"8158341444\"]) in 13.3418ms'","module":"DBInterface","timestamp":"2026-09-10T04:36:13.499Z"}
{"level":"silly","message":"Response Promise Event npwd:fetchMessageGroups:664c7dc6-4713-4329-9832-32b31e01858f (13.7321ms), Data >>","module":"events","timestamp":"2026-09-10T04:36:13.499Z"}
{"level":"info","message":"Executed query (\n        SELECT *,\n               UNIX_TIMESTAMP(updatedAt) AS lastActive\n        FROM npwd_match_profiles\n        WHERE identifier = ?\n        LIMIT 1\n\t\t [\"C46M9XF9\"]) in 16.264ms'","module":"DBInterface","timestamp":"2026-09-10T04:36:13.501Z"}
{"level":"info","message":"Executed query (SELECT * FROM npwd_phone_contacts WHERE identifier = ? ORDER BY display ASC [\"C46M9XF9\"]) in 15.5125ms'","module":"DBInterface","timestamp":"2026-09-10T04:36:13.503Z"}
{"level":"silly","message":{"data":[],"status":"ok"},"module":"events","timestamp":"2026-09-10T04:36:13.499Z"}
{"level":"silly","message":"Response Promise Event phone:getMyProfile:b9c8af3a-cf5e-4ede-aec7-64be7a70db67 (17.4805ms), Data >>","module":"events","timestamp":"2026-09-10T04:36:13.502Z"}
{"level":"silly","message":{"data":{"bio":"","createdAt":"2026-09-09T19:58:52.000Z","id":1,"identifier":"C46M9XF9","image":"https://upload.wikimedia.org/wikipedia/commons/a/ac/No_image_available.svg","job":"","lastActive":1788983932,"lastActiveFormatted":"Wed, 09 Sep 2026 19:58:52 GMT","location":"","name":"Aj Fabela","tagList":[],"tags":"","updatedAt":"2026-09-09T19:58:52.000Z","viewed":false,"voiceMessage":null},"status":"ok"},"module":"events","timestamp":"2026-09-10T04:36:13.502Z"}
{"level":"silly","message":"Response Promise Event npwd-contact-getAll:d73ae1ca-1405-4519-976c-9c7ca7a19479 (16.4851ms), Data >>","module":"events","timestamp":"2026-09-10T04:36:13.503Z"}
{"level":"silly","message":{"data":[],"status":"ok"},"module":"events","timestamp":"2026-09-10T04:36:13.503Z"}
{"level":"debug","message":"Marketplace service started","module":"marketplace","timestamp":"2026-09-10T04:37:45.613Z"}
{"level":"debug","message":"Call service started","module":"calls","timestamp":"2026-09-10T04:37:45.615Z"}
{"level":"debug","message":"Player Service started","module":"player","timestamp":"2026-09-10T04:37:45.615Z"}
{"level":"info","message":"Loading QBX bridge....","timestamp":"2026-09-10T04:37:45.615Z"}
{"level":"info","message":"QBX bridge initialized","timestamp":"2026-09-10T04:37:45.615Z"}
{"level":"debug","message":"Boot service started","module":"boot","timestamp":"2026-09-10T04:37:45.616Z"}
{"level":"debug","message":"Messages service started","module":"messages","timestamp":"2026-09-10T04:37:45.616Z"}
{"level":"debug","message":"Notes service started","module":"notes","timestamp":"2026-09-10T04:37:45.616Z"}
{"level":"debug","message":"Contacts service started","module":"contact","timestamp":"2026-09-10T04:37:45.616Z"}
{"level":"debug","message":"Photo service started","module":"photo","timestamp":"2026-09-10T04:37:45.623Z"}
{"level":"debug","message":"Twitter service started","module":"twitter","timestamp":"2026-09-10T04:37:45.623Z"}
{"level":"debug","message":"Match service started","module":"match","timestamp":"2026-09-10T04:37:45.623Z"}
{"level":"debug","message":"Beginning database schema validation","module":"boot","timestamp":"2026-09-10T04:37:46.295Z"}
{"level":"info","message":"Successfully started","timestamp":"2026-09-10T04:37:46.303Z"}
{"level":"info","message":"Executed query (SELECT COUNT(*) as count\n                       FROM information_schema.tables\n                       WHERE table_schema = ?\n                         AND table_name = ? [\"Qbox_A1B5B5\",\"players\"]) in 74.7898ms'","module":"DBInterface","timestamp":"2026-09-10T04:37:46.370Z"}
{"level":"info","message":"Executed query (SHOW COLUMNS IN players []) in 14.0801ms'","module":"DBInterface","timestamp":"2026-09-10T04:37:46.384Z"}
{"level":"debug","message":"Database schema successfully validated","module":"boot","timestamp":"2026-09-10T04:37:46.385Z"}
{"level":"info","message":"New NPWD Player added through event (1) (C46M9XF9)","module":"player","timestamp":"2026-09-10T04:39:07.855Z"}
{"level":"debug","message":{"_firstname":"Aj","_identifier":"C46M9XF9","_lastname":"Fabela","_phoneNumber":"8158341444","source":1,"username":"FieryFusionFX"},"module":"player","timestamp":"2026-09-10T04:39:07.855Z"}
{"level":"info","message":"New NPWD Player added through event (1) (C46M9XF9)","module":"player","timestamp":"2026-09-10T04:39:07.859Z"}
{"level":"debug","message":{"_firstname":"Aj","_identifier":"C46M9XF9","_lastname":"Fabela","_phoneNumber":"8158341444","source":1,"username":"FieryFusionFX"},"module":"player","timestamp":"2026-09-10T04:39:07.859Z"}
{"level":"silly","message":"netPromise > npwd:fetchTweets > RequestObj","module":"events","timestamp":"2026-09-10T04:39:07.901Z"}
{"level":"silly","message":{"data":{"pageId":0},"source":1},"module":"events","timestamp":"2026-09-10T04:39:07.902Z"}
{"level":"info","message":"Executed query (\n        SELECT *\n        FROM npwd_twitter_profiles\n        WHERE identifier = ?\n        LIMIT 1\n\t\t [\"C46M9XF9\"]) in 2.7149ms'","module":"DBInterface","timestamp":"2026-09-10T04:39:07.905Z"}
{"level":"info","message":"Executed query (\n        SELECT \n  npwd_twitter_tweets.id,\n  npwd_twitter_tweets.identifier,\n  npwd_twitter_profiles.id AS profile_id,\n  npwd_twitter_profiles.profile_name,\n  npwd_twitter_profiles.avatar_url,\n  npwd_twitter_tweets.likes,\n  npwd_twitter_tweets.visible,\n  IFNULL(COALESCE(retweets.message, npwd_twitter_tweets.message), '') AS message,\n  IFNULL(COALESCE(retweets.images, npwd_twitter_tweets.images), '') AS images,\n  npwd_twitter_tweets.retweet IS NOT NULL AS isRetweet,\n  retweets.id AS retweetId,\n  retweets_profiles.profile_name AS retweetProfileName,\n  retweets_profiles.avatar_url AS retweetAvatarUrl,\n  npwd_twitter_likes.id IS NOT NULL AS isLiked,\n  npwd_twitter_reports.id IS NOT NULL AS isReported,\n  npwd_twitter_tweets.createdAt,\n  npwd_twitter_tweets.updatedAt,\n  TIME_TO_SEC(TIMEDIFF( NOW(), npwd_twitter_tweets.createdAt)) AS seconds_since_tweet\n\n        FROM npwd_twitter_tweets\n                 LEFT OUTER JOIN npwd_twitter_profiles\n                                 ON npwd_twitter_tweets.identifier = npwd_twitter_profiles.identifier\n                 LEFT OUTER JOIN npwd_twitter_likes ON npwd_twitter_tweets.id = npwd_twitter_likes.tweet_id AND\n                                                       npwd_twitter_likes.profile_id = ?\n                 LEFT OUTER JOIN npwd_twitter_reports ON npwd_twitter_tweets.id = npwd_twitter_reports.tweet_id AND\n                                                         npwd_twitter_reports.profile_id = ?\n                 LEFT OUTER JOIN npwd_twitter_tweets AS retweets ON retweets.id = npwd_twitter_tweets.retweet\n                 LEFT OUTER JOIN npwd_twitter_profiles AS retweets_profiles\n                                 ON retweets.identifier = retweets_profiles.identifier\n        WHERE npwd_twitter_tweets.visible = 1\n        ORDER BY id DESC\n        LIMIT ? OFFSET ?\n\t\t [1,1,\"25\",\"0\"]) in 3.1172ms'","module":"DBInterface","timestamp":"2026-09-10T04:39:07.908Z"}
{"level":"silly","message":"Response Promise Event npwd:fetchTweets:35548a80-e099-4495-ae5b-d3818a78f1d8 (7.1566ms), Data >>","module":"events","timestamp":"2026-09-10T04:39:07.908Z"}
{"level":"silly","message":{"data":[],"status":"ok"},"module":"events","timestamp":"2026-09-10T04:39:07.909Z"}
{"level":"silly","message":"netPromise > npwd:getOrCreateTwitterProfile > RequestObj","module":"events","timestamp":"2026-09-10T04:39:08.001Z"}
{"level":"silly","message":{"data":null,"source":1},"module":"events","timestamp":"2026-09-10T04:39:08.001Z"}
{"level":"silly","message":"netPromise > phone:getMyProfile > RequestObj","module":"events","timestamp":"2026-09-10T04:39:08.001Z"}
{"level":"silly","message":{"data":null,"source":1},"module":"events","timestamp":"2026-09-10T04:39:08.001Z"}
{"level":"silly","message":"netPromise > npwd:fetchMessageGroups > RequestObj","module":"events","timestamp":"2026-09-10T04:39:08.002Z"}
{"level":"silly","message":{"data":null,"source":1},"module":"events","timestamp":"2026-09-10T04:39:08.002Z"}
{"level":"silly","message":"netPromise > npwd-contact-getAll > RequestObj","module":"events","timestamp":"2026-09-10T04:39:08.003Z"}
{"level":"silly","message":{"data":null,"source":1},"module":"events","timestamp":"2026-09-10T04:39:08.003Z"}
{"level":"info","message":"Executed query (\n        SELECT *\n        FROM npwd_twitter_profiles\n        WHERE identifier = ?\n        LIMIT 1\n\t\t [\"C46M9XF9\"]) in 6.9358ms'","module":"DBInterface","timestamp":"2026-09-10T04:39:08.008Z"}
{"level":"silly","message":"Response Promise Event npwd:getOrCreateTwitterProfile:f37d04d6-9ad2-41b8-9e7e-f47b5f663d1b (7.6508ms), Data >>","module":"events","timestamp":"2026-09-10T04:39:08.008Z"}
{"level":"silly","message":{"data":{"avatar_url":"https://i.fivemanage.com/images/3ClWwmpwkFhL.png","createdAt":"2026-09-09T19:58:52.000Z","id":1,"identifier":"C46M9XF9","profile_name":"Aj_Fabela","updatedAt":"2026-09-09T19:58:52.000Z"},"status":"ok"},"module":"events","timestamp":"2026-09-10T04:39:08.008Z"}
{"level":"info","message":"Executed query (\n        SELECT *,\n               UNIX_TIMESTAMP(updatedAt) AS lastActive\n        FROM npwd_match_profiles\n        WHERE identifier = ?\n        LIMIT 1\n\t\t [\"C46M9XF9\"]) in 13.3889ms'","module":"DBInterface","timestamp":"2026-09-10T04:39:08.015Z"}
{"level":"silly","message":"Response Promise Event phone:getMyProfile:67b06c81-24a0-4e1a-ae81-c5a8b12e6cd4 (14.2782ms), Data >>","module":"events","timestamp":"2026-09-10T04:39:08.016Z"}
{"level":"info","message":"Executed query (SELECT npwd_messages_conversations.id,\n                          npwd_messages_conversations.conversation_list         as conversationList,\n                          npwd_messages_participants.unread_count               as unreadCount,\n                          npwd_messages_conversations.is_group_chat             as isGroupChat,\n                          npwd_messages_conversations.label,\n                          UNIX_TIMESTAMP(npwd_messages_conversations.updatedAt) as updatedAt,\n                          npwd_messages_participants.participant\n                   FROM npwd_messages_conversations\n                            INNER JOIN npwd_messages_participants\n                                       on npwd_messages_conversations.id = npwd_messages_participants.conversation_id\n                   WHERE npwd_messages_participants.participant = ? [\"8158341444\"]) in 13.4806ms'","module":"DBInterface","timestamp":"2026-09-10T04:39:08.016Z"}
{"level":"info","message":"Executed query (SELECT * FROM npwd_phone_contacts WHERE identifier = ? ORDER BY display ASC [\"C46M9XF9\"]) in 13.4789ms'","module":"DBInterface","timestamp":"2026-09-10T04:39:08.017Z"}
{"level":"silly","message":{"data":{"bio":"","createdAt":"2026-09-09T19:58:52.000Z","id":1,"identifier":"C46M9XF9","image":"https://upload.wikimedia.org/wikipedia/commons/a/ac/No_image_available.svg","job":"","lastActive":1788983932,"lastActiveFormatted":"Wed, 09 Sep 2026 19:58:52 GMT","location":"","name":"Aj Fabela","tagList":[],"tags":"","updatedAt":"2026-09-09T19:58:52.000Z","viewed":false,"voiceMessage":null},"status":"ok"},"module":"events","timestamp":"2026-09-10T04:39:08.016Z"}
{"level":"silly","message":"Response Promise Event npwd:fetchMessageGroups:7b9898b1-3fe2-4b5b-91ba-0f9c688f0dd7 (13.8007ms), Data >>","module":"events","timestamp":"2026-09-10T04:39:08.016Z"}
{"level":"silly","message":{"data":[],"status":"ok"},"module":"events","timestamp":"2026-09-10T04:39:08.016Z"}
{"level":"silly","message":"Response Promise Event npwd-contact-getAll:f9dcac80-4c76-4e9a-a00c-681117b71933 (13.7741ms), Data >>","module":"events","timestamp":"2026-09-10T04:39:08.017Z"}
{"level":"silly","message":{"data":[],"status":"ok"},"module":"events","timestamp":"2026-09-10T04:39:08.017Z"}
{"level":"debug","message":"Marketplace service started","module":"marketplace","timestamp":"2026-09-10T04:41:26.605Z"}
{"level":"debug","message":"Call service started","module":"calls","timestamp":"2026-09-10T04:41:26.606Z"}
{"level":"debug","message":"Player Service started","module":"player","timestamp":"2026-09-10T04:41:26.607Z"}
{"level":"info","message":"Loading QBX bridge....","timestamp":"2026-09-10T04:41:26.607Z"}
{"level":"info","message":"QBX bridge initialized","timestamp":"2026-09-10T04:41:26.607Z"}
{"level":"debug","message":"Boot service started","module":"boot","timestamp":"2026-09-10T04:41:26.607Z"}
{"level":"debug","message":"Messages service started","module":"messages","timestamp":"2026-09-10T04:41:26.608Z"}
{"level":"debug","message":"Notes service started","module":"notes","timestamp":"2026-09-10T04:41:26.608Z"}
{"level":"debug","message":"Contacts service started","module":"contact","timestamp":"2026-09-10T04:41:26.608Z"}
{"level":"debug","message":"Photo service started","module":"photo","timestamp":"2026-09-10T04:41:26.615Z"}
{"level":"debug","message":"Twitter service started","module":"twitter","timestamp":"2026-09-10T04:41:26.615Z"}
{"level":"debug","message":"Match service started","module":"match","timestamp":"2026-09-10T04:41:26.615Z"}
{"level":"debug","message":"Beginning database schema validation","module":"boot","timestamp":"2026-09-10T04:41:27.373Z"}
{"level":"info","message":"Successfully started","timestamp":"2026-09-10T04:41:27.381Z"}
{"level":"info","message":"Executed query (SELECT COUNT(*) as count\n                       FROM information_schema.tables\n                       WHERE table_schema = ?\n                         AND table_name = ? [\"Qbox_A1B5B5\",\"players\"]) in 73.4387ms'","module":"DBInterface","timestamp":"2026-09-10T04:41:27.447Z"}
{"level":"info","message":"Executed query (SHOW COLUMNS IN players []) in 15.9109ms'","module":"DBInterface","timestamp":"2026-09-10T04:41:27.463Z"}
{"level":"debug","message":"Database schema successfully validated","module":"boot","timestamp":"2026-09-10T04:41:27.464Z"}
{"level":"info","message":"New NPWD Player added through event (1) (C46M9XF9)","module":"player","timestamp":"2026-09-10T04:42:43.424Z"}
{"level":"debug","message":{"_firstname":"Aj","_identifier":"C46M9XF9","_lastname":"Fabela","_phoneNumber":"8158341444","source":1,"username":"FieryFusionFX"},"module":"player","timestamp":"2026-09-10T04:42:43.424Z"}
{"level":"info","message":"New NPWD Player added through event (1) (C46M9XF9)","module":"player","timestamp":"2026-09-10T04:42:43.427Z"}
{"level":"debug","message":{"_firstname":"Aj","_identifier":"C46M9XF9","_lastname":"Fabela","_phoneNumber":"8158341444","source":1,"username":"FieryFusionFX"},"module":"player","timestamp":"2026-09-10T04:42:43.428Z"}
{"level":"silly","message":"netPromise > npwd:fetchTweets > RequestObj","module":"events","timestamp":"2026-09-10T04:42:43.519Z"}
{"level":"silly","message":{"data":{"pageId":0},"source":1},"module":"events","timestamp":"2026-09-10T04:42:43.519Z"}
{"level":"info","message":"Executed query (\n        SELECT *\n        FROM npwd_twitter_profiles\n        WHERE identifier = ?\n        LIMIT 1\n\t\t [\"C46M9XF9\"]) in 3.1806ms'","module":"DBInterface","timestamp":"2026-09-10T04:42:43.523Z"}
{"level":"info","message":"Executed query (\n        SELECT \n  npwd_twitter_tweets.id,\n  npwd_twitter_tweets.identifier,\n  npwd_twitter_profiles.id AS profile_id,\n  npwd_twitter_profiles.profile_name,\n  npwd_twitter_profiles.avatar_url,\n  npwd_twitter_tweets.likes,\n  npwd_twitter_tweets.visible,\n  IFNULL(COALESCE(retweets.message, npwd_twitter_tweets.message), '') AS message,\n  IFNULL(COALESCE(retweets.images, npwd_twitter_tweets.images), '') AS images,\n  npwd_twitter_tweets.retweet IS NOT NULL AS isRetweet,\n  retweets.id AS retweetId,\n  retweets_profiles.profile_name AS retweetProfileName,\n  retweets_profiles.avatar_url AS retweetAvatarUrl,\n  npwd_twitter_likes.id IS NOT NULL AS isLiked,\n  npwd_twitter_reports.id IS NOT NULL AS isReported,\n  npwd_twitter_tweets.createdAt,\n  npwd_twitter_tweets.updatedAt,\n  TIME_TO_SEC(TIMEDIFF( NOW(), npwd_twitter_tweets.createdAt)) AS seconds_since_tweet\n\n        FROM npwd_twitter_tweets\n                 LEFT OUTER JOIN npwd_twitter_profiles\n                                 ON npwd_twitter_tweets.identifier = npwd_twitter_profiles.identifier\n                 LEFT OUTER JOIN npwd_twitter_likes ON npwd_twitter_tweets.id = npwd_twitter_likes.tweet_id AND\n                                                       npwd_twitter_likes.profile_id = ?\n                 LEFT OUTER JOIN npwd_twitter_reports ON npwd_twitter_tweets.id = npwd_twitter_reports.tweet_id AND\n                                                         npwd_twitter_reports.profile_id = ?\n                 LEFT OUTER JOIN npwd_twitter_tweets AS retweets ON retweets.id = npwd_twitter_tweets.retweet\n                 LEFT OUTER JOIN npwd_twitter_profiles AS retweets_profiles\n                                 ON retweets.identifier = retweets_profiles.identifier\n        WHERE npwd_twitter_tweets.visible = 1\n        ORDER BY id DESC\n        LIMIT ? OFFSET ?\n\t\t [1,1,\"25\",\"0\"]) in 3.0474ms'","module":"DBInterface","timestamp":"2026-09-10T04:42:43.526Z"}
{"level":"silly","message":"Response Promise Event npwd:fetchTweets:98146043-1c17-4b78-9301-a5d5de1d8476 (7.2524ms), Data >>","module":"events","timestamp":"2026-09-10T04:42:43.526Z"}
{"level":"silly","message":{"data":[],"status":"ok"},"module":"events","timestamp":"2026-09-10T04:42:43.526Z"}
{"level":"silly","message":"netPromise > npwd:getOrCreateTwitterProfile > RequestObj","module":"events","timestamp":"2026-09-10T04:42:43.570Z"}
{"level":"silly","message":{"data":null,"source":1},"module":"events","timestamp":"2026-09-10T04:42:43.570Z"}
{"level":"silly","message":"netPromise > phone:getMyProfile > RequestObj","module":"events","timestamp":"2026-09-10T04:42:43.570Z"}
{"level":"silly","message":{"data":null,"source":1},"module":"events","timestamp":"2026-09-10T04:42:43.570Z"}
{"level":"silly","message":"netPromise > npwd:fetchMessageGroups > RequestObj","module":"events","timestamp":"2026-09-10T04:42:43.572Z"}
{"level":"silly","message":{"data":null,"source":1},"module":"events","timestamp":"2026-09-10T04:42:43.572Z"}
{"level":"silly","message":"netPromise > npwd-contact-getAll > RequestObj","module":"events","timestamp":"2026-09-10T04:42:43.573Z"}
{"level":"silly","message":{"data":null,"source":1},"module":"events","timestamp":"2026-09-10T04:42:43.573Z"}
{"level":"info","message":"Executed query (\n        SELECT *\n        FROM npwd_twitter_profiles\n        WHERE identifier = ?\n        LIMIT 1\n\t\t [\"C46M9XF9\"]) in 5.5693ms'","module":"DBInterface","timestamp":"2026-09-10T04:42:43.576Z"}
{"level":"silly","message":"Response Promise Event npwd:getOrCreateTwitterProfile:e2a5ca23-3010-4bd7-9a2d-1660ec5f9a9a (6.129ms), Data >>","module":"events","timestamp":"2026-09-10T04:42:43.576Z"}
{"level":"silly","message":{"data":{"avatar_url":"https://i.fivemanage.com/images/3ClWwmpwkFhL.png","createdAt":"2026-09-09T19:58:52.000Z","id":1,"identifier":"C46M9XF9","profile_name":"Aj_Fabela","updatedAt":"2026-09-09T19:58:52.000Z"},"status":"ok"},"module":"events","timestamp":"2026-09-10T04:42:43.576Z"}
{"level":"info","message":"Executed query (\n        SELECT *,\n               UNIX_TIMESTAMP(updatedAt) AS lastActive\n        FROM npwd_match_profiles\n        WHERE identifier = ?\n        LIMIT 1\n\t\t [\"C46M9XF9\"]) in 12.7925ms'","module":"DBInterface","timestamp":"2026-09-10T04:42:43.583Z"}
{"level":"silly","message":"Response Promise Event phone:getMyProfile:7b7af403-77ab-4631-8969-baba3d27bf17 (13.8333ms), Data >>","module":"events","timestamp":"2026-09-10T04:42:43.584Z"}
{"level":"info","message":"Executed query (SELECT npwd_messages_conversations.id,\n                          npwd_messages_conversations.conversation_list         as conversationList,\n                          npwd_messages_participants.unread_count               as unreadCount,\n                          npwd_messages_conversations.is_group_chat             as isGroupChat,\n                          npwd_messages_conversations.label,\n                          UNIX_TIMESTAMP(npwd_messages_conversations.updatedAt) as updatedAt,\n                          npwd_messages_participants.participant\n                   FROM npwd_messages_conversations\n                            INNER JOIN npwd_messages_participants\n                                       on npwd_messages_conversations.id = npwd_messages_participants.conversation_id\n                   WHERE npwd_messages_participants.participant = ? [\"8158341444\"]) in 13.0431ms'","module":"DBInterface","timestamp":"2026-09-10T04:42:43.586Z"}
{"level":"info","message":"Executed query (SELECT * FROM npwd_phone_contacts WHERE identifier = ? ORDER BY display ASC [\"C46M9XF9\"]) in 13.4818ms'","module":"DBInterface","timestamp":"2026-09-10T04:42:43.587Z"}
{"level":"silly","message":{"data":{"bio":"","createdAt":"2026-09-09T19:58:52.000Z","id":1,"identifier":"C46M9XF9","image":"https://upload.wikimedia.org/wikipedia/commons/a/ac/No_image_available.svg","job":"","lastActive":1788983932,"lastActiveFormatted":"Wed, 09 Sep 2026 19:58:52 GMT","location":"","name":"Aj Fabela","tagList":[],"tags":"","updatedAt":"2026-09-09T19:58:52.000Z","viewed":false,"voiceMessage":null},"status":"ok"},"module":"events","timestamp":"2026-09-10T04:42:43.584Z"}
{"level":"silly","message":"Response Promise Event npwd:fetchMessageGroups:e6c6c8b7-5330-443b-abba-f2ec9eb0d652 (13.6027ms), Data >>","module":"events","timestamp":"2026-09-10T04:42:43.586Z"}
{"level":"silly","message":{"data":[],"status":"ok"},"module":"events","timestamp":"2026-09-10T04:42:43.586Z"}
{"level":"silly","message":"Response Promise Event npwd-contact-getAll:4547b965-d476-4b5a-b95d-4e5f0ac987ff (13.7356ms), Data >>","module":"events","timestamp":"2026-09-10T04:42:43.587Z"}
{"level":"silly","message":{"data":[],"status":"ok"},"module":"events","timestamp":"2026-09-10T04:42:43.587Z"}
{"level":"debug","message":"Marketplace service started","module":"marketplace","timestamp":"2026-09-10T04:53:16.410Z"}
{"level":"debug","message":"Call service started","module":"calls","timestamp":"2026-09-10T04:53:16.411Z"}
{"level":"debug","message":"Player Service started","module":"player","timestamp":"2026-09-10T04:53:16.412Z"}
{"level":"info","message":"Loading QBX bridge....","timestamp":"2026-09-10T04:53:16.412Z"}
{"level":"info","message":"QBX bridge initialized","timestamp":"2026-09-10T04:53:16.412Z"}
{"level":"debug","message":"Boot service started","module":"boot","timestamp":"2026-09-10T04:53:16.412Z"}
{"level":"debug","message":"Messages service started","module":"messages","timestamp":"2026-09-10T04:53:16.412Z"}
{"level":"debug","message":"Notes service started","module":"notes","timestamp":"2026-09-10T04:53:16.413Z"}
{"level":"debug","message":"Contacts service started","module":"contact","timestamp":"2026-09-10T04:53:16.413Z"}
{"level":"debug","message":"Photo service started","module":"photo","timestamp":"2026-09-10T04:53:16.419Z"}
{"level":"debug","message":"Twitter service started","module":"twitter","timestamp":"2026-09-10T04:53:16.420Z"}
{"level":"debug","message":"Match service started","module":"match","timestamp":"2026-09-10T04:53:16.420Z"}
{"level":"debug","message":"Beginning database schema validation","module":"boot","timestamp":"2026-09-10T04:53:17.166Z"}
{"level":"info","message":"Successfully started","timestamp":"2026-09-10T04:53:17.175Z"}
{"level":"info","message":"Executed query (SELECT COUNT(*) as count\n                       FROM information_schema.tables\n                       WHERE table_schema = ?\n                         AND table_name = ? [\"Qbox_A1B5B5\",\"players\"]) in 73.4372ms'","module":"DBInterface","timestamp":"2026-09-10T04:53:17.240Z"}
{"level":"info","message":"Executed query (SHOW COLUMNS IN players []) in 21.1513ms'","module":"DBInterface","timestamp":"2026-09-10T04:53:17.262Z"}
{"level":"debug","message":"Database schema successfully validated","module":"boot","timestamp":"2026-09-10T04:53:17.262Z"}
{"level":"info","message":"New NPWD Player added through event (1) (C46M9XF9)","module":"player","timestamp":"2026-09-10T04:54:48.240Z"}
{"level":"debug","message":{"_firstname":"Aj","_identifier":"C46M9XF9","_lastname":"Fabela","_phoneNumber":"8158341444","source":1,"username":"FieryFusionFX"},"module":"player","timestamp":"2026-09-10T04:54:48.240Z"}
{"level":"info","message":"New NPWD Player added through event (1) (C46M9XF9)","module":"player","timestamp":"2026-09-10T04:54:48.242Z"}
{"level":"debug","message":{"_firstname":"Aj","_identifier":"C46M9XF9","_lastname":"Fabela","_phoneNumber":"8158341444","source":1,"username":"FieryFusionFX"},"module":"player","timestamp":"2026-09-10T04:54:48.242Z"}
{"level":"silly","message":"netPromise > npwd:fetchTweets > RequestObj","module":"events","timestamp":"2026-09-10T04:54:48.287Z"}
{"level":"silly","message":{"data":{"pageId":0},"source":1},"module":"events","timestamp":"2026-09-10T04:54:48.288Z"}
{"level":"info","message":"Executed query (\n        SELECT *\n        FROM npwd_twitter_profiles\n        WHERE identifier = ?\n        LIMIT 1\n\t\t [\"C46M9XF9\"]) in 4.0576ms'","module":"DBInterface","timestamp":"2026-09-10T04:54:48.292Z"}
{"level":"info","message":"Executed query (\n        SELECT \n  npwd_twitter_tweets.id,\n  npwd_twitter_tweets.identifier,\n  npwd_twitter_profiles.id AS profile_id,\n  npwd_twitter_profiles.profile_name,\n  npwd_twitter_profiles.avatar_url,\n  npwd_twitter_tweets.likes,\n  npwd_twitter_tweets.visible,\n  IFNULL(COALESCE(retweets.message, npwd_twitter_tweets.message), '') AS message,\n  IFNULL(COALESCE(retweets.images, npwd_twitter_tweets.images), '') AS images,\n  npwd_twitter_tweets.retweet IS NOT NULL AS isRetweet,\n  retweets.id AS retweetId,\n  retweets_profiles.profile_name AS retweetProfileName,\n  retweets_profiles.avatar_url AS retweetAvatarUrl,\n  npwd_twitter_likes.id IS NOT NULL AS isLiked,\n  npwd_twitter_reports.id IS NOT NULL AS isReported,\n  npwd_twitter_tweets.createdAt,\n  npwd_twitter_tweets.updatedAt,\n  TIME_TO_SEC(TIMEDIFF( NOW(), npwd_twitter_tweets.createdAt)) AS seconds_since_tweet\n\n        FROM npwd_twitter_tweets\n                 LEFT OUTER JOIN npwd_twitter_profiles\n                                 ON npwd_twitter_tweets.identifier = npwd_twitter_profiles.identifier\n                 LEFT OUTER JOIN npwd_twitter_likes ON npwd_twitter_tweets.id = npwd_twitter_likes.tweet_id AND\n                                                       npwd_twitter_likes.profile_id = ?\n                 LEFT OUTER JOIN npwd_twitter_reports ON npwd_twitter_tweets.id = npwd_twitter_reports.tweet_id AND\n                                                         npwd_twitter_reports.profile_id = ?\n                 LEFT OUTER JOIN npwd_twitter_tweets AS retweets ON retweets.id = npwd_twitter_tweets.retweet\n                 LEFT OUTER JOIN npwd_twitter_profiles AS retweets_profiles\n                                 ON retweets.identifier = retweets_profiles.identifier\n        WHERE npwd_twitter_tweets.visible = 1\n        ORDER BY id DESC\n        LIMIT ? OFFSET ?\n\t\t [1,1,\"25\",\"0\"]) in 3.5916ms'","module":"DBInterface","timestamp":"2026-09-10T04:54:48.296Z"}
{"level":"silly","message":"Response Promise Event npwd:fetchTweets:963cb9b5-ace4-46aa-beb1-dfdc66a7b138 (9.2918ms), Data >>","module":"events","timestamp":"2026-09-10T04:54:48.297Z"}
{"level":"silly","message":{"data":[],"status":"ok"},"module":"events","timestamp":"2026-09-10T04:54:48.297Z"}
{"level":"silly","message":"netPromise > npwd:getOrCreateTwitterProfile > RequestObj","module":"events","timestamp":"2026-09-10T04:54:48.336Z"}
{"level":"silly","message":{"data":null,"source":1},"module":"events","timestamp":"2026-09-10T04:54:48.336Z"}
{"level":"silly","message":"netPromise > phone:getMyProfile > RequestObj","module":"events","timestamp":"2026-09-10T04:54:48.337Z"}
{"level":"silly","message":{"data":null,"source":1},"module":"events","timestamp":"2026-09-10T04:54:48.337Z"}
{"level":"silly","message":"netPromise > npwd:fetchMessageGroups > RequestObj","module":"events","timestamp":"2026-09-10T04:54:48.338Z"}
{"level":"silly","message":{"data":null,"source":1},"module":"events","timestamp":"2026-09-10T04:54:48.338Z"}
{"level":"info","message":"Executed query (\n        SELECT *\n        FROM npwd_twitter_profiles\n        WHERE identifier = ?\n        LIMIT 1\n\t\t [\"C46M9XF9\"]) in 5.5842ms'","module":"DBInterface","timestamp":"2026-09-10T04:54:48.342Z"}
{"level":"silly","message":"Response Promise Event npwd:getOrCreateTwitterProfile:ac5e052e-303a-4bd0-b7c3-b6c30206d66a (6.1582ms), Data >>","module":"events","timestamp":"2026-09-10T04:54:48.342Z"}
{"level":"silly","message":{"data":{"avatar_url":"https://i.fivemanage.com/images/3ClWwmpwkFhL.png","createdAt":"2026-09-09T19:58:52.000Z","id":1,"identifier":"C46M9XF9","profile_name":"Aj_Fabela","updatedAt":"2026-09-09T19:58:52.000Z"},"status":"ok"},"module":"events","timestamp":"2026-09-10T04:54:48.342Z"}
{"level":"info","message":"Executed query (SELECT npwd_messages_conversations.id,\n                          npwd_messages_conversations.conversation_list         as conversationList,\n                          npwd_messages_participants.unread_count               as unreadCount,\n                          npwd_messages_conversations.is_group_chat             as isGroupChat,\n                          npwd_messages_conversations.label,\n                          UNIX_TIMESTAMP(npwd_messages_conversations.updatedAt) as updatedAt,\n                          npwd_messages_participants.participant\n                   FROM npwd_messages_conversations\n                            INNER JOIN npwd_messages_participants\n                                       on npwd_messages_conversations.id = npwd_messages_participants.conversation_id\n                   WHERE npwd_messages_participants.participant = ? [\"8158341444\"]) in 7.7807ms'","module":"DBInterface","timestamp":"2026-09-10T04:54:48.346Z"}
{"level":"silly","message":"Response Promise Event npwd:fetchMessageGroups:eda87276-48be-4a1f-a931-0db29626aad8 (8.7117ms), Data >>","module":"events","timestamp":"2026-09-10T04:54:48.346Z"}
{"level":"info","message":"Executed query (\n        SELECT *,\n               UNIX_TIMESTAMP(updatedAt) AS lastActive\n        FROM npwd_match_profiles\n        WHERE identifier = ?\n        LIMIT 1\n\t\t [\"C46M9XF9\"]) in 10.7614ms'","module":"DBInterface","timestamp":"2026-09-10T04:54:48.348Z"}
{"level":"silly","message":{"data":[],"status":"ok"},"module":"events","timestamp":"2026-09-10T04:54:48.346Z"}
{"level":"silly","message":"Response Promise Event phone:getMyProfile:80cc3c2b-c5b2-48b1-a72f-399491a9c454 (11.9549ms), Data >>","module":"events","timestamp":"2026-09-10T04:54:48.348Z"}
{"level":"silly","message":{"data":{"bio":"","createdAt":"2026-09-09T19:58:52.000Z","id":1,"identifier":"C46M9XF9","image":"https://upload.wikimedia.org/wikipedia/commons/a/ac/No_image_available.svg","job":"","lastActive":1788983932,"lastActiveFormatted":"Wed, 09 Sep 2026 19:58:52 GMT","location":"","name":"Aj Fabela","tagList":[],"tags":"","updatedAt":"2026-09-09T19:58:52.000Z","viewed":false,"voiceMessage":null},"status":"ok"},"module":"events","timestamp":"2026-09-10T04:54:48.348Z"}
{"level":"silly","message":"netPromise > npwd-contact-getAll > RequestObj","module":"events","timestamp":"2026-09-10T04:54:48.386Z"}
{"level":"silly","message":{"data":null,"source":1},"module":"events","timestamp":"2026-09-10T04:54:48.386Z"}
{"level":"info","message":"Executed query (SELECT * FROM npwd_phone_contacts WHERE identifier = ? ORDER BY display ASC [\"C46M9XF9\"]) in 2.4718ms'","module":"DBInterface","timestamp":"2026-09-10T04:54:48.388Z"}
{"level":"silly","message":"Response Promise Event npwd-contact-getAll:e2305ad8-db8a-4fa1-ae03-a0e0f3488848 (2.8909ms), Data >>","module":"events","timestamp":"2026-09-10T04:54:48.389Z"}
{"level":"silly","message":{"data":[],"status":"ok"},"module":"events","timestamp":"2026-09-10T04:54:48.389Z"}
{"level":"debug","message":"Marketplace service started","module":"marketplace","timestamp":"2026-09-10T05:11:27.964Z"}
{"level":"debug","message":"Call service started","module":"calls","timestamp":"2026-09-10T05:11:27.966Z"}
{"level":"debug","message":"Player Service started","module":"player","timestamp":"2026-09-10T05:11:27.966Z"}
{"level":"info","message":"Loading QBX bridge....","timestamp":"2026-09-10T05:11:27.966Z"}
{"level":"info","message":"QBX bridge initialized","timestamp":"2026-09-10T05:11:27.967Z"}
{"level":"debug","message":"Boot service started","module":"boot","timestamp":"2026-09-10T05:11:27.967Z"}
{"level":"debug","message":"Messages service started","module":"messages","timestamp":"2026-09-10T05:11:27.967Z"}
{"level":"debug","message":"Notes service started","module":"notes","timestamp":"2026-09-10T05:11:27.967Z"}
{"level":"debug","message":"Contacts service started","module":"contact","timestamp":"2026-09-10T05:11:27.968Z"}
{"level":"debug","message":"Photo service started","module":"photo","timestamp":"2026-09-10T05:11:27.975Z"}
{"level":"debug","message":"Twitter service started","module":"twitter","timestamp":"2026-09-10T05:11:27.975Z"}
{"level":"debug","message":"Match service started","module":"match","timestamp":"2026-09-10T05:11:27.975Z"}
{"level":"debug","message":"Beginning database schema validation","module":"boot","timestamp":"2026-09-10T05:11:28.742Z"}
{"level":"info","message":"Successfully started","timestamp":"2026-09-10T05:11:28.751Z"}
{"level":"info","message":"Executed query (SELECT COUNT(*) as count\n                       FROM information_schema.tables\n                       WHERE table_schema = ?\n                         AND table_name = ? [\"Qbox_A1B5B5\",\"players\"]) in 81.7828ms'","module":"DBInterface","timestamp":"2026-09-10T05:11:28.825Z"}
{"level":"info","message":"Executed query (SHOW COLUMNS IN players []) in 22.0123ms'","module":"DBInterface","timestamp":"2026-09-10T05:11:28.847Z"}
{"level":"debug","message":"Database schema successfully validated","module":"boot","timestamp":"2026-09-10T05:11:28.848Z"}
{"level":"debug","message":"Marketplace service started","module":"marketplace","timestamp":"2026-09-10T05:18:00.814Z"}
{"level":"debug","message":"Call service started","module":"calls","timestamp":"2026-09-10T05:18:00.815Z"}
{"level":"debug","message":"Player Service started","module":"player","timestamp":"2026-09-10T05:18:00.815Z"}
{"level":"info","message":"Loading QBX bridge....","timestamp":"2026-09-10T05:18:00.815Z"}
{"level":"info","message":"QBX bridge initialized","timestamp":"2026-09-10T05:18:00.816Z"}
{"level":"debug","message":"Boot service started","module":"boot","timestamp":"2026-09-10T05:18:00.816Z"}
{"level":"debug","message":"Messages service started","module":"messages","timestamp":"2026-09-10T05:18:00.816Z"}
{"level":"debug","message":"Notes service started","module":"notes","timestamp":"2026-09-10T05:18:00.816Z"}
{"level":"debug","message":"Contacts service started","module":"contact","timestamp":"2026-09-10T05:18:00.816Z"}
{"level":"debug","message":"Photo service started","module":"photo","timestamp":"2026-09-10T05:18:00.822Z"}
{"level":"debug","message":"Twitter service started","module":"twitter","timestamp":"2026-09-10T05:18:00.823Z"}
{"level":"debug","message":"Match service started","module":"match","timestamp":"2026-09-10T05:18:00.823Z"}
{"level":"debug","message":"Beginning database schema validation","module":"boot","timestamp":"2026-09-10T05:18:01.413Z"}
{"level":"info","message":"Successfully started","timestamp":"2026-09-10T05:18:01.420Z"}
{"level":"info","message":"Executed query (SELECT COUNT(*) as count\n                       FROM information_schema.tables\n                       WHERE table_schema = ?\n                         AND table_name = ? [\"Qbox_A1B5B5\",\"players\"]) in 65.614ms'","module":"DBInterface","timestamp":"2026-09-10T05:18:01.479Z"}
{"level":"info","message":"Executed query (SHOW COLUMNS IN players []) in 16.83ms'","module":"DBInterface","timestamp":"2026-09-10T05:18:01.496Z"}
{"level":"debug","message":"Database schema successfully validated","module":"boot","timestamp":"2026-09-10T05:18:01.496Z"}
{"level":"info","message":"New NPWD Player added through event (1) (C46M9XF9)","module":"player","timestamp":"2026-09-10T05:20:26.467Z"}
{"level":"debug","message":{"_firstname":"Aj","_identifier":"C46M9XF9","_lastname":"Fabela","_phoneNumber":"8158341444","source":1,"username":"FieryFusionFX"},"module":"player","timestamp":"2026-09-10T05:20:26.467Z"}
{"level":"info","message":"New NPWD Player added through event (1) (C46M9XF9)","module":"player","timestamp":"2026-09-10T05:20:26.471Z"}
{"level":"debug","message":{"_firstname":"Aj","_identifier":"C46M9XF9","_lastname":"Fabela","_phoneNumber":"8158341444","source":1,"username":"FieryFusionFX"},"module":"player","timestamp":"2026-09-10T05:20:26.471Z"}
{"level":"silly","message":"netPromise > npwd:fetchTweets > RequestObj","module":"events","timestamp":"2026-09-10T05:20:26.515Z"}
{"level":"silly","message":{"data":{"pageId":0},"source":1},"module":"events","timestamp":"2026-09-10T05:20:26.515Z"}
{"level":"info","message":"Executed query (\n        SELECT *\n        FROM npwd_twitter_profiles\n        WHERE identifier = ?\n        LIMIT 1\n\t\t [\"C46M9XF9\"]) in 2.8258ms'","module":"DBInterface","timestamp":"2026-09-10T05:20:26.518Z"}
{"level":"info","message":"Executed query (\n        SELECT \n  npwd_twitter_tweets.id,\n  npwd_twitter_tweets.identifier,\n  npwd_twitter_profiles.id AS profile_id,\n  npwd_twitter_profiles.profile_name,\n  npwd_twitter_profiles.avatar_url,\n  npwd_twitter_tweets.likes,\n  npwd_twitter_tweets.visible,\n  IFNULL(COALESCE(retweets.message, npwd_twitter_tweets.message), '') AS message,\n  IFNULL(COALESCE(retweets.images, npwd_twitter_tweets.images), '') AS images,\n  npwd_twitter_tweets.retweet IS NOT NULL AS isRetweet,\n  retweets.id AS retweetId,\n  retweets_profiles.profile_name AS retweetProfileName,\n  retweets_profiles.avatar_url AS retweetAvatarUrl,\n  npwd_twitter_likes.id IS NOT NULL AS isLiked,\n  npwd_twitter_reports.id IS NOT NULL AS isReported,\n  npwd_twitter_tweets.createdAt,\n  npwd_twitter_tweets.updatedAt,\n  TIME_TO_SEC(TIMEDIFF( NOW(), npwd_twitter_tweets.createdAt)) AS seconds_since_tweet\n\n        FROM npwd_twitter_tweets\n                 LEFT OUTER JOIN npwd_twitter_profiles\n                                 ON npwd_twitter_tweets.identifier = npwd_twitter_profiles.identifier\n                 LEFT OUTER JOIN npwd_twitter_likes ON npwd_twitter_tweets.id = npwd_twitter_likes.tweet_id AND\n                                                       npwd_twitter_likes.profile_id = ?\n                 LEFT OUTER JOIN npwd_twitter_reports ON npwd_twitter_tweets.id = npwd_twitter_reports.tweet_id AND\n                                                         npwd_twitter_reports.profile_id = ?\n                 LEFT OUTER JOIN npwd_twitter_tweets AS retweets ON retweets.id = npwd_twitter_tweets.retweet\n                 LEFT OUTER JOIN npwd_twitter_profiles AS retweets_profiles\n                                 ON retweets.identifier = retweets_profiles.identifier\n        WHERE npwd_twitter_tweets.visible = 1\n        ORDER BY id DESC\n        LIMIT ? OFFSET ?\n\t\t [1,1,\"25\",\"0\"]) in 4.3822ms'","module":"DBInterface","timestamp":"2026-09-10T05:20:26.523Z"}
{"level":"silly","message":"Response Promise Event npwd:fetchTweets:765863bf-2b12-4410-92c3-b27b2d1c61f9 (8.2884ms), Data >>","module":"events","timestamp":"2026-09-10T05:20:26.523Z"}
{"level":"silly","message":{"data":[],"status":"ok"},"module":"events","timestamp":"2026-09-10T05:20:26.523Z"}
{"level":"silly","message":"netPromise > npwd:getOrCreateTwitterProfile > RequestObj","module":"events","timestamp":"2026-09-10T05:20:26.564Z"}
{"level":"silly","message":{"data":null,"source":1},"module":"events","timestamp":"2026-09-10T05:20:26.565Z"}
{"level":"silly","message":"netPromise > phone:getMyProfile > RequestObj","module":"events","timestamp":"2026-09-10T05:20:26.565Z"}
{"level":"silly","message":{"data":null,"source":1},"module":"events","timestamp":"2026-09-10T05:20:26.565Z"}
{"level":"silly","message":"netPromise > npwd:fetchMessageGroups > RequestObj","module":"events","timestamp":"2026-09-10T05:20:26.566Z"}
{"level":"silly","message":{"data":null,"source":1},"module":"events","timestamp":"2026-09-10T05:20:26.566Z"}
{"level":"silly","message":"netPromise > npwd-contact-getAll > RequestObj","module":"events","timestamp":"2026-09-10T05:20:26.567Z"}
{"level":"silly","message":{"data":null,"source":1},"module":"events","timestamp":"2026-09-10T05:20:26.567Z"}
{"level":"info","message":"Executed query (\n        SELECT *\n        FROM npwd_twitter_profiles\n        WHERE identifier = ?\n        LIMIT 1\n\t\t [\"C46M9XF9\"]) in 4.85ms'","module":"DBInterface","timestamp":"2026-09-10T05:20:26.570Z"}
{"level":"silly","message":"Response Promise Event npwd:getOrCreateTwitterProfile:932a491c-89f3-44fb-bef5-eb3c6b4d79d4 (5.4019ms), Data >>","module":"events","timestamp":"2026-09-10T05:20:26.570Z"}
{"level":"silly","message":{"data":{"avatar_url":"https://i.fivemanage.com/images/3ClWwmpwkFhL.png","createdAt":"2026-09-09T19:58:52.000Z","id":1,"identifier":"C46M9XF9","profile_name":"Aj_Fabela","updatedAt":"2026-09-09T19:58:52.000Z"},"status":"ok"},"module":"events","timestamp":"2026-09-10T05:20:26.570Z"}
{"level":"info","message":"Executed query (\n        SELECT *,\n               UNIX_TIMESTAMP(updatedAt) AS lastActive\n        FROM npwd_match_profiles\n        WHERE identifier = ?\n        LIMIT 1\n\t\t [\"C46M9XF9\"]) in 10.1055ms'","module":"DBInterface","timestamp":"2026-09-10T05:20:26.576Z"}
{"level":"silly","message":"Response Promise Event phone:getMyProfile:17ab2936-e0c6-447e-a1da-104f7e5fceec (11.0485ms), Data >>","module":"events","timestamp":"2026-09-10T05:20:26.576Z"}
{"level":"info","message":"Executed query (SELECT npwd_messages_conversations.id,\n                          npwd_messages_conversations.conversation_list         as conversationList,\n                          npwd_messages_participants.unread_count               as unreadCount,\n                          npwd_messages_conversations.is_group_chat             as isGroupChat,\n                          npwd_messages_conversations.label,\n                          UNIX_TIMESTAMP(npwd_messages_conversations.updatedAt) as updatedAt,\n                          npwd_messages_participants.participant\n                   FROM npwd_messages_conversations\n                            INNER JOIN npwd_messages_participants\n                                       on npwd_messages_conversations.id = npwd_messages_participants.conversation_id\n                   WHERE npwd_messages_participants.participant = ? [\"8158341444\"]) in 9.9795ms'","module":"DBInterface","timestamp":"2026-09-10T05:20:26.577Z"}
{"level":"info","message":"Executed query (SELECT * FROM npwd_phone_contacts WHERE identifier = ? ORDER BY display ASC [\"C46M9XF9\"]) in 10.3578ms'","module":"DBInterface","timestamp":"2026-09-10T05:20:26.578Z"}
{"level":"silly","message":{"data":{"bio":"","createdAt":"2026-09-09T19:58:52.000Z","id":1,"identifier":"C46M9XF9","image":"https://upload.wikimedia.org/wikipedia/commons/a/ac/No_image_available.svg","job":"","lastActive":1788983932,"lastActiveFormatted":"Wed, 09 Sep 2026 19:58:52 GMT","location":"","name":"Aj Fabela","tagList":[],"tags":"","updatedAt":"2026-09-09T19:58:52.000Z","viewed":false,"voiceMessage":null},"status":"ok"},"module":"events","timestamp":"2026-09-10T05:20:26.576Z"}
{"level":"silly","message":"Response Promise Event npwd:fetchMessageGroups:8779a8a9-69f5-42e0-aef9-0b135c8181ec (10.4162ms), Data >>","module":"events","timestamp":"2026-09-10T05:20:26.577Z"}
{"level":"silly","message":{"data":[],"status":"ok"},"module":"events","timestamp":"2026-09-10T05:20:26.577Z"}
{"level":"silly","message":"Response Promise Event npwd-contact-getAll:c8f96444-dc0b-4b75-9809-2bd1153a8c38 (10.5905ms), Data >>","module":"events","timestamp":"2026-09-10T05:20:26.578Z"}
{"level":"silly","message":{"data":[],"status":"ok"},"module":"events","timestamp":"2026-09-10T05:20:26.578Z"}
{"level":"debug","message":"Marketplace service started","module":"marketplace","timestamp":"2026-09-10T05:32:02.071Z"}
{"level":"debug","message":"Call service started","module":"calls","timestamp":"2026-09-10T05:32:02.074Z"}
{"level":"debug","message":"Player Service started","module":"player","timestamp":"2026-09-10T05:32:02.074Z"}
{"level":"info","message":"Loading QBX bridge....","timestamp":"2026-09-10T05:32:02.075Z"}
{"level":"info","message":"QBX bridge initialized","timestamp":"2026-09-10T05:32:02.075Z"}
{"level":"debug","message":"Boot service started","module":"boot","timestamp":"2026-09-10T05:32:02.076Z"}
{"level":"debug","message":"Messages service started","module":"messages","timestamp":"2026-09-10T05:32:02.076Z"}
{"level":"debug","message":"Notes service started","module":"notes","timestamp":"2026-09-10T05:32:02.076Z"}
{"level":"debug","message":"Contacts service started","module":"contact","timestamp":"2026-09-10T05:32:02.076Z"}
{"level":"debug","message":"Photo service started","module":"photo","timestamp":"2026-09-10T05:32:02.083Z"}
{"level":"debug","message":"Twitter service started","module":"twitter","timestamp":"2026-09-10T05:32:02.083Z"}
{"level":"debug","message":"Match service started","module":"match","timestamp":"2026-09-10T05:32:02.084Z"}
{"level":"debug","message":"Beginning database schema validation","module":"boot","timestamp":"2026-09-10T05:32:02.817Z"}
{"level":"info","message":"Successfully started","timestamp":"2026-09-10T05:32:02.827Z"}
{"level":"info","message":"Executed query (SELECT COUNT(*) as count\n                       FROM information_schema.tables\n                       WHERE table_schema = ?\n                         AND table_name = ? [\"Qbox_A1B5B5\",\"players\"]) in 78.3901ms'","module":"DBInterface","timestamp":"2026-09-10T05:32:02.896Z"}
{"level":"info","message":"Executed query (SHOW COLUMNS IN players []) in 18.9927ms'","module":"DBInterface","timestamp":"2026-09-10T05:32:02.915Z"}
{"level":"debug","message":"Database schema successfully validated","module":"boot","timestamp":"2026-09-10T05:32:02.915Z"}
{"level":"info","message":"New NPWD Player added through event (1) (C46M9XF9)","module":"player","timestamp":"2026-09-10T05:33:16.127Z"}
{"level":"debug","message":{"_firstname":"Aj","_identifier":"C46M9XF9","_lastname":"Fabela","_phoneNumber":"8158341444","source":1,"username":"FieryFusionFX"},"module":"player","timestamp":"2026-09-10T05:33:16.127Z"}
{"level":"info","message":"New NPWD Player added through event (1) (C46M9XF9)","module":"player","timestamp":"2026-09-10T05:33:16.131Z"}
{"level":"debug","message":{"_firstname":"Aj","_identifier":"C46M9XF9","_lastname":"Fabela","_phoneNumber":"8158341444","source":1,"username":"FieryFusionFX"},"module":"player","timestamp":"2026-09-10T05:33:16.131Z"}
{"level":"silly","message":"netPromise > npwd:fetchTweets > RequestObj","module":"events","timestamp":"2026-09-10T05:33:16.223Z"}
{"level":"silly","message":{"data":{"pageId":0},"source":1},"module":"events","timestamp":"2026-09-10T05:33:16.224Z"}
{"level":"info","message":"Executed query (\n        SELECT *\n        FROM npwd_twitter_profiles\n        WHERE identifier = ?\n        LIMIT 1\n\t\t [\"C46M9XF9\"]) in 4.4248ms'","module":"DBInterface","timestamp":"2026-09-10T05:33:16.228Z"}
{"level":"info","message":"Executed query (\n        SELECT \n  npwd_twitter_tweets.id,\n  npwd_twitter_tweets.identifier,\n  npwd_twitter_profiles.id AS profile_id,\n  npwd_twitter_profiles.profile_name,\n  npwd_twitter_profiles.avatar_url,\n  npwd_twitter_tweets.likes,\n  npwd_twitter_tweets.visible,\n  IFNULL(COALESCE(retweets.message, npwd_twitter_tweets.message), '') AS message,\n  IFNULL(COALESCE(retweets.images, npwd_twitter_tweets.images), '') AS images,\n  npwd_twitter_tweets.retweet IS NOT NULL AS isRetweet,\n  retweets.id AS retweetId,\n  retweets_profiles.profile_name AS retweetProfileName,\n  retweets_profiles.avatar_url AS retweetAvatarUrl,\n  npwd_twitter_likes.id IS NOT NULL AS isLiked,\n  npwd_twitter_reports.id IS NOT NULL AS isReported,\n  npwd_twitter_tweets.createdAt,\n  npwd_twitter_tweets.updatedAt,\n  TIME_TO_SEC(TIMEDIFF( NOW(), npwd_twitter_tweets.createdAt)) AS seconds_since_tweet\n\n        FROM npwd_twitter_tweets\n                 LEFT OUTER JOIN npwd_twitter_profiles\n                                 ON npwd_twitter_tweets.identifier = npwd_twitter_profiles.identifier\n                 LEFT OUTER JOIN npwd_twitter_likes ON npwd_twitter_tweets.id = npwd_twitter_likes.tweet_id AND\n                                                       npwd_twitter_likes.profile_id = ?\n                 LEFT OUTER JOIN npwd_twitter_reports ON npwd_twitter_tweets.id = npwd_twitter_reports.tweet_id AND\n                                                         npwd_twitter_reports.profile_id = ?\n                 LEFT OUTER JOIN npwd_twitter_tweets AS retweets ON retweets.id = npwd_twitter_tweets.retweet\n                 LEFT OUTER JOIN npwd_twitter_profiles AS retweets_profiles\n                                 ON retweets.identifier = retweets_profiles.identifier\n        WHERE npwd_twitter_tweets.visible = 1\n        ORDER BY id DESC\n        LIMIT ? OFFSET ?\n\t\t [1,1,\"25\",\"0\"]) in 3.7158ms'","module":"DBInterface","timestamp":"2026-09-10T05:33:16.232Z"}
{"level":"silly","message":"Response Promise Event npwd:fetchTweets:269b180f-327d-4c09-9caf-a54ad7d2e5f6 (9.5013ms), Data >>","module":"events","timestamp":"2026-09-10T05:33:16.233Z"}
{"level":"silly","message":{"data":[],"status":"ok"},"module":"events","timestamp":"2026-09-10T05:33:16.233Z"}
{"level":"silly","message":"netPromise > npwd:getOrCreateTwitterProfile > RequestObj","module":"events","timestamp":"2026-09-10T05:33:16.325Z"}
{"level":"silly","message":{"data":null,"source":1},"module":"events","timestamp":"2026-09-10T05:33:16.325Z"}
{"level":"silly","message":"netPromise > phone:getMyProfile > RequestObj","module":"events","timestamp":"2026-09-10T05:33:16.326Z"}
{"level":"silly","message":{"data":null,"source":1},"module":"events","timestamp":"2026-09-10T05:33:16.326Z"}
{"level":"silly","message":"netPromise > npwd:fetchMessageGroups > RequestObj","module":"events","timestamp":"2026-09-10T05:33:16.327Z"}
{"level":"silly","message":{"data":null,"source":1},"module":"events","timestamp":"2026-09-10T05:33:16.327Z"}
{"level":"silly","message":"netPromise > npwd-contact-getAll > RequestObj","module":"events","timestamp":"2026-09-10T05:33:16.328Z"}
{"level":"silly","message":{"data":null,"source":1},"module":"events","timestamp":"2026-09-10T05:33:16.328Z"}
{"level":"info","message":"Executed query (\n        SELECT *\n        FROM npwd_twitter_profiles\n        WHERE identifier = ?\n        LIMIT 1\n\t\t [\"C46M9XF9\"]) in 6.3154ms'","module":"DBInterface","timestamp":"2026-09-10T05:33:16.332Z"}
{"level":"silly","message":"Response Promise Event npwd:getOrCreateTwitterProfile:8cbbaeb6-eae5-4136-9835-16a404cc6ffe (7.062ms), Data >>","module":"events","timestamp":"2026-09-10T05:33:16.332Z"}
{"level":"silly","message":{"data":{"avatar_url":"https://i.fivemanage.com/images/3ClWwmpwkFhL.png","createdAt":"2026-09-09T19:58:52.000Z","id":1,"identifier":"C46M9XF9","profile_name":"Aj_Fabela","updatedAt":"2026-09-09T19:58:52.000Z"},"status":"ok"},"module":"events","timestamp":"2026-09-10T05:33:16.332Z"}
{"level":"info","message":"Executed query (\n        SELECT *,\n               UNIX_TIMESTAMP(updatedAt) AS lastActive\n        FROM npwd_match_profiles\n        WHERE identifier = ?\n        LIMIT 1\n\t\t [\"C46M9XF9\"]) in 10.8185ms'","module":"DBInterface","timestamp":"2026-09-10T05:33:16.337Z"}
{"level":"silly","message":"Response Promise Event phone:getMyProfile:631cce7a-c410-448d-986e-ad7ce70710dd (11.7616ms), Data >>","module":"events","timestamp":"2026-09-10T05:33:16.338Z"}
{"level":"info","message":"Executed query (SELECT npwd_messages_conversations.id,\n                          npwd_messages_conversations.conversation_list         as conversationList,\n                          npwd_messages_participants.unread_count               as unreadCount,\n                          npwd_messages_conversations.is_group_chat             as isGroupChat,\n                          npwd_messages_conversations.label,\n                          UNIX_TIMESTAMP(npwd_messages_conversations.updatedAt) as updatedAt,\n                          npwd_messages_participants.participant\n                   FROM npwd_messages_conversations\n                            INNER JOIN npwd_messages_participants\n                                       on npwd_messages_conversations.id = npwd_messages_participants.conversation_id\n                   WHERE npwd_messages_participants.participant = ? [\"8158341444\"]) in 11.3072ms'","module":"DBInterface","timestamp":"2026-09-10T05:33:16.338Z"}
{"level":"info","message":"Executed query (SELECT * FROM npwd_phone_contacts WHERE identifier = ? ORDER BY display ASC [\"C46M9XF9\"]) in 10.4617ms'","module":"DBInterface","timestamp":"2026-09-10T05:33:16.339Z"}
{"level":"silly","message":{"data":{"bio":"","createdAt":"2026-09-09T19:58:52.000Z","id":1,"identifier":"C46M9XF9","image":"https://upload.wikimedia.org/wikipedia/commons/a/ac/No_image_available.svg","job":"","lastActive":1788983932,"lastActiveFormatted":"Wed, 09 Sep 2026 19:58:52 GMT","location":"","name":"Aj Fabela","tagList":[],"tags":"","updatedAt":"2026-09-09T19:58:52.000Z","viewed":false,"voiceMessage":null},"status":"ok"},"module":"events","timestamp":"2026-09-10T05:33:16.338Z"}
{"level":"silly","message":"Response Promise Event npwd:fetchMessageGroups:92f4fa0c-67cb-4707-b49a-0cea7456d7e5 (11.6125ms), Data >>","module":"events","timestamp":"2026-09-10T05:33:16.338Z"}
{"level":"silly","message":{"data":[],"status":"ok"},"module":"events","timestamp":"2026-09-10T05:33:16.338Z"}
{"level":"silly","message":"Response Promise Event npwd-contact-getAll:010bda01-8336-4e32-81ef-fdae89842886 (10.8216ms), Data >>","module":"events","timestamp":"2026-09-10T05:33:16.339Z"}
{"level":"silly","message":{"data":[],"status":"ok"},"module":"events","timestamp":"2026-09-10T05:33:16.339Z"}
{"level":"debug","message":"Marketplace service started","module":"marketplace","timestamp":"2026-09-10T05:36:53.057Z"}
{"level":"debug","message":"Call service started","module":"calls","timestamp":"2026-09-10T05:36:53.058Z"}
{"level":"debug","message":"Player Service started","module":"player","timestamp":"2026-09-10T05:36:53.059Z"}
{"level":"info","message":"Loading QBX bridge....","timestamp":"2026-09-10T05:36:53.059Z"}
{"level":"info","message":"QBX bridge initialized","timestamp":"2026-09-10T05:36:53.059Z"}
{"level":"debug","message":"Boot service started","module":"boot","timestamp":"2026-09-10T05:36:53.059Z"}
{"level":"debug","message":"Messages service started","module":"messages","timestamp":"2026-09-10T05:36:53.059Z"}
{"level":"debug","message":"Notes service started","module":"notes","timestamp":"2026-09-10T05:36:53.060Z"}
{"level":"debug","message":"Contacts service started","module":"contact","timestamp":"2026-09-10T05:36:53.060Z"}
{"level":"debug","message":"Photo service started","module":"photo","timestamp":"2026-09-10T05:36:53.067Z"}
{"level":"debug","message":"Twitter service started","module":"twitter","timestamp":"2026-09-10T05:36:53.067Z"}
{"level":"debug","message":"Match service started","module":"match","timestamp":"2026-09-10T05:36:53.067Z"}
{"level":"debug","message":"Beginning database schema validation","module":"boot","timestamp":"2026-09-10T05:36:53.810Z"}
{"level":"info","message":"Successfully started","timestamp":"2026-09-10T05:36:53.819Z"}
{"level":"info","message":"Executed query (SELECT COUNT(*) as count\n                       FROM information_schema.tables\n                       WHERE table_schema = ?\n                         AND table_name = ? [\"Qbox_A1B5B5\",\"players\"]) in 111.3158ms'","module":"DBInterface","timestamp":"2026-09-10T05:36:53.922Z"}
{"level":"info","message":"Executed query (SHOW COLUMNS IN players []) in 18.0374ms'","module":"DBInterface","timestamp":"2026-09-10T05:36:53.940Z"}
{"level":"debug","message":"Database schema successfully validated","module":"boot","timestamp":"2026-09-10T05:36:53.941Z"}
{"level":"info","message":"New NPWD Player added through event (1) (C46M9XF9)","module":"player","timestamp":"2026-09-10T05:38:32.278Z"}
{"level":"debug","message":{"_firstname":"Aj","_identifier":"C46M9XF9","_lastname":"Fabela","_phoneNumber":"8158341444","source":1,"username":"FieryFusionFX"},"module":"player","timestamp":"2026-09-10T05:38:32.278Z"}
{"level":"info","message":"New NPWD Player added through event (1) (C46M9XF9)","module":"player","timestamp":"2026-09-10T05:38:32.280Z"}
{"level":"debug","message":{"_firstname":"Aj","_identifier":"C46M9XF9","_lastname":"Fabela","_phoneNumber":"8158341444","source":1,"username":"FieryFusionFX"},"module":"player","timestamp":"2026-09-10T05:38:32.280Z"}
{"level":"silly","message":"netPromise > npwd:fetchTweets > RequestObj","module":"events","timestamp":"2026-09-10T05:38:32.375Z"}
{"level":"silly","message":{"data":{"pageId":0},"source":1},"module":"events","timestamp":"2026-09-10T05:38:32.375Z"}
{"level":"info","message":"Executed query (\n        SELECT *\n        FROM npwd_twitter_profiles\n        WHERE identifier = ?\n        LIMIT 1\n\t\t [\"C46M9XF9\"]) in 4.4235ms'","module":"DBInterface","timestamp":"2026-09-10T05:38:32.380Z"}
{"level":"info","message":"Executed query (\n        SELECT \n  npwd_twitter_tweets.id,\n  npwd_twitter_tweets.identifier,\n  npwd_twitter_profiles.id AS profile_id,\n  npwd_twitter_profiles.profile_name,\n  npwd_twitter_profiles.avatar_url,\n  npwd_twitter_tweets.likes,\n  npwd_twitter_tweets.visible,\n  IFNULL(COALESCE(retweets.message, npwd_twitter_tweets.message), '') AS message,\n  IFNULL(COALESCE(retweets.images, npwd_twitter_tweets.images), '') AS images,\n  npwd_twitter_tweets.retweet IS NOT NULL AS isRetweet,\n  retweets.id AS retweetId,\n  retweets_profiles.profile_name AS retweetProfileName,\n  retweets_profiles.avatar_url AS retweetAvatarUrl,\n  npwd_twitter_likes.id IS NOT NULL AS isLiked,\n  npwd_twitter_reports.id IS NOT NULL AS isReported,\n  npwd_twitter_tweets.createdAt,\n  npwd_twitter_tweets.updatedAt,\n  TIME_TO_SEC(TIMEDIFF( NOW(), npwd_twitter_tweets.createdAt)) AS seconds_since_tweet\n\n        FROM npwd_twitter_tweets\n                 LEFT OUTER JOIN npwd_twitter_profiles\n                                 ON npwd_twitter_tweets.identifier = npwd_twitter_profiles.identifier\n                 LEFT OUTER JOIN npwd_twitter_likes ON npwd_twitter_tweets.id = npwd_twitter_likes.tweet_id AND\n                                                       npwd_twitter_likes.profile_id = ?\n                 LEFT OUTER JOIN npwd_twitter_reports ON npwd_twitter_tweets.id = npwd_twitter_reports.tweet_id AND\n                                                         npwd_twitter_reports.profile_id = ?\n                 LEFT OUTER JOIN npwd_twitter_tweets AS retweets ON retweets.id = npwd_twitter_tweets.retweet\n                 LEFT OUTER JOIN npwd_twitter_profiles AS retweets_profiles\n                                 ON retweets.identifier = retweets_profiles.identifier\n        WHERE npwd_twitter_tweets.visible = 1\n        ORDER BY id DESC\n        LIMIT ? OFFSET ?\n\t\t [1,1,\"25\",\"0\"]) in 3.5082ms'","module":"DBInterface","timestamp":"2026-09-10T05:38:32.384Z"}
{"level":"silly","message":"Response Promise Event npwd:fetchTweets:de3e4375-3522-4e13-93d5-bb150d4848ad (9.0825ms), Data >>","module":"events","timestamp":"2026-09-10T05:38:32.384Z"}
{"level":"silly","message":{"data":[],"status":"ok"},"module":"events","timestamp":"2026-09-10T05:38:32.384Z"}
{"level":"silly","message":"netPromise > npwd:getOrCreateTwitterProfile > RequestObj","module":"events","timestamp":"2026-09-10T05:38:32.473Z"}
{"level":"silly","message":{"data":null,"source":1},"module":"events","timestamp":"2026-09-10T05:38:32.473Z"}
{"level":"silly","message":"netPromise > phone:getMyProfile > RequestObj","module":"events","timestamp":"2026-09-10T05:38:32.474Z"}
{"level":"silly","message":{"data":null,"source":1},"module":"events","timestamp":"2026-09-10T05:38:32.474Z"}
{"level":"silly","message":"netPromise > npwd:fetchMessageGroups > RequestObj","module":"events","timestamp":"2026-09-10T05:38:32.474Z"}
{"level":"silly","message":{"data":null,"source":1},"module":"events","timestamp":"2026-09-10T05:38:32.474Z"}
{"level":"silly","message":"netPromise > npwd-contact-getAll > RequestObj","module":"events","timestamp":"2026-09-10T05:38:32.475Z"}
{"level":"silly","message":{"data":null,"source":1},"module":"events","timestamp":"2026-09-10T05:38:32.475Z"}
{"level":"info","message":"Executed query (\n        SELECT *\n        FROM npwd_twitter_profiles\n        WHERE identifier = ?\n        LIMIT 1\n\t\t [\"C46M9XF9\"]) in 6.3857ms'","module":"DBInterface","timestamp":"2026-09-10T05:38:32.480Z"}
{"level":"silly","message":"Response Promise Event npwd:getOrCreateTwitterProfile:f7106222-4da0-49af-9e73-e21acf04879c (6.8664ms), Data >>","module":"events","timestamp":"2026-09-10T05:38:32.480Z"}
{"level":"silly","message":{"data":{"avatar_url":"https://i.fivemanage.com/images/3ClWwmpwkFhL.png","createdAt":"2026-09-09T19:58:52.000Z","id":1,"identifier":"C46M9XF9","profile_name":"Aj_Fabela","updatedAt":"2026-09-09T19:58:52.000Z"},"status":"ok"},"module":"events","timestamp":"2026-09-10T05:38:32.480Z"}
{"level":"info","message":"Executed query (\n        SELECT *,\n               UNIX_TIMESTAMP(updatedAt) AS lastActive\n        FROM npwd_match_profiles\n        WHERE identifier = ?\n        LIMIT 1\n\t\t [\"C46M9XF9\"]) in 12.2597ms'","module":"DBInterface","timestamp":"2026-09-10T05:38:32.486Z"}
{"level":"silly","message":"Response Promise Event phone:getMyProfile:e2f01fce-785f-4823-a9ce-3da506d84b30 (13.3742ms), Data >>","module":"events","timestamp":"2026-09-10T05:38:32.487Z"}
{"level":"info","message":"Executed query (SELECT npwd_messages_conversations.id,\n                          npwd_messages_conversations.conversation_list         as conversationList,\n                          npwd_messages_participants.unread_count               as unreadCount,\n                          npwd_messages_conversations.is_group_chat             as isGroupChat,\n                          npwd_messages_conversations.label,\n                          UNIX_TIMESTAMP(npwd_messages_conversations.updatedAt) as updatedAt,\n                          npwd_messages_participants.participant\n                   FROM npwd_messages_conversations\n                            INNER JOIN npwd_messages_participants\n                                       on npwd_messages_conversations.id = npwd_messages_participants.conversation_id\n                   WHERE npwd_messages_participants.participant = ? [\"8158341444\"]) in 14.0457ms'","module":"DBInterface","timestamp":"2026-09-10T05:38:32.489Z"}
{"level":"info","message":"Executed query (SELECT * FROM npwd_phone_contacts WHERE identifier = ? ORDER BY display ASC [\"C46M9XF9\"]) in 13.9152ms'","module":"DBInterface","timestamp":"2026-09-10T05:38:32.489Z"}
{"level":"silly","message":{"data":{"bio":"","createdAt":"2026-09-09T19:58:52.000Z","id":1,"identifier":"C46M9XF9","image":"https://upload.wikimedia.org/wikipedia/commons/a/ac/No_image_available.svg","job":"","lastActive":1788983932,"lastActiveFormatted":"Wed, 09 Sep 2026 19:58:52 GMT","location":"","name":"Aj Fabela","tagList":[],"tags":"","updatedAt":"2026-09-09T19:58:52.000Z","viewed":false,"voiceMessage":null},"status":"ok"},"module":"events","timestamp":"2026-09-10T05:38:32.487Z"}
{"level":"silly","message":"Response Promise Event npwd:fetchMessageGroups:fbcabd4b-9f49-4236-8272-d3af24e116b0 (14.304ms), Data >>","module":"events","timestamp":"2026-09-10T05:38:32.489Z"}
{"level":"silly","message":{"data":[],"status":"ok"},"module":"events","timestamp":"2026-09-10T05:38:32.489Z"}
{"level":"silly","message":"Response Promise Event npwd-contact-getAll:425990db-54be-4c38-ba78-c85514ae379d (14.2599ms), Data >>","module":"events","timestamp":"2026-09-10T05:38:32.489Z"}
{"level":"silly","message":{"data":[],"status":"ok"},"module":"events","timestamp":"2026-09-10T05:38:32.489Z"}
{"level":"debug","message":"Marketplace service started","module":"marketplace","timestamp":"2026-09-10T05:43:10.117Z"}
{"level":"debug","message":"Call service started","module":"calls","timestamp":"2026-09-10T05:43:10.118Z"}
{"level":"debug","message":"Player Service started","module":"player","timestamp":"2026-09-10T05:43:10.119Z"}
{"level":"info","message":"Loading QBX bridge....","timestamp":"2026-09-10T05:43:10.119Z"}
{"level":"info","message":"QBX bridge initialized","timestamp":"2026-09-10T05:43:10.119Z"}
{"level":"debug","message":"Boot service started","module":"boot","timestamp":"2026-09-10T05:43:10.120Z"}
{"level":"debug","message":"Messages service started","module":"messages","timestamp":"2026-09-10T05:43:10.120Z"}
{"level":"debug","message":"Notes service started","module":"notes","timestamp":"2026-09-10T05:43:10.120Z"}
{"level":"debug","message":"Contacts service started","module":"contact","timestamp":"2026-09-10T05:43:10.120Z"}
{"level":"debug","message":"Photo service started","module":"photo","timestamp":"2026-09-10T05:43:10.127Z"}
{"level":"debug","message":"Twitter service started","module":"twitter","timestamp":"2026-09-10T05:43:10.127Z"}
{"level":"debug","message":"Match service started","module":"match","timestamp":"2026-09-10T05:43:10.127Z"}
{"level":"debug","message":"Beginning database schema validation","module":"boot","timestamp":"2026-09-10T05:43:10.786Z"}
{"level":"info","message":"Successfully started","timestamp":"2026-09-10T05:43:10.795Z"}
{"level":"info","message":"Executed query (SELECT COUNT(*) as count\n                       FROM information_schema.tables\n                       WHERE table_schema = ?\n                         AND table_name = ? [\"Qbox_A1B5B5\",\"players\"]) in 66.1263ms'","module":"DBInterface","timestamp":"2026-09-10T05:43:10.853Z"}
{"level":"info","message":"Executed query (SHOW COLUMNS IN players []) in 15.4397ms'","module":"DBInterface","timestamp":"2026-09-10T05:43:10.869Z"}
{"level":"debug","message":"Database schema successfully validated","module":"boot","timestamp":"2026-09-10T05:43:10.869Z"}
{"level":"info","message":"New NPWD Player added through event (1) (C46M9XF9)","module":"player","timestamp":"2026-09-10T06:13:42.802Z"}
{"level":"debug","message":{"_firstname":"Aj","_identifier":"C46M9XF9","_lastname":"Fabela","_phoneNumber":"8158341444","source":1,"username":"FieryFusionFX"},"module":"player","timestamp":"2026-09-10T06:13:42.802Z"}
{"level":"info","message":"New NPWD Player added through event (1) (C46M9XF9)","module":"player","timestamp":"2026-09-10T06:13:42.804Z"}
{"level":"debug","message":{"_firstname":"Aj","_identifier":"C46M9XF9","_lastname":"Fabela","_phoneNumber":"8158341444","source":1,"username":"FieryFusionFX"},"module":"player","timestamp":"2026-09-10T06:13:42.804Z"}
{"level":"silly","message":"netPromise > npwd:fetchTweets > RequestObj","module":"events","timestamp":"2026-09-10T06:13:42.899Z"}
{"level":"silly","message":{"data":{"pageId":0},"source":1},"module":"events","timestamp":"2026-09-10T06:13:42.900Z"}
{"level":"info","message":"Executed query (\n        SELECT *\n        FROM npwd_twitter_profiles\n        WHERE identifier = ?\n        LIMIT 1\n\t\t [\"C46M9XF9\"]) in 2.0182ms'","module":"DBInterface","timestamp":"2026-09-10T06:13:42.902Z"}
{"level":"info","message":"Executed query (\n        SELECT \n  npwd_twitter_tweets.id,\n  npwd_twitter_tweets.identifier,\n  npwd_twitter_profiles.id AS profile_id,\n  npwd_twitter_profiles.profile_name,\n  npwd_twitter_profiles.avatar_url,\n  npwd_twitter_tweets.likes,\n  npwd_twitter_tweets.visible,\n  IFNULL(COALESCE(retweets.message, npwd_twitter_tweets.message), '') AS message,\n  IFNULL(COALESCE(retweets.images, npwd_twitter_tweets.images), '') AS images,\n  npwd_twitter_tweets.retweet IS NOT NULL AS isRetweet,\n  retweets.id AS retweetId,\n  retweets_profiles.profile_name AS retweetProfileName,\n  retweets_profiles.avatar_url AS retweetAvatarUrl,\n  npwd_twitter_likes.id IS NOT NULL AS isLiked,\n  npwd_twitter_reports.id IS NOT NULL AS isReported,\n  npwd_twitter_tweets.createdAt,\n  npwd_twitter_tweets.updatedAt,\n  TIME_TO_SEC(TIMEDIFF( NOW(), npwd_twitter_tweets.createdAt)) AS seconds_since_tweet\n\n        FROM npwd_twitter_tweets\n                 LEFT OUTER JOIN npwd_twitter_profiles\n                                 ON npwd_twitter_tweets.identifier = npwd_twitter_profiles.identifier\n                 LEFT OUTER JOIN npwd_twitter_likes ON npwd_twitter_tweets.id = npwd_twitter_likes.tweet_id AND\n                                                       npwd_twitter_likes.profile_id = ?\n                 LEFT OUTER JOIN npwd_twitter_reports ON npwd_twitter_tweets.id = npwd_twitter_reports.tweet_id AND\n                                                         npwd_twitter_reports.profile_id = ?\n                 LEFT OUTER JOIN npwd_twitter_tweets AS retweets ON retweets.id = npwd_twitter_tweets.retweet\n                 LEFT OUTER JOIN npwd_twitter_profiles AS retweets_profiles\n                                 ON retweets.identifier = retweets_profiles.identifier\n        WHERE npwd_twitter_tweets.visible = 1\n        ORDER BY id DESC\n        LIMIT ? OFFSET ?\n\t\t [1,1,\"25\",\"0\"]) in 2.6625ms'","module":"DBInterface","timestamp":"2026-09-10T06:13:42.905Z"}
{"level":"silly","message":"Response Promise Event npwd:fetchTweets:9ed22648-dab0-46a9-9d29-5383081b6528 (5.5697ms), Data >>","module":"events","timestamp":"2026-09-10T06:13:42.905Z"}
{"level":"silly","message":{"data":[],"status":"ok"},"module":"events","timestamp":"2026-09-10T06:13:42.905Z"}
{"level":"silly","message":"netPromise > npwd:getOrCreateTwitterProfile > RequestObj","module":"events","timestamp":"2026-09-10T06:13:42.998Z"}
{"level":"silly","message":{"data":null,"source":1},"module":"events","timestamp":"2026-09-10T06:13:42.998Z"}
{"level":"silly","message":"netPromise > phone:getMyProfile > RequestObj","module":"events","timestamp":"2026-09-10T06:13:42.999Z"}
{"level":"silly","message":{"data":null,"source":1},"module":"events","timestamp":"2026-09-10T06:13:42.999Z"}
{"level":"silly","message":"netPromise > npwd:fetchMessageGroups > RequestObj","module":"events","timestamp":"2026-09-10T06:13:43.000Z"}
{"level":"silly","message":{"data":null,"source":1},"module":"events","timestamp":"2026-09-10T06:13:43.000Z"}
{"level":"silly","message":"netPromise > npwd-contact-getAll > RequestObj","module":"events","timestamp":"2026-09-10T06:13:43.001Z"}
{"level":"silly","message":{"data":null,"source":1},"module":"events","timestamp":"2026-09-10T06:13:43.001Z"}
{"level":"info","message":"Executed query (\n        SELECT *\n        FROM npwd_twitter_profiles\n        WHERE identifier = ?\n        LIMIT 1\n\t\t [\"C46M9XF9\"]) in 4.2839ms'","module":"DBInterface","timestamp":"2026-09-10T06:13:43.003Z"}
{"level":"silly","message":"Response Promise Event npwd:getOrCreateTwitterProfile:d7e9aa6e-4260-402d-ac72-bd6a4b8da6da (4.8845ms), Data >>","module":"events","timestamp":"2026-09-10T06:13:43.003Z"}
{"level":"silly","message":{"data":{"avatar_url":"https://i.fivemanage.com/images/3ClWwmpwkFhL.png","createdAt":"2026-09-09T19:58:52.000Z","id":1,"identifier":"C46M9XF9","profile_name":"Aj_Fabela","updatedAt":"2026-09-09T19:58:52.000Z"},"status":"ok"},"module":"events","timestamp":"2026-09-10T06:13:43.003Z"}
{"level":"info","message":"Executed query (\n        SELECT *,\n               UNIX_TIMESTAMP(updatedAt) AS lastActive\n        FROM npwd_match_profiles\n        WHERE identifier = ?\n        LIMIT 1\n\t\t [\"C46M9XF9\"]) in 10.0376ms'","module":"DBInterface","timestamp":"2026-09-10T06:13:43.009Z"}
{"level":"silly","message":"Response Promise Event phone:getMyProfile:300da370-cdd2-4ee3-8beb-bee358596a6d (10.8369ms), Data >>","module":"events","timestamp":"2026-09-10T06:13:43.010Z"}
{"level":"info","message":"Executed query (SELECT npwd_messages_conversations.id,\n                          npwd_messages_conversations.conversation_list         as conversationList,\n                          npwd_messages_participants.unread_count               as unreadCount,\n                          npwd_messages_conversations.is_group_chat             as isGroupChat,\n                          npwd_messages_conversations.label,\n                          UNIX_TIMESTAMP(npwd_messages_conversations.updatedAt) as updatedAt,\n                          npwd_messages_participants.participant\n                   FROM npwd_messages_conversations\n                            INNER JOIN npwd_messages_participants\n                                       on npwd_messages_conversations.id = npwd_messages_participants.conversation_id\n                   WHERE npwd_messages_participants.participant = ? [\"8158341444\"]) in 9.8198ms'","module":"DBInterface","timestamp":"2026-09-10T06:13:43.010Z"}
{"level":"info","message":"Executed query (SELECT * FROM npwd_phone_contacts WHERE identifier = ? ORDER BY display ASC [\"C46M9XF9\"]) in 10.5757ms'","module":"DBInterface","timestamp":"2026-09-10T06:13:43.011Z"}
{"level":"silly","message":{"data":{"bio":"","createdAt":"2026-09-09T19:58:52.000Z","id":1,"identifier":"C46M9XF9","image":"https://upload.wikimedia.org/wikipedia/commons/a/ac/No_image_available.svg","job":"","lastActive":1788983932,"lastActiveFormatted":"Wed, 09 Sep 2026 19:58:52 GMT","location":"","name":"Aj Fabela","tagList":[],"tags":"","updatedAt":"2026-09-09T19:58:52.000Z","viewed":false,"voiceMessage":null},"status":"ok"},"module":"events","timestamp":"2026-09-10T06:13:43.010Z"}
{"level":"silly","message":"Response Promise Event npwd:fetchMessageGroups:11aa59ac-7711-49e1-a0f3-20279a581dcf (10.134ms), Data >>","module":"events","timestamp":"2026-09-10T06:13:43.010Z"}
{"level":"silly","message":{"data":[],"status":"ok"},"module":"events","timestamp":"2026-09-10T06:13:43.010Z"}
{"level":"silly","message":"Response Promise Event npwd-contact-getAll:b5a15ade-cb78-4db6-a205-d69de29c669e (10.8083ms), Data >>","module":"events","timestamp":"2026-09-10T06:13:43.011Z"}
{"level":"silly","message":{"data":[],"status":"ok"},"module":"events","timestamp":"2026-09-10T06:13:43.011Z"}
{"level":"debug","message":"Marketplace service started","module":"marketplace","timestamp":"2026-09-10T06:18:09.688Z"}
{"level":"debug","message":"Call service started","module":"calls","timestamp":"2026-09-10T06:18:09.690Z"}
{"level":"debug","message":"Player Service started","module":"player","timestamp":"2026-09-10T06:18:09.691Z"}
{"level":"info","message":"Loading QBX bridge....","timestamp":"2026-09-10T06:18:09.691Z"}
{"level":"info","message":"QBX bridge initialized","timestamp":"2026-09-10T06:18:09.691Z"}
{"level":"debug","message":"Boot service started","module":"boot","timestamp":"2026-09-10T06:18:09.692Z"}
{"level":"debug","message":"Messages service started","module":"messages","timestamp":"2026-09-10T06:18:09.692Z"}
{"level":"debug","message":"Notes service started","module":"notes","timestamp":"2026-09-10T06:18:09.692Z"}
{"level":"debug","message":"Contacts service started","module":"contact","timestamp":"2026-09-10T06:18:09.692Z"}
{"level":"debug","message":"Photo service started","module":"photo","timestamp":"2026-09-10T06:18:09.701Z"}
{"level":"debug","message":"Twitter service started","module":"twitter","timestamp":"2026-09-10T06:18:09.701Z"}
{"level":"debug","message":"Match service started","module":"match","timestamp":"2026-09-10T06:18:09.702Z"}
{"level":"debug","message":"Beginning database schema validation","module":"boot","timestamp":"2026-09-10T06:18:10.604Z"}
{"level":"info","message":"Successfully started","timestamp":"2026-09-10T06:18:10.613Z"}
{"level":"info","message":"Executed query (SELECT COUNT(*) as count\n                       FROM information_schema.tables\n                       WHERE table_schema = ?\n                         AND table_name = ? [\"Qbox_A1B5B5\",\"players\"]) in 120.2169ms'","module":"DBInterface","timestamp":"2026-09-10T06:18:10.725Z"}
{"level":"info","message":"Executed query (SHOW COLUMNS IN players []) in 22.2157ms'","module":"DBInterface","timestamp":"2026-09-10T06:18:10.748Z"}
{"level":"debug","message":"Database schema successfully validated","module":"boot","timestamp":"2026-09-10T06:18:10.748Z"}
{"level":"info","message":"New NPWD Player added through event (1) (C46M9XF9)","module":"player","timestamp":"2026-09-10T06:37:52.404Z"}
{"level":"debug","message":{"_firstname":"Aj","_identifier":"C46M9XF9","_lastname":"Fabela","_phoneNumber":"8158341444","source":1,"username":"FieryFusionFX"},"module":"player","timestamp":"2026-09-10T06:37:52.404Z"}
{"level":"info","message":"New NPWD Player added through event (1) (C46M9XF9)","module":"player","timestamp":"2026-09-10T06:37:52.407Z"}
{"level":"debug","message":{"_firstname":"Aj","_identifier":"C46M9XF9","_lastname":"Fabela","_phoneNumber":"8158341444","source":1,"username":"FieryFusionFX"},"module":"player","timestamp":"2026-09-10T06:37:52.408Z"}
{"level":"silly","message":"netPromise > npwd:fetchTweets > RequestObj","module":"events","timestamp":"2026-09-10T06:37:52.499Z"}
{"level":"silly","message":{"data":{"pageId":0},"source":1},"module":"events","timestamp":"2026-09-10T06:37:52.499Z"}
{"level":"info","message":"Executed query (\n        SELECT *\n        FROM npwd_twitter_profiles\n        WHERE identifier = ?\n        LIMIT 1\n\t\t [\"C46M9XF9\"]) in 10.3526ms'","module":"DBInterface","timestamp":"2026-09-10T06:37:52.510Z"}
{"level":"info","message":"Executed query (\n        SELECT \n  npwd_twitter_tweets.id,\n  npwd_twitter_tweets.identifier,\n  npwd_twitter_profiles.id AS profile_id,\n  npwd_twitter_profiles.profile_name,\n  npwd_twitter_profiles.avatar_url,\n  npwd_twitter_tweets.likes,\n  npwd_twitter_tweets.visible,\n  IFNULL(COALESCE(retweets.message, npwd_twitter_tweets.message), '') AS message,\n  IFNULL(COALESCE(retweets.images, npwd_twitter_tweets.images), '') AS images,\n  npwd_twitter_tweets.retweet IS NOT NULL AS isRetweet,\n  retweets.id AS retweetId,\n  retweets_profiles.profile_name AS retweetProfileName,\n  retweets_profiles.avatar_url AS retweetAvatarUrl,\n  npwd_twitter_likes.id IS NOT NULL AS isLiked,\n  npwd_twitter_reports.id IS NOT NULL AS isReported,\n  npwd_twitter_tweets.createdAt,\n  npwd_twitter_tweets.updatedAt,\n  TIME_TO_SEC(TIMEDIFF( NOW(), npwd_twitter_tweets.createdAt)) AS seconds_since_tweet\n\n        FROM npwd_twitter_tweets\n                 LEFT OUTER JOIN npwd_twitter_profiles\n                                 ON npwd_twitter_tweets.identifier = npwd_twitter_profiles.identifier\n                 LEFT OUTER JOIN npwd_twitter_likes ON npwd_twitter_tweets.id = npwd_twitter_likes.tweet_id AND\n                                                       npwd_twitter_likes.profile_id = ?\n                 LEFT OUTER JOIN npwd_twitter_reports ON npwd_twitter_tweets.id = npwd_twitter_reports.tweet_id AND\n                                                         npwd_twitter_reports.profile_id = ?\n                 LEFT OUTER JOIN npwd_twitter_tweets AS retweets ON retweets.id = npwd_twitter_tweets.retweet\n                 LEFT OUTER JOIN npwd_twitter_profiles AS retweets_profiles\n                                 ON retweets.identifier = retweets_profiles.identifier\n        WHERE npwd_twitter_tweets.visible = 1\n        ORDER BY id DESC\n        LIMIT ? OFFSET ?\n\t\t [1,1,\"25\",\"0\"]) in 5.6871ms'","module":"DBInterface","timestamp":"2026-09-10T06:37:52.516Z"}
{"level":"silly","message":"Response Promise Event npwd:fetchTweets:107eef53-0df6-4701-9949-f21cc4c2e663 (18.2469ms), Data >>","module":"events","timestamp":"2026-09-10T06:37:52.517Z"}
{"level":"silly","message":{"data":[],"status":"ok"},"module":"events","timestamp":"2026-09-10T06:37:52.517Z"}
{"level":"silly","message":"netPromise > npwd:getOrCreateTwitterProfile > RequestObj","module":"events","timestamp":"2026-09-10T06:37:52.598Z"}
{"level":"silly","message":{"data":null,"source":1},"module":"events","timestamp":"2026-09-10T06:37:52.599Z"}
{"level":"silly","message":"netPromise > phone:getMyProfile > RequestObj","module":"events","timestamp":"2026-09-10T06:37:52.599Z"}
{"level":"silly","message":{"data":null,"source":1},"module":"events","timestamp":"2026-09-10T06:37:52.599Z"}
{"level":"silly","message":"netPromise > npwd:fetchMessageGroups > RequestObj","module":"events","timestamp":"2026-09-10T06:37:52.600Z"}
{"level":"silly","message":{"data":null,"source":1},"module":"events","timestamp":"2026-09-10T06:37:52.600Z"}
{"level":"silly","message":"netPromise > npwd-contact-getAll > RequestObj","module":"events","timestamp":"2026-09-10T06:37:52.601Z"}
{"level":"silly","message":{"data":null,"source":1},"module":"events","timestamp":"2026-09-10T06:37:52.601Z"}
{"level":"info","message":"Executed query (\n        SELECT *\n        FROM npwd_twitter_profiles\n        WHERE identifier = ?\n        LIMIT 1\n\t\t [\"C46M9XF9\"]) in 6.103ms'","module":"DBInterface","timestamp":"2026-09-10T06:37:52.605Z"}
{"level":"silly","message":"Response Promise Event npwd:getOrCreateTwitterProfile:9235b85f-a6ab-4ba4-93fd-41c50e98ea0d (6.8209ms), Data >>","module":"events","timestamp":"2026-09-10T06:37:52.605Z"}
{"level":"silly","message":{"data":{"avatar_url":"https://i.fivemanage.com/images/3ClWwmpwkFhL.png","createdAt":"2026-09-09T19:58:52.000Z","id":1,"identifier":"C46M9XF9","profile_name":"Aj_Fabela","updatedAt":"2026-09-09T19:58:52.000Z"},"status":"ok"},"module":"events","timestamp":"2026-09-10T06:37:52.606Z"}
{"level":"info","message":"Executed query (SELECT npwd_messages_conversations.id,\n                          npwd_messages_conversations.conversation_list         as conversationList,\n                          npwd_messages_participants.unread_count               as unreadCount,\n                          npwd_messages_conversations.is_group_chat             as isGroupChat,\n                          npwd_messages_conversations.label,\n                          UNIX_TIMESTAMP(npwd_messages_conversations.updatedAt) as updatedAt,\n                          npwd_messages_participants.participant\n                   FROM npwd_messages_conversations\n                            INNER JOIN npwd_messages_participants\n                                       on npwd_messages_conversations.id = npwd_messages_participants.conversation_id\n                   WHERE npwd_messages_participants.participant = ? [\"8158341444\"]) in 10.7131ms'","module":"DBInterface","timestamp":"2026-09-10T06:37:52.611Z"}
{"level":"silly","message":"Response Promise Event npwd:fetchMessageGroups:2e3f45c0-2450-4e41-8e75-3a51fdc3851c (11.1531ms), Data >>","module":"events","timestamp":"2026-09-10T06:37:52.612Z"}
{"level":"silly","message":{"data":[],"status":"ok"},"module":"events","timestamp":"2026-09-10T06:37:52.612Z"}
{"level":"info","message":"Executed query (\n        SELECT *,\n               UNIX_TIMESTAMP(updatedAt) AS lastActive\n        FROM npwd_match_profiles\n        WHERE identifier = ?\n        LIMIT 1\n\t\t [\"C46M9XF9\"]) in 15.424ms'","module":"DBInterface","timestamp":"2026-09-10T06:37:52.615Z"}
{"level":"silly","message":"Response Promise Event phone:getMyProfile:920daee7-b27b-4bd7-b227-66c8aea553ac (16.7331ms), Data >>","module":"events","timestamp":"2026-09-10T06:37:52.616Z"}
{"level":"info","message":"Executed query (SELECT * FROM npwd_phone_contacts WHERE identifier = ? ORDER BY display ASC [\"C46M9XF9\"]) in 15.2711ms'","module":"DBInterface","timestamp":"2026-09-10T06:37:52.617Z"}
{"level":"silly","message":{"data":{"bio":"","createdAt":"2026-09-09T19:58:52.000Z","id":1,"identifier":"C46M9XF9","image":"https://upload.wikimedia.org/wikipedia/commons/a/ac/No_image_available.svg","job":"","lastActive":1788983932,"lastActiveFormatted":"Wed, 09 Sep 2026 19:58:52 GMT","location":"","name":"Aj Fabela","tagList":[],"tags":"","updatedAt":"2026-09-09T19:58:52.000Z","viewed":false,"voiceMessage":null},"status":"ok"},"module":"events","timestamp":"2026-09-10T06:37:52.616Z"}
{"level":"silly","message":"Response Promise Event npwd-contact-getAll:18442d60-87a1-4c0e-b7de-f9385d304e36 (15.6443ms), Data >>","module":"events","timestamp":"2026-09-10T06:37:52.617Z"}
{"level":"silly","message":{"data":[],"status":"ok"},"module":"events","timestamp":"2026-09-10T06:37:52.617Z"}
{"level":"debug","message":"Marketplace service started","module":"marketplace","timestamp":"2026-09-10T06:44:12.504Z"}
{"level":"debug","message":"Call service started","module":"calls","timestamp":"2026-09-10T06:44:12.505Z"}
{"level":"debug","message":"Player Service started","module":"player","timestamp":"2026-09-10T06:44:12.505Z"}
{"level":"info","message":"Loading QBX bridge....","timestamp":"2026-09-10T06:44:12.506Z"}
{"level":"info","message":"QBX bridge initialized","timestamp":"2026-09-10T06:44:12.506Z"}
{"level":"debug","message":"Boot service started","module":"boot","timestamp":"2026-09-10T06:44:12.506Z"}
{"level":"debug","message":"Messages service started","module":"messages","timestamp":"2026-09-10T06:44:12.506Z"}
{"level":"debug","message":"Notes service started","module":"notes","timestamp":"2026-09-10T06:44:12.507Z"}
{"level":"debug","message":"Contacts service started","module":"contact","timestamp":"2026-09-10T06:44:12.507Z"}
{"level":"debug","message":"Photo service started","module":"photo","timestamp":"2026-09-10T06:44:12.515Z"}
{"level":"debug","message":"Twitter service started","module":"twitter","timestamp":"2026-09-10T06:44:12.515Z"}
{"level":"debug","message":"Match service started","module":"match","timestamp":"2026-09-10T06:44:12.515Z"}
{"level":"debug","message":"Beginning database schema validation","module":"boot","timestamp":"2026-09-10T06:44:13.315Z"}
{"level":"info","message":"Successfully started","timestamp":"2026-09-10T06:44:13.325Z"}
{"level":"info","message":"Executed query (SELECT COUNT(*) as count\n                       FROM information_schema.tables\n                       WHERE table_schema = ?\n                         AND table_name = ? [\"Qbox_A1B5B5\",\"players\"]) in 113.452ms'","module":"DBInterface","timestamp":"2026-09-10T06:44:13.429Z"}
{"level":"info","message":"Executed query (SHOW COLUMNS IN players []) in 26.9241ms'","module":"DBInterface","timestamp":"2026-09-10T06:44:13.457Z"}
{"level":"debug","message":"Database schema successfully validated","module":"boot","timestamp":"2026-09-10T06:44:13.457Z"}
{"level":"info","message":"New NPWD Player added through event (1) (C46M9XF9)","module":"player","timestamp":"2026-09-10T06:45:31.330Z"}
{"level":"debug","message":{"_firstname":"Aj","_identifier":"C46M9XF9","_lastname":"Fabela","_phoneNumber":"8158341444","source":1,"username":"FieryFusionFX"},"module":"player","timestamp":"2026-09-10T06:45:31.330Z"}
{"level":"info","message":"New NPWD Player added through event (1) (C46M9XF9)","module":"player","timestamp":"2026-09-10T06:45:31.333Z"}
{"level":"debug","message":{"_firstname":"Aj","_identifier":"C46M9XF9","_lastname":"Fabela","_phoneNumber":"8158341444","source":1,"username":"FieryFusionFX"},"module":"player","timestamp":"2026-09-10T06:45:31.334Z"}
{"level":"silly","message":"netPromise > npwd:fetchTweets > RequestObj","module":"events","timestamp":"2026-09-10T06:45:31.423Z"}
{"level":"silly","message":{"data":{"pageId":0},"source":1},"module":"events","timestamp":"2026-09-10T06:45:31.424Z"}
{"level":"info","message":"Executed query (\n        SELECT *\n        FROM npwd_twitter_profiles\n        WHERE identifier = ?\n        LIMIT 1\n\t\t [\"C46M9XF9\"]) in 5.1814ms'","module":"DBInterface","timestamp":"2026-09-10T06:45:31.430Z"}
{"level":"info","message":"Executed query (\n        SELECT \n  npwd_twitter_tweets.id,\n  npwd_twitter_tweets.identifier,\n  npwd_twitter_profiles.id AS profile_id,\n  npwd_twitter_profiles.profile_name,\n  npwd_twitter_profiles.avatar_url,\n  npwd_twitter_tweets.likes,\n  npwd_twitter_tweets.visible,\n  IFNULL(COALESCE(retweets.message, npwd_twitter_tweets.message), '') AS message,\n  IFNULL(COALESCE(retweets.images, npwd_twitter_tweets.images), '') AS images,\n  npwd_twitter_tweets.retweet IS NOT NULL AS isRetweet,\n  retweets.id AS retweetId,\n  retweets_profiles.profile_name AS retweetProfileName,\n  retweets_profiles.avatar_url AS retweetAvatarUrl,\n  npwd_twitter_likes.id IS NOT NULL AS isLiked,\n  npwd_twitter_reports.id IS NOT NULL AS isReported,\n  npwd_twitter_tweets.createdAt,\n  npwd_twitter_tweets.updatedAt,\n  TIME_TO_SEC(TIMEDIFF( NOW(), npwd_twitter_tweets.createdAt)) AS seconds_since_tweet\n\n        FROM npwd_twitter_tweets\n                 LEFT OUTER JOIN npwd_twitter_profiles\n                                 ON npwd_twitter_tweets.identifier = npwd_twitter_profiles.identifier\n                 LEFT OUTER JOIN npwd_twitter_likes ON npwd_twitter_tweets.id = npwd_twitter_likes.tweet_id AND\n                                                       npwd_twitter_likes.profile_id = ?\n                 LEFT OUTER JOIN npwd_twitter_reports ON npwd_twitter_tweets.id = npwd_twitter_reports.tweet_id AND\n                                                         npwd_twitter_reports.profile_id = ?\n                 LEFT OUTER JOIN npwd_twitter_tweets AS retweets ON retweets.id = npwd_twitter_tweets.retweet\n                 LEFT OUTER JOIN npwd_twitter_profiles AS retweets_profiles\n                                 ON retweets.identifier = retweets_profiles.identifier\n        WHERE npwd_twitter_tweets.visible = 1\n        ORDER BY id DESC\n        LIMIT ? OFFSET ?\n\t\t [1,1,\"25\",\"0\"]) in 3.5493ms'","module":"DBInterface","timestamp":"2026-09-10T06:45:31.433Z"}
{"level":"silly","message":"Response Promise Event npwd:fetchTweets:5759f833-af12-4ebd-b013-41f8369a4ea6 (10.2904ms), Data >>","module":"events","timestamp":"2026-09-10T06:45:31.434Z"}
{"level":"silly","message":{"data":[],"status":"ok"},"module":"events","timestamp":"2026-09-10T06:45:31.434Z"}
{"level":"silly","message":"netPromise > npwd:getOrCreateTwitterProfile > RequestObj","module":"events","timestamp":"2026-09-10T06:45:31.523Z"}
{"level":"silly","message":{"data":null,"source":1},"module":"events","timestamp":"2026-09-10T06:45:31.523Z"}
{"level":"silly","message":"netPromise > phone:getMyProfile > RequestObj","module":"events","timestamp":"2026-09-10T06:45:31.524Z"}
{"level":"silly","message":{"data":null,"source":1},"module":"events","timestamp":"2026-09-10T06:45:31.524Z"}
{"level":"silly","message":"netPromise > npwd:fetchMessageGroups > RequestObj","module":"events","timestamp":"2026-09-10T06:45:31.525Z"}
{"level":"silly","message":{"data":null,"source":1},"module":"events","timestamp":"2026-09-10T06:45:31.525Z"}
{"level":"silly","message":"netPromise > npwd-contact-getAll > RequestObj","module":"events","timestamp":"2026-09-10T06:45:31.525Z"}
{"level":"silly","message":{"data":null,"source":1},"module":"events","timestamp":"2026-09-10T06:45:31.526Z"}
{"level":"info","message":"Executed query (\n        SELECT *\n        FROM npwd_twitter_profiles\n        WHERE identifier = ?\n        LIMIT 1\n\t\t [\"C46M9XF9\"]) in 5.1573ms'","module":"DBInterface","timestamp":"2026-09-10T06:45:31.529Z"}
{"level":"silly","message":"Response Promise Event npwd:getOrCreateTwitterProfile:013f9a1f-3f1d-4e1c-9552-eece0a126bc8 (5.751ms), Data >>","module":"events","timestamp":"2026-09-10T06:45:31.529Z"}
{"level":"silly","message":{"data":{"avatar_url":"https://i.fivemanage.com/images/3ClWwmpwkFhL.png","createdAt":"2026-09-09T19:58:52.000Z","id":1,"identifier":"C46M9XF9","profile_name":"Aj_Fabela","updatedAt":"2026-09-09T19:58:52.000Z"},"status":"ok"},"module":"events","timestamp":"2026-09-10T06:45:31.529Z"}
{"level":"info","message":"Executed query (\n        SELECT *,\n               UNIX_TIMESTAMP(updatedAt) AS lastActive\n        FROM npwd_match_profiles\n        WHERE identifier = ?\n        LIMIT 1\n\t\t [\"C46M9XF9\"]) in 11.4181ms'","module":"DBInterface","timestamp":"2026-09-10T06:45:31.535Z"}
{"level":"silly","message":"Response Promise Event phone:getMyProfile:14db1286-2f28-4def-9a22-617966242033 (12.8322ms), Data >>","module":"events","timestamp":"2026-09-10T06:45:31.537Z"}
{"level":"info","message":"Executed query (SELECT * FROM npwd_phone_contacts WHERE identifier = ? ORDER BY display ASC [\"C46M9XF9\"]) in 13.9521ms'","module":"DBInterface","timestamp":"2026-09-10T06:45:31.540Z"}
{"level":"silly","message":{"data":{"bio":"","createdAt":"2026-09-09T19:58:52.000Z","id":1,"identifier":"C46M9XF9","image":"https://upload.wikimedia.org/wikipedia/commons/a/ac/No_image_available.svg","job":"","lastActive":1788983932,"lastActiveFormatted":"Wed, 09 Sep 2026 19:58:52 GMT","location":"","name":"Aj Fabela","tagList":[],"tags":"","updatedAt":"2026-09-09T19:58:52.000Z","viewed":false,"voiceMessage":null},"status":"ok"},"module":"events","timestamp":"2026-09-10T06:45:31.537Z"}
{"level":"silly","message":"Response Promise Event npwd-contact-getAll:ed03795f-34ba-4cb3-9c34-015f037db1e9 (14.2858ms), Data >>","module":"events","timestamp":"2026-09-10T06:45:31.540Z"}
{"level":"silly","message":{"data":[],"status":"ok"},"module":"events","timestamp":"2026-09-10T06:45:31.540Z"}
{"level":"info","message":"Executed query (SELECT npwd_messages_conversations.id,\n                          npwd_messages_conversations.conversation_list         as conversationList,\n                          npwd_messages_participants.unread_count               as unreadCount,\n                          npwd_messages_conversations.is_group_chat             as isGroupChat,\n                          npwd_messages_conversations.label,\n                          UNIX_TIMESTAMP(npwd_messages_conversations.updatedAt) as updatedAt,\n                          npwd_messages_participants.participant\n                   FROM npwd_messages_conversations\n                            INNER JOIN npwd_messages_participants\n                                       on npwd_messages_conversations.id = npwd_messages_participants.conversation_id\n                   WHERE npwd_messages_participants.participant = ? [\"8158341444\"]) in 15.6091ms'","module":"DBInterface","timestamp":"2026-09-10T06:45:31.540Z"}
{"level":"silly","message":"Response Promise Event npwd:fetchMessageGroups:c379cdad-69a6-48f0-a142-83a43bf274e7 (15.8574ms), Data >>","module":"events","timestamp":"2026-09-10T06:45:31.541Z"}
{"level":"silly","message":{"data":[],"status":"ok"},"module":"events","timestamp":"2026-09-10T06:45:31.541Z"}
{"level":"debug","message":"Marketplace service started","module":"marketplace","timestamp":"2026-09-10T07:02:56.162Z"}
{"level":"debug","message":"Call service started","module":"calls","timestamp":"2026-09-10T07:02:56.164Z"}
{"level":"debug","message":"Player Service started","module":"player","timestamp":"2026-09-10T07:02:56.164Z"}
{"level":"info","message":"Loading QBX bridge....","timestamp":"2026-09-10T07:02:56.164Z"}
{"level":"info","message":"QBX bridge initialized","timestamp":"2026-09-10T07:02:56.164Z"}
{"level":"debug","message":"Boot service started","module":"boot","timestamp":"2026-09-10T07:02:56.164Z"}
{"level":"debug","message":"Messages service started","module":"messages","timestamp":"2026-09-10T07:02:56.165Z"}
{"level":"debug","message":"Notes service started","module":"notes","timestamp":"2026-09-10T07:02:56.165Z"}
{"level":"debug","message":"Contacts service started","module":"contact","timestamp":"2026-09-10T07:02:56.165Z"}
{"level":"debug","message":"Photo service started","module":"photo","timestamp":"2026-09-10T07:02:56.172Z"}
{"level":"debug","message":"Twitter service started","module":"twitter","timestamp":"2026-09-10T07:02:56.173Z"}
{"level":"debug","message":"Match service started","module":"match","timestamp":"2026-09-10T07:02:56.173Z"}
{"level":"debug","message":"Beginning database schema validation","module":"boot","timestamp":"2026-09-10T07:02:56.906Z"}
{"level":"info","message":"Successfully started","timestamp":"2026-09-10T07:02:56.916Z"}
{"level":"info","message":"Executed query (SELECT COUNT(*) as count\n                       FROM information_schema.tables\n                       WHERE table_schema = ?\n                         AND table_name = ? [\"Qbox_A1B5B5\",\"players\"]) in 90.1274ms'","module":"DBInterface","timestamp":"2026-09-10T07:02:56.997Z"}
{"level":"info","message":"Executed query (SHOW COLUMNS IN players []) in 20.6703ms'","module":"DBInterface","timestamp":"2026-09-10T07:02:57.018Z"}
{"level":"debug","message":"Database schema successfully validated","module":"boot","timestamp":"2026-09-10T07:02:57.018Z"}
{"level":"info","message":"New NPWD Player added through event (1) (C46M9XF9)","module":"player","timestamp":"2026-09-10T07:06:44.024Z"}
{"level":"debug","message":{"_firstname":"Aj","_identifier":"C46M9XF9","_lastname":"Fabela","_phoneNumber":"8158341444","source":1,"username":"FieryFusionFX"},"module":"player","timestamp":"2026-09-10T07:06:44.024Z"}
{"level":"info","message":"New NPWD Player added through event (1) (C46M9XF9)","module":"player","timestamp":"2026-09-10T07:06:44.027Z"}
{"level":"debug","message":{"_firstname":"Aj","_identifier":"C46M9XF9","_lastname":"Fabela","_phoneNumber":"8158341444","source":1,"username":"FieryFusionFX"},"module":"player","timestamp":"2026-09-10T07:06:44.027Z"}
{"level":"silly","message":"netPromise > npwd:fetchTweets > RequestObj","module":"events","timestamp":"2026-09-10T07:06:44.120Z"}
{"level":"silly","message":{"data":{"pageId":0},"source":1},"module":"events","timestamp":"2026-09-10T07:06:44.121Z"}
{"level":"info","message":"Executed query (\n        SELECT *\n        FROM npwd_twitter_profiles\n        WHERE identifier = ?\n        LIMIT 1\n\t\t [\"C46M9XF9\"]) in 5.3689ms'","module":"DBInterface","timestamp":"2026-09-10T07:06:44.127Z"}
{"level":"info","message":"Executed query (\n        SELECT \n  npwd_twitter_tweets.id,\n  npwd_twitter_tweets.identifier,\n  npwd_twitter_profiles.id AS profile_id,\n  npwd_twitter_profiles.profile_name,\n  npwd_twitter_profiles.avatar_url,\n  npwd_twitter_tweets.likes,\n  npwd_twitter_tweets.visible,\n  IFNULL(COALESCE(retweets.message, npwd_twitter_tweets.message), '') AS message,\n  IFNULL(COALESCE(retweets.images, npwd_twitter_tweets.images), '') AS images,\n  npwd_twitter_tweets.retweet IS NOT NULL AS isRetweet,\n  retweets.id AS retweetId,\n  retweets_profiles.profile_name AS retweetProfileName,\n  retweets_profiles.avatar_url AS retweetAvatarUrl,\n  npwd_twitter_likes.id IS NOT NULL AS isLiked,\n  npwd_twitter_reports.id IS NOT NULL AS isReported,\n  npwd_twitter_tweets.createdAt,\n  npwd_twitter_tweets.updatedAt,\n  TIME_TO_SEC(TIMEDIFF( NOW(), npwd_twitter_tweets.createdAt)) AS seconds_since_tweet\n\n        FROM npwd_twitter_tweets\n                 LEFT OUTER JOIN npwd_twitter_profiles\n                                 ON npwd_twitter_tweets.identifier = npwd_twitter_profiles.identifier\n                 LEFT OUTER JOIN npwd_twitter_likes ON npwd_twitter_tweets.id = npwd_twitter_likes.tweet_id AND\n                                                       npwd_twitter_likes.profile_id = ?\n                 LEFT OUTER JOIN npwd_twitter_reports ON npwd_twitter_tweets.id = npwd_twitter_reports.tweet_id AND\n                                                         npwd_twitter_reports.profile_id = ?\n                 LEFT OUTER JOIN npwd_twitter_tweets AS retweets ON retweets.id = npwd_twitter_tweets.retweet\n                 LEFT OUTER JOIN npwd_twitter_profiles AS retweets_profiles\n                                 ON retweets.identifier = retweets_profiles.identifier\n        WHERE npwd_twitter_tweets.visible = 1\n        ORDER BY id DESC\n        LIMIT ? OFFSET ?\n\t\t [1,1,\"25\",\"0\"]) in 3.8305ms'","module":"DBInterface","timestamp":"2026-09-10T07:06:44.131Z"}
{"level":"silly","message":"Response Promise Event npwd:fetchTweets:bdc0d7eb-2e7a-4c27-be23-47b99a2636e8 (10.594ms), Data >>","module":"events","timestamp":"2026-09-10T07:06:44.131Z"}
{"level":"silly","message":{"data":[],"status":"ok"},"module":"events","timestamp":"2026-09-10T07:06:44.131Z"}
{"level":"silly","message":"netPromise > npwd:getOrCreateTwitterProfile > RequestObj","module":"events","timestamp":"2026-09-10T07:06:44.171Z"}
{"level":"silly","message":{"data":null,"source":1},"module":"events","timestamp":"2026-09-10T07:06:44.171Z"}
{"level":"silly","message":"netPromise > phone:getMyProfile > RequestObj","module":"events","timestamp":"2026-09-10T07:06:44.171Z"}
{"level":"silly","message":{"data":null,"source":1},"module":"events","timestamp":"2026-09-10T07:06:44.171Z"}
{"level":"silly","message":"netPromise > npwd:fetchMessageGroups > RequestObj","module":"events","timestamp":"2026-09-10T07:06:44.173Z"}
{"level":"silly","message":{"data":null,"source":1},"module":"events","timestamp":"2026-09-10T07:06:44.173Z"}
{"level":"silly","message":"netPromise > npwd-contact-getAll > RequestObj","module":"events","timestamp":"2026-09-10T07:06:44.174Z"}
{"level":"silly","message":{"data":null,"source":1},"module":"events","timestamp":"2026-09-10T07:06:44.174Z"}
{"level":"info","message":"Executed query (\n        SELECT *\n        FROM npwd_twitter_profiles\n        WHERE identifier = ?\n        LIMIT 1\n\t\t [\"C46M9XF9\"]) in 5.8998ms'","module":"DBInterface","timestamp":"2026-09-10T07:06:44.177Z"}
{"level":"silly","message":"Response Promise Event npwd:getOrCreateTwitterProfile:fc38307e-2aa2-439f-896b-9eaa423f9640 (6.4155ms), Data >>","module":"events","timestamp":"2026-09-10T07:06:44.177Z"}
{"level":"silly","message":{"data":{"avatar_url":"https://i.fivemanage.com/images/3ClWwmpwkFhL.png","createdAt":"2026-09-09T19:58:52.000Z","id":1,"identifier":"C46M9XF9","profile_name":"Aj_Fabela","updatedAt":"2026-09-09T19:58:52.000Z"},"status":"ok"},"module":"events","timestamp":"2026-09-10T07:06:44.177Z"}
{"level":"info","message":"Executed query (\n        SELECT *,\n               UNIX_TIMESTAMP(updatedAt) AS lastActive\n        FROM npwd_match_profiles\n        WHERE identifier = ?\n        LIMIT 1\n\t\t [\"C46M9XF9\"]) in 12.7816ms'","module":"DBInterface","timestamp":"2026-09-10T07:06:44.184Z"}
{"level":"silly","message":"Response Promise Event phone:getMyProfile:69b7f576-4cb0-4f84-bb2b-5861d621baeb (13.7252ms), Data >>","module":"events","timestamp":"2026-09-10T07:06:44.185Z"}
{"level":"info","message":"Executed query (SELECT npwd_messages_conversations.id,\n                          npwd_messages_conversations.conversation_list         as conversationList,\n                          npwd_messages_participants.unread_count               as unreadCount,\n                          npwd_messages_conversations.is_group_chat             as isGroupChat,\n                          npwd_messages_conversations.label,\n                          UNIX_TIMESTAMP(npwd_messages_conversations.updatedAt) as updatedAt,\n                          npwd_messages_participants.participant\n                   FROM npwd_messages_conversations\n                            INNER JOIN npwd_messages_participants\n                                       on npwd_messages_conversations.id = npwd_messages_participants.conversation_id\n                   WHERE npwd_messages_participants.participant = ? [\"8158341444\"]) in 13.8608ms'","module":"DBInterface","timestamp":"2026-09-10T07:06:44.187Z"}
{"level":"info","message":"Executed query (SELECT * FROM npwd_phone_contacts WHERE identifier = ? ORDER BY display ASC [\"C46M9XF9\"]) in 13.344ms'","module":"DBInterface","timestamp":"2026-09-10T07:06:44.187Z"}
{"level":"silly","message":{"data":{"bio":"","createdAt":"2026-09-09T19:58:52.000Z","id":1,"identifier":"C46M9XF9","image":"https://upload.wikimedia.org/wikipedia/commons/a/ac/No_image_available.svg","job":"","lastActive":1788983932,"lastActiveFormatted":"Wed, 09 Sep 2026 19:58:52 GMT","location":"","name":"Aj Fabela","tagList":[],"tags":"","updatedAt":"2026-09-09T19:58:52.000Z","viewed":false,"voiceMessage":null},"status":"ok"},"module":"events","timestamp":"2026-09-10T07:06:44.185Z"}
{"level":"silly","message":"Response Promise Event npwd:fetchMessageGroups:85855db7-d307-4f5d-aefa-ef13dc51b344 (14.3163ms), Data >>","module":"events","timestamp":"2026-09-10T07:06:44.187Z"}
{"level":"silly","message":{"data":[],"status":"ok"},"module":"events","timestamp":"2026-09-10T07:06:44.187Z"}
{"level":"silly","message":"Response Promise Event npwd-contact-getAll:2ffce2a0-19a5-475b-ae6c-fae00e616864 (13.606ms), Data >>","module":"events","timestamp":"2026-09-10T07:06:44.188Z"}
{"level":"silly","message":{"data":[],"status":"ok"},"module":"events","timestamp":"2026-09-10T07:06:44.188Z"}
{"level":"debug","message":"Marketplace service started","module":"marketplace","timestamp":"2026-09-10T07:13:49.304Z"}
{"level":"debug","message":"Call service started","module":"calls","timestamp":"2026-09-10T07:13:49.307Z"}
{"level":"debug","message":"Player Service started","module":"player","timestamp":"2026-09-10T07:13:49.308Z"}
{"level":"info","message":"Loading QBX bridge....","timestamp":"2026-09-10T07:13:49.308Z"}
{"level":"info","message":"QBX bridge initialized","timestamp":"2026-09-10T07:13:49.308Z"}
{"level":"debug","message":"Boot service started","module":"boot","timestamp":"2026-09-10T07:13:49.308Z"}
{"level":"debug","message":"Messages service started","module":"messages","timestamp":"2026-09-10T07:13:49.309Z"}
{"level":"debug","message":"Notes service started","module":"notes","timestamp":"2026-09-10T07:13:49.309Z"}
{"level":"debug","message":"Contacts service started","module":"contact","timestamp":"2026-09-10T07:13:49.309Z"}
{"level":"debug","message":"Photo service started","module":"photo","timestamp":"2026-09-10T07:13:49.317Z"}
{"level":"debug","message":"Twitter service started","module":"twitter","timestamp":"2026-09-10T07:13:49.317Z"}
{"level":"debug","message":"Match service started","module":"match","timestamp":"2026-09-10T07:13:49.317Z"}
{"level":"debug","message":"Beginning database schema validation","module":"boot","timestamp":"2026-09-10T07:13:50.155Z"}
{"level":"info","message":"Successfully started","timestamp":"2026-09-10T07:13:50.166Z"}
{"level":"info","message":"Executed query (SELECT COUNT(*) as count\n                       FROM information_schema.tables\n                       WHERE table_schema = ?\n                         AND table_name = ? [\"Qbox_A1B5B5\",\"players\"]) in 89.6422ms'","module":"DBInterface","timestamp":"2026-09-10T07:13:50.245Z"}
{"level":"info","message":"Executed query (SHOW COLUMNS IN players []) in 23.2789ms'","module":"DBInterface","timestamp":"2026-09-10T07:13:50.269Z"}
{"level":"debug","message":"Database schema successfully validated","module":"boot","timestamp":"2026-09-10T07:13:50.269Z"}
{"level":"info","message":"New NPWD Player added through event (1) (C46M9XF9)","module":"player","timestamp":"2026-09-10T07:15:25.608Z"}
{"level":"debug","message":{"_firstname":"Aj","_identifier":"C46M9XF9","_lastname":"Fabela","_phoneNumber":"8158341444","source":1,"username":"FieryFusionFX"},"module":"player","timestamp":"2026-09-10T07:15:25.609Z"}
{"level":"info","message":"New NPWD Player added through event (1) (C46M9XF9)","module":"player","timestamp":"2026-09-10T07:15:25.611Z"}
{"level":"debug","message":{"_firstname":"Aj","_identifier":"C46M9XF9","_lastname":"Fabela","_phoneNumber":"8158341444","source":1,"username":"FieryFusionFX"},"module":"player","timestamp":"2026-09-10T07:15:25.611Z"}
{"level":"silly","message":"netPromise > npwd:fetchTweets > RequestObj","module":"events","timestamp":"2026-09-10T07:15:25.700Z"}
{"level":"silly","message":{"data":{"pageId":0},"source":1},"module":"events","timestamp":"2026-09-10T07:15:25.701Z"}
{"level":"info","message":"Executed query (\n        SELECT *\n        FROM npwd_twitter_profiles\n        WHERE identifier = ?\n        LIMIT 1\n\t\t [\"C46M9XF9\"]) in 5.0799ms'","module":"DBInterface","timestamp":"2026-09-10T07:15:25.706Z"}
{"level":"info","message":"Executed query (\n        SELECT \n  npwd_twitter_tweets.id,\n  npwd_twitter_tweets.identifier,\n  npwd_twitter_profiles.id AS profile_id,\n  npwd_twitter_profiles.profile_name,\n  npwd_twitter_profiles.avatar_url,\n  npwd_twitter_tweets.likes,\n  npwd_twitter_tweets.visible,\n  IFNULL(COALESCE(retweets.message, npwd_twitter_tweets.message), '') AS message,\n  IFNULL(COALESCE(retweets.images, npwd_twitter_tweets.images), '') AS images,\n  npwd_twitter_tweets.retweet IS NOT NULL AS isRetweet,\n  retweets.id AS retweetId,\n  retweets_profiles.profile_name AS retweetProfileName,\n  retweets_profiles.avatar_url AS retweetAvatarUrl,\n  npwd_twitter_likes.id IS NOT NULL AS isLiked,\n  npwd_twitter_reports.id IS NOT NULL AS isReported,\n  npwd_twitter_tweets.createdAt,\n  npwd_twitter_tweets.updatedAt,\n  TIME_TO_SEC(TIMEDIFF( NOW(), npwd_twitter_tweets.createdAt)) AS seconds_since_tweet\n\n        FROM npwd_twitter_tweets\n                 LEFT OUTER JOIN npwd_twitter_profiles\n                                 ON npwd_twitter_tweets.identifier = npwd_twitter_profiles.identifier\n                 LEFT OUTER JOIN npwd_twitter_likes ON npwd_twitter_tweets.id = npwd_twitter_likes.tweet_id AND\n                                                       npwd_twitter_likes.profile_id = ?\n                 LEFT OUTER JOIN npwd_twitter_reports ON npwd_twitter_tweets.id = npwd_twitter_reports.tweet_id AND\n                                                         npwd_twitter_reports.profile_id = ?\n                 LEFT OUTER JOIN npwd_twitter_tweets AS retweets ON retweets.id = npwd_twitter_tweets.retweet\n                 LEFT OUTER JOIN npwd_twitter_profiles AS retweets_profiles\n                                 ON retweets.identifier = retweets_profiles.identifier\n        WHERE npwd_twitter_tweets.visible = 1\n        ORDER BY id DESC\n        LIMIT ? OFFSET ?\n\t\t [1,1,\"25\",\"0\"]) in 4.9446ms'","module":"DBInterface","timestamp":"2026-09-10T07:15:25.711Z"}
{"level":"silly","message":"Response Promise Event npwd:fetchTweets:f79c7314-79ac-4d9c-8a38-2eaa3933ba7b (11.2047ms), Data >>","module":"events","timestamp":"2026-09-10T07:15:25.712Z"}
{"level":"silly","message":{"data":[],"status":"ok"},"module":"events","timestamp":"2026-09-10T07:15:25.712Z"}
{"level":"silly","message":"netPromise > npwd:getOrCreateTwitterProfile > RequestObj","module":"events","timestamp":"2026-09-10T07:15:25.800Z"}
{"level":"silly","message":{"data":null,"source":1},"module":"events","timestamp":"2026-09-10T07:15:25.800Z"}
{"level":"silly","message":"netPromise > phone:getMyProfile > RequestObj","module":"events","timestamp":"2026-09-10T07:15:25.800Z"}
{"level":"silly","message":{"data":null,"source":1},"module":"events","timestamp":"2026-09-10T07:15:25.801Z"}
{"level":"silly","message":"netPromise > npwd:fetchMessageGroups > RequestObj","module":"events","timestamp":"2026-09-10T07:15:25.801Z"}
{"level":"silly","message":{"data":null,"source":1},"module":"events","timestamp":"2026-09-10T07:15:25.801Z"}
{"level":"silly","message":"netPromise > npwd-contact-getAll > RequestObj","module":"events","timestamp":"2026-09-10T07:15:25.802Z"}
{"level":"silly","message":{"data":null,"source":1},"module":"events","timestamp":"2026-09-10T07:15:25.802Z"}
{"level":"info","message":"Executed query (\n        SELECT *\n        FROM npwd_twitter_profiles\n        WHERE identifier = ?\n        LIMIT 1\n\t\t [\"C46M9XF9\"]) in 5.2295ms'","module":"DBInterface","timestamp":"2026-09-10T07:15:25.806Z"}
{"level":"silly","message":"Response Promise Event npwd:getOrCreateTwitterProfile:b4875dba-cbd9-4f94-9a69-6ece8817f231 (5.8314ms), Data >>","module":"events","timestamp":"2026-09-10T07:15:25.806Z"}
{"level":"silly","message":{"data":{"avatar_url":"https://i.fivemanage.com/images/3ClWwmpwkFhL.png","createdAt":"2026-09-09T19:58:52.000Z","id":1,"identifier":"C46M9XF9","profile_name":"Aj_Fabela","updatedAt":"2026-09-09T19:58:52.000Z"},"status":"ok"},"module":"events","timestamp":"2026-09-10T07:15:25.806Z"}
{"level":"info","message":"Executed query (SELECT npwd_messages_conversations.id,\n                          npwd_messages_conversations.conversation_list         as conversationList,\n                          npwd_messages_participants.unread_count               as unreadCount,\n                          npwd_messages_conversations.is_group_chat             as isGroupChat,\n                          npwd_messages_conversations.label,\n                          UNIX_TIMESTAMP(npwd_messages_conversations.updatedAt) as updatedAt,\n                          npwd_messages_participants.participant\n                   FROM npwd_messages_conversations\n                            INNER JOIN npwd_messages_participants\n                                       on npwd_messages_conversations.id = npwd_messages_participants.conversation_id\n                   WHERE npwd_messages_participants.participant = ? [\"8158341444\"]) in 8.9914ms'","module":"DBInterface","timestamp":"2026-09-10T07:15:25.811Z"}
{"level":"silly","message":"Response Promise Event npwd:fetchMessageGroups:673c1daa-89c1-4f78-91ab-c74e24564754 (9.3595ms), Data >>","module":"events","timestamp":"2026-09-10T07:15:25.811Z"}
{"level":"info","message":"Executed query (\n        SELECT *,\n               UNIX_TIMESTAMP(updatedAt) AS lastActive\n        FROM npwd_match_profiles\n        WHERE identifier = ?\n        LIMIT 1\n\t\t [\"C46M9XF9\"]) in 10.6646ms'","module":"DBInterface","timestamp":"2026-09-10T07:15:25.811Z"}
{"level":"info","message":"Executed query (SELECT * FROM npwd_phone_contacts WHERE identifier = ? ORDER BY display ASC [\"C46M9XF9\"]) in 10.7928ms'","module":"DBInterface","timestamp":"2026-09-10T07:15:25.813Z"}
{"level":"silly","message":{"data":[],"status":"ok"},"module":"events","timestamp":"2026-09-10T07:15:25.811Z"}
{"level":"silly","message":"Response Promise Event phone:getMyProfile:c7ab8599-98c9-4034-b273-417bff774623 (11.3394ms), Data >>","module":"events","timestamp":"2026-09-10T07:15:25.812Z"}
{"level":"silly","message":{"data":{"bio":"","createdAt":"2026-09-09T19:58:52.000Z","id":1,"identifier":"C46M9XF9","image":"https://upload.wikimedia.org/wikipedia/commons/a/ac/No_image_available.svg","job":"","lastActive":1788983932,"lastActiveFormatted":"Wed, 09 Sep 2026 19:58:52 GMT","location":"","name":"Aj Fabela","tagList":[],"tags":"","updatedAt":"2026-09-09T19:58:52.000Z","viewed":false,"voiceMessage":null},"status":"ok"},"module":"events","timestamp":"2026-09-10T07:15:25.812Z"}
{"level":"silly","message":"Response Promise Event npwd-contact-getAll:860e08db-dc77-4334-9767-a96b67acef6f (11.0975ms), Data >>","module":"events","timestamp":"2026-09-10T07:15:25.813Z"}
{"level":"silly","message":{"data":[],"status":"ok"},"module":"events","timestamp":"2026-09-10T07:15:25.814Z"}
{"level":"debug","message":"Marketplace service started","module":"marketplace","timestamp":"2026-09-10T07:16:35.381Z"}
{"level":"debug","message":"Call service started","module":"calls","timestamp":"2026-09-10T07:16:35.382Z"}
{"level":"debug","message":"Player Service started","module":"player","timestamp":"2026-09-10T07:16:35.383Z"}
{"level":"info","message":"Loading QBX bridge....","timestamp":"2026-09-10T07:16:35.383Z"}
{"level":"info","message":"QBX bridge initialized","timestamp":"2026-09-10T07:16:35.383Z"}
{"level":"debug","message":"Boot service started","module":"boot","timestamp":"2026-09-10T07:16:35.383Z"}
{"level":"debug","message":"Messages service started","module":"messages","timestamp":"2026-09-10T07:16:35.383Z"}
{"level":"debug","message":"Notes service started","module":"notes","timestamp":"2026-09-10T07:16:35.384Z"}
{"level":"debug","message":"Contacts service started","module":"contact","timestamp":"2026-09-10T07:16:35.384Z"}
{"level":"debug","message":"Photo service started","module":"photo","timestamp":"2026-09-10T07:16:35.391Z"}
{"level":"debug","message":"Twitter service started","module":"twitter","timestamp":"2026-09-10T07:16:35.391Z"}
{"level":"debug","message":"Match service started","module":"match","timestamp":"2026-09-10T07:16:35.391Z"}
{"level":"debug","message":"Beginning database schema validation","module":"boot","timestamp":"2026-09-10T07:16:36.122Z"}
{"level":"info","message":"Successfully started","timestamp":"2026-09-10T07:16:36.132Z"}
{"level":"info","message":"Executed query (SELECT COUNT(*) as count\n                       FROM information_schema.tables\n                       WHERE table_schema = ?\n                         AND table_name = ? [\"Qbox_A1B5B5\",\"players\"]) in 96.4749ms'","module":"DBInterface","timestamp":"2026-09-10T07:16:36.220Z"}
{"level":"info","message":"Executed query (SHOW COLUMNS IN players []) in 40.5448ms'","module":"DBInterface","timestamp":"2026-09-10T07:16:36.260Z"}
{"level":"debug","message":"Database schema successfully validated","module":"boot","timestamp":"2026-09-10T07:16:36.261Z"}
{"level":"info","message":"New NPWD Player added through event (1) (C46M9XF9)","module":"player","timestamp":"2026-09-10T07:17:53.460Z"}
{"level":"debug","message":{"_firstname":"Aj","_identifier":"C46M9XF9","_lastname":"Fabela","_phoneNumber":"8158341444","source":1,"username":"FieryFusionFX"},"module":"player","timestamp":"2026-09-10T07:17:53.460Z"}
{"level":"info","message":"New NPWD Player added through event (1) (C46M9XF9)","module":"player","timestamp":"2026-09-10T07:17:53.465Z"}
{"level":"debug","message":{"_firstname":"Aj","_identifier":"C46M9XF9","_lastname":"Fabela","_phoneNumber":"8158341444","source":1,"username":"FieryFusionFX"},"module":"player","timestamp":"2026-09-10T07:17:53.465Z"}
{"level":"silly","message":"netPromise > npwd:fetchTweets > RequestObj","module":"events","timestamp":"2026-09-10T07:17:53.507Z"}
{"level":"silly","message":{"data":{"pageId":0},"source":1},"module":"events","timestamp":"2026-09-10T07:17:53.507Z"}
{"level":"info","message":"Executed query (\n        SELECT *\n        FROM npwd_twitter_profiles\n        WHERE identifier = ?\n        LIMIT 1\n\t\t [\"C46M9XF9\"]) in 6.3906ms'","module":"DBInterface","timestamp":"2026-09-10T07:17:53.514Z"}
{"level":"info","message":"Executed query (\n        SELECT \n  npwd_twitter_tweets.id,\n  npwd_twitter_tweets.identifier,\n  npwd_twitter_profiles.id AS profile_id,\n  npwd_twitter_profiles.profile_name,\n  npwd_twitter_profiles.avatar_url,\n  npwd_twitter_tweets.likes,\n  npwd_twitter_tweets.visible,\n  IFNULL(COALESCE(retweets.message, npwd_twitter_tweets.message), '') AS message,\n  IFNULL(COALESCE(retweets.images, npwd_twitter_tweets.images), '') AS images,\n  npwd_twitter_tweets.retweet IS NOT NULL AS isRetweet,\n  retweets.id AS retweetId,\n  retweets_profiles.profile_name AS retweetProfileName,\n  retweets_profiles.avatar_url AS retweetAvatarUrl,\n  npwd_twitter_likes.id IS NOT NULL AS isLiked,\n  npwd_twitter_reports.id IS NOT NULL AS isReported,\n  npwd_twitter_tweets.createdAt,\n  npwd_twitter_tweets.updatedAt,\n  TIME_TO_SEC(TIMEDIFF( NOW(), npwd_twitter_tweets.createdAt)) AS seconds_since_tweet\n\n        FROM npwd_twitter_tweets\n                 LEFT OUTER JOIN npwd_twitter_profiles\n                                 ON npwd_twitter_tweets.identifier = npwd_twitter_profiles.identifier\n                 LEFT OUTER JOIN npwd_twitter_likes ON npwd_twitter_tweets.id = npwd_twitter_likes.tweet_id AND\n                                                       npwd_twitter_likes.profile_id = ?\n                 LEFT OUTER JOIN npwd_twitter_reports ON npwd_twitter_tweets.id = npwd_twitter_reports.tweet_id AND\n                                                         npwd_twitter_reports.profile_id = ?\n                 LEFT OUTER JOIN npwd_twitter_tweets AS retweets ON retweets.id = npwd_twitter_tweets.retweet\n                 LEFT OUTER JOIN npwd_twitter_profiles AS retweets_profiles\n                                 ON retweets.identifier = retweets_profiles.identifier\n        WHERE npwd_twitter_tweets.visible = 1\n        ORDER BY id DESC\n        LIMIT ? OFFSET ?\n\t\t [1,1,\"25\",\"0\"]) in 5.0844ms'","module":"DBInterface","timestamp":"2026-09-10T07:17:53.520Z"}
{"level":"silly","message":"Response Promise Event npwd:fetchTweets:c66afd35-6cc7-4f84-85ab-b6fa2e4a72b6 (13.2834ms), Data >>","module":"events","timestamp":"2026-09-10T07:17:53.520Z"}
{"level":"silly","message":{"data":[],"status":"ok"},"module":"events","timestamp":"2026-09-10T07:17:53.521Z"}
{"level":"silly","message":"netPromise > npwd:getOrCreateTwitterProfile > RequestObj","module":"events","timestamp":"2026-09-10T07:17:53.606Z"}
{"level":"silly","message":{"data":null,"source":1},"module":"events","timestamp":"2026-09-10T07:17:53.606Z"}
{"level":"silly","message":"netPromise > phone:getMyProfile > RequestObj","module":"events","timestamp":"2026-09-10T07:17:53.607Z"}
{"level":"silly","message":{"data":null,"source":1},"module":"events","timestamp":"2026-09-10T07:17:53.607Z"}
{"level":"silly","message":"netPromise > npwd:fetchMessageGroups > RequestObj","module":"events","timestamp":"2026-09-10T07:17:53.609Z"}
{"level":"silly","message":{"data":null,"source":1},"module":"events","timestamp":"2026-09-10T07:17:53.609Z"}
{"level":"silly","message":"netPromise > npwd-contact-getAll > RequestObj","module":"events","timestamp":"2026-09-10T07:17:53.611Z"}
{"level":"silly","message":{"data":null,"source":1},"module":"events","timestamp":"2026-09-10T07:17:53.611Z"}
{"level":"info","message":"Executed query (\n        SELECT *\n        FROM npwd_twitter_profiles\n        WHERE identifier = ?\n        LIMIT 1\n\t\t [\"C46M9XF9\"]) in 8.4753ms'","module":"DBInterface","timestamp":"2026-09-10T07:17:53.615Z"}
{"level":"silly","message":"Response Promise Event npwd:getOrCreateTwitterProfile:653a4131-9c14-4c99-8223-aab241879e05 (9.3864ms), Data >>","module":"events","timestamp":"2026-09-10T07:17:53.616Z"}
{"level":"silly","message":{"data":{"avatar_url":"https://i.fivemanage.com/images/3ClWwmpwkFhL.png","createdAt":"2026-09-09T19:58:52.000Z","id":1,"identifier":"C46M9XF9","profile_name":"Aj_Fabela","updatedAt":"2026-09-09T19:58:52.000Z"},"status":"ok"},"module":"events","timestamp":"2026-09-10T07:17:53.616Z"}
{"level":"info","message":"Executed query (\n        SELECT *,\n               UNIX_TIMESTAMP(updatedAt) AS lastActive\n        FROM npwd_match_profiles\n        WHERE identifier = ?\n        LIMIT 1\n\t\t [\"C46M9XF9\"]) in 17.0036ms'","module":"DBInterface","timestamp":"2026-09-10T07:17:53.624Z"}
{"level":"silly","message":"Response Promise Event phone:getMyProfile:4c9bf37d-c6c6-455d-b6ab-b184f644fbb1 (17.9146ms), Data >>","module":"events","timestamp":"2026-09-10T07:17:53.625Z"}
{"level":"info","message":"Executed query (SELECT npwd_messages_conversations.id,\n                          npwd_messages_conversations.conversation_list         as conversationList,\n                          npwd_messages_participants.unread_count               as unreadCount,\n                          npwd_messages_conversations.is_group_chat             as isGroupChat,\n                          npwd_messages_conversations.label,\n                          UNIX_TIMESTAMP(npwd_messages_conversations.updatedAt) as updatedAt,\n                          npwd_messages_participants.participant\n                   FROM npwd_messages_conversations\n                            INNER JOIN npwd_messages_participants\n                                       on npwd_messages_conversations.id = npwd_messages_participants.conversation_id\n                   WHERE npwd_messages_participants.participant = ? [\"8158341444\"]) in 15.6478ms'","module":"DBInterface","timestamp":"2026-09-10T07:17:53.625Z"}
{"level":"info","message":"Executed query (SELECT * FROM npwd_phone_contacts WHERE identifier = ? ORDER BY display ASC [\"C46M9XF9\"]) in 13.9842ms'","module":"DBInterface","timestamp":"2026-09-10T07:17:53.626Z"}
{"level":"silly","message":{"data":{"bio":"","createdAt":"2026-09-09T19:58:52.000Z","id":1,"identifier":"C46M9XF9","image":"https://upload.wikimedia.org/wikipedia/commons/a/ac/No_image_available.svg","job":"","lastActive":1788983932,"lastActiveFormatted":"Wed, 09 Sep 2026 19:58:52 GMT","location":"","name":"Aj Fabela","tagList":[],"tags":"","updatedAt":"2026-09-09T19:58:52.000Z","viewed":false,"voiceMessage":null},"status":"ok"},"module":"events","timestamp":"2026-09-10T07:17:53.625Z"}
{"level":"silly","message":"Response Promise Event npwd:fetchMessageGroups:93e62dee-c62b-48d3-b1de-4f3bf132d1f5 (16.1848ms), Data >>","module":"events","timestamp":"2026-09-10T07:17:53.625Z"}
{"level":"silly","message":{"data":[],"status":"ok"},"module":"events","timestamp":"2026-09-10T07:17:53.625Z"}
{"level":"silly","message":"Response Promise Event npwd-contact-getAll:f400e281-8e2b-4946-b217-a1640b9f8307 (14.7051ms), Data >>","module":"events","timestamp":"2026-09-10T07:17:53.626Z"}
{"level":"silly","message":{"data":[],"status":"ok"},"module":"events","timestamp":"2026-09-10T07:17:53.626Z"}
{"level":"debug","message":"Marketplace service started","module":"marketplace","timestamp":"2026-09-10T07:32:17.651Z"}
{"level":"debug","message":"Call service started","module":"calls","timestamp":"2026-09-10T07:32:17.655Z"}
{"level":"debug","message":"Player Service started","module":"player","timestamp":"2026-09-10T07:32:17.655Z"}
{"level":"info","message":"Loading QBX bridge....","timestamp":"2026-09-10T07:32:17.655Z"}
{"level":"info","message":"QBX bridge initialized","timestamp":"2026-09-10T07:32:17.655Z"}
{"level":"debug","message":"Boot service started","module":"boot","timestamp":"2026-09-10T07:32:17.656Z"}
{"level":"debug","message":"Messages service started","module":"messages","timestamp":"2026-09-10T07:32:17.656Z"}
{"level":"debug","message":"Notes service started","module":"notes","timestamp":"2026-09-10T07:32:17.656Z"}
{"level":"debug","message":"Contacts service started","module":"contact","timestamp":"2026-09-10T07:32:17.656Z"}
{"level":"debug","message":"Photo service started","module":"photo","timestamp":"2026-09-10T07:32:17.663Z"}
{"level":"debug","message":"Twitter service started","module":"twitter","timestamp":"2026-09-10T07:32:17.663Z"}
{"level":"debug","message":"Match service started","module":"match","timestamp":"2026-09-10T07:32:17.664Z"}
{"level":"debug","message":"Beginning database schema validation","module":"boot","timestamp":"2026-09-10T07:32:19.863Z"}
{"level":"info","message":"Successfully started","timestamp":"2026-09-10T07:32:19.872Z"}
{"level":"info","message":"Executed query (SELECT COUNT(*) as count\n                       FROM information_schema.tables\n                       WHERE table_schema = ?\n                         AND table_name = ? [\"Qbox_A1B5B5\",\"players\"]) in 135.4685ms'","module":"DBInterface","timestamp":"2026-09-10T07:32:20.000Z"}
{"level":"info","message":"Executed query (SHOW COLUMNS IN players []) in 16.0777ms'","module":"DBInterface","timestamp":"2026-09-10T07:32:20.016Z"}
{"level":"debug","message":"Database schema successfully validated","module":"boot","timestamp":"2026-09-10T07:32:20.016Z"}
{"level":"debug","message":"1 failed to unload, likely was never loaded in the first place.","module":"player","timestamp":"2026-09-10T07:33:19.159Z"}
{"level":"info","message":"New NPWD Player added through event (2) (C46M9XF9)","module":"player","timestamp":"2026-09-10T07:34:34.788Z"}
{"level":"debug","message":{"_firstname":"Aj","_identifier":"C46M9XF9","_lastname":"Fabela","_phoneNumber":"8158341444","source":2,"username":"FieryFusionFX"},"module":"player","timestamp":"2026-09-10T07:34:34.789Z"}
{"level":"info","message":"New NPWD Player added through event (2) (C46M9XF9)","module":"player","timestamp":"2026-09-10T07:34:34.792Z"}
{"level":"debug","message":{"_firstname":"Aj","_identifier":"C46M9XF9","_lastname":"Fabela","_phoneNumber":"8158341444","source":2,"username":"FieryFusionFX"},"module":"player","timestamp":"2026-09-10T07:34:34.792Z"}
{"level":"silly","message":"netPromise > npwd:fetchTweets > RequestObj","module":"events","timestamp":"2026-09-10T07:34:34.833Z"}
{"level":"silly","message":{"data":{"pageId":0},"source":2},"module":"events","timestamp":"2026-09-10T07:34:34.834Z"}
{"level":"info","message":"Executed query (\n        SELECT *\n        FROM npwd_twitter_profiles\n        WHERE identifier = ?\n        LIMIT 1\n\t\t [\"C46M9XF9\"]) in 4.3145ms'","module":"DBInterface","timestamp":"2026-09-10T07:34:34.838Z"}
{"level":"info","message":"Executed query (\n        SELECT \n  npwd_twitter_tweets.id,\n  npwd_twitter_tweets.identifier,\n  npwd_twitter_profiles.id AS profile_id,\n  npwd_twitter_profiles.profile_name,\n  npwd_twitter_profiles.avatar_url,\n  npwd_twitter_tweets.likes,\n  npwd_twitter_tweets.visible,\n  IFNULL(COALESCE(retweets.message, npwd_twitter_tweets.message), '') AS message,\n  IFNULL(COALESCE(retweets.images, npwd_twitter_tweets.images), '') AS images,\n  npwd_twitter_tweets.retweet IS NOT NULL AS isRetweet,\n  retweets.id AS retweetId,\n  retweets_profiles.profile_name AS retweetProfileName,\n  retweets_profiles.avatar_url AS retweetAvatarUrl,\n  npwd_twitter_likes.id IS NOT NULL AS isLiked,\n  npwd_twitter_reports.id IS NOT NULL AS isReported,\n  npwd_twitter_tweets.createdAt,\n  npwd_twitter_tweets.updatedAt,\n  TIME_TO_SEC(TIMEDIFF( NOW(), npwd_twitter_tweets.createdAt)) AS seconds_since_tweet\n\n        FROM npwd_twitter_tweets\n                 LEFT OUTER JOIN npwd_twitter_profiles\n                                 ON npwd_twitter_tweets.identifier = npwd_twitter_profiles.identifier\n                 LEFT OUTER JOIN npwd_twitter_likes ON npwd_twitter_tweets.id = npwd_twitter_likes.tweet_id AND\n                                                       npwd_twitter_likes.profile_id = ?\n                 LEFT OUTER JOIN npwd_twitter_reports ON npwd_twitter_tweets.id = npwd_twitter_reports.tweet_id AND\n                                                         npwd_twitter_reports.profile_id = ?\n                 LEFT OUTER JOIN npwd_twitter_tweets AS retweets ON retweets.id = npwd_twitter_tweets.retweet\n                 LEFT OUTER JOIN npwd_twitter_profiles AS retweets_profiles\n                                 ON retweets.identifier = retweets_profiles.identifier\n        WHERE npwd_twitter_tweets.visible = 1\n        ORDER BY id DESC\n        LIMIT ? OFFSET ?\n\t\t [1,1,\"25\",\"0\"]) in 5.2859ms'","module":"DBInterface","timestamp":"2026-09-10T07:34:34.844Z"}
{"level":"silly","message":"Response Promise Event npwd:fetchTweets:36aa47db-4db2-40d6-a508-1668f73f5c5b (10.7062ms), Data >>","module":"events","timestamp":"2026-09-10T07:34:34.844Z"}
{"level":"silly","message":{"data":[],"status":"ok"},"module":"events","timestamp":"2026-09-10T07:34:34.844Z"}
{"level":"silly","message":"netPromise > npwd:getOrCreateTwitterProfile > RequestObj","module":"events","timestamp":"2026-09-10T07:34:34.931Z"}
{"level":"silly","message":{"data":null,"source":2},"module":"events","timestamp":"2026-09-10T07:34:34.931Z"}
{"level":"silly","message":"netPromise > phone:getMyProfile > RequestObj","module":"events","timestamp":"2026-09-10T07:34:34.932Z"}
{"level":"silly","message":{"data":null,"source":2},"module":"events","timestamp":"2026-09-10T07:34:34.932Z"}
{"level":"silly","message":"netPromise > npwd:fetchMessageGroups > RequestObj","module":"events","timestamp":"2026-09-10T07:34:34.934Z"}
{"level":"silly","message":{"data":null,"source":2},"module":"events","timestamp":"2026-09-10T07:34:34.934Z"}
{"level":"silly","message":"netPromise > npwd-contact-getAll > RequestObj","module":"events","timestamp":"2026-09-10T07:34:34.935Z"}
{"level":"silly","message":{"data":null,"source":2},"module":"events","timestamp":"2026-09-10T07:34:34.935Z"}
{"level":"info","message":"Executed query (\n        SELECT *\n        FROM npwd_twitter_profiles\n        WHERE identifier = ?\n        LIMIT 1\n\t\t [\"C46M9XF9\"]) in 7.0176ms'","module":"DBInterface","timestamp":"2026-09-10T07:34:34.939Z"}
{"level":"silly","message":"Response Promise Event npwd:getOrCreateTwitterProfile:96ae0b50-6f2b-43c4-81b3-0fa195657412 (7.8846ms), Data >>","module":"events","timestamp":"2026-09-10T07:34:34.940Z"}
{"level":"silly","message":{"data":{"avatar_url":"https://i.fivemanage.com/images/3ClWwmpwkFhL.png","createdAt":"2026-09-09T19:58:52.000Z","id":1,"identifier":"C46M9XF9","profile_name":"Aj_Fabela","updatedAt":"2026-09-09T19:58:52.000Z"},"status":"ok"},"module":"events","timestamp":"2026-09-10T07:34:34.940Z"}
{"level":"info","message":"Executed query (\n        SELECT *,\n               UNIX_TIMESTAMP(updatedAt) AS lastActive\n        FROM npwd_match_profiles\n        WHERE identifier = ?\n        LIMIT 1\n\t\t [\"C46M9XF9\"]) in 13.9687ms'","module":"DBInterface","timestamp":"2026-09-10T07:34:34.947Z"}
{"level":"silly","message":"Response Promise Event phone:getMyProfile:25502fca-c3df-4e86-8991-0a2e439225b6 (16.5196ms), Data >>","module":"events","timestamp":"2026-09-10T07:34:34.948Z"}
{"level":"info","message":"Executed query (SELECT npwd_messages_conversations.id,\n                          npwd_messages_conversations.conversation_list         as conversationList,\n                          npwd_messages_participants.unread_count               as unreadCount,\n                          npwd_messages_conversations.is_group_chat             as isGroupChat,\n                          npwd_messages_conversations.label,\n                          UNIX_TIMESTAMP(npwd_messages_conversations.updatedAt) as updatedAt,\n                          npwd_messages_participants.participant\n                   FROM npwd_messages_conversations\n                            INNER JOIN npwd_messages_participants\n                                       on npwd_messages_conversations.id = npwd_messages_participants.conversation_id\n                   WHERE npwd_messages_participants.participant = ? [\"8158341444\"]) in 15.5025ms'","module":"DBInterface","timestamp":"2026-09-10T07:34:34.950Z"}
{"level":"info","message":"Executed query (SELECT * FROM npwd_phone_contacts WHERE identifier = ? ORDER BY display ASC [\"C46M9XF9\"]) in 16.2714ms'","module":"DBInterface","timestamp":"2026-09-10T07:34:34.951Z"}
{"level":"silly","message":{"data":{"bio":"","createdAt":"2026-09-09T19:58:52.000Z","id":1,"identifier":"C46M9XF9","image":"https://upload.wikimedia.org/wikipedia/commons/a/ac/No_image_available.svg","job":"","lastActive":1788983932,"lastActiveFormatted":"Wed, 09 Sep 2026 19:58:52 GMT","location":"","name":"Aj Fabela","tagList":[],"tags":"","updatedAt":"2026-09-09T19:58:52.000Z","viewed":false,"voiceMessage":null},"status":"ok"},"module":"events","timestamp":"2026-09-10T07:34:34.949Z"}
{"level":"silly","message":"Response Promise Event npwd:fetchMessageGroups:5c320b3d-466c-4d20-a15d-0aea5dfa9505 (16.0163ms), Data >>","module":"events","timestamp":"2026-09-10T07:34:34.950Z"}
{"level":"silly","message":{"data":[],"status":"ok"},"module":"events","timestamp":"2026-09-10T07:34:34.950Z"}
{"level":"silly","message":"Response Promise Event npwd-contact-getAll:b03c0fa2-56fd-46ac-9c5e-4f147138ddbd (16.5545ms), Data >>","module":"events","timestamp":"2026-09-10T07:34:34.951Z"}
{"level":"silly","message":{"data":[],"status":"ok"},"module":"events","timestamp":"2026-09-10T07:34:34.951Z"}
{"level":"debug","message":"Marketplace service started","module":"marketplace","timestamp":"2026-09-10T07:59:36.068Z"}
{"level":"debug","message":"Call service started","module":"calls","timestamp":"2026-09-10T07:59:36.070Z"}
{"level":"debug","message":"Player Service started","module":"player","timestamp":"2026-09-10T07:59:36.070Z"}
{"level":"info","message":"Loading QBX bridge....","timestamp":"2026-09-10T07:59:36.070Z"}
{"level":"info","message":"QBX bridge initialized","timestamp":"2026-09-10T07:59:36.070Z"}
{"level":"debug","message":"Boot service started","module":"boot","timestamp":"2026-09-10T07:59:36.070Z"}
{"level":"debug","message":"Messages service started","module":"messages","timestamp":"2026-09-10T07:59:36.071Z"}
{"level":"debug","message":"Notes service started","module":"notes","timestamp":"2026-09-10T07:59:36.071Z"}
{"level":"debug","message":"Contacts service started","module":"contact","timestamp":"2026-09-10T07:59:36.071Z"}
{"level":"debug","message":"Photo service started","module":"photo","timestamp":"2026-09-10T07:59:36.077Z"}
{"level":"debug","message":"Twitter service started","module":"twitter","timestamp":"2026-09-10T07:59:36.077Z"}
{"level":"debug","message":"Match service started","module":"match","timestamp":"2026-09-10T07:59:36.077Z"}
{"level":"debug","message":"Beginning database schema validation","module":"boot","timestamp":"2026-09-10T07:59:39.216Z"}
{"level":"info","message":"Successfully started","timestamp":"2026-09-10T07:59:39.224Z"}
{"level":"info","message":"Executed query (SELECT COUNT(*) as count\n                       FROM information_schema.tables\n                       WHERE table_schema = ?\n                         AND table_name = ? [\"Qbox_A1B5B5\",\"players\"]) in 95.1855ms'","module":"DBInterface","timestamp":"2026-09-10T07:59:39.312Z"}
{"level":"info","message":"Executed query (SHOW COLUMNS IN players []) in 33.2164ms'","module":"DBInterface","timestamp":"2026-09-10T07:59:39.345Z"}
{"level":"debug","message":"Database schema successfully validated","module":"boot","timestamp":"2026-09-10T07:59:39.345Z"}
{"level":"info","message":"New NPWD Player added through event (1) (C46M9XF9)","module":"player","timestamp":"2026-09-10T08:07:07.060Z"}
{"level":"debug","message":{"_firstname":"Aj","_identifier":"C46M9XF9","_lastname":"Fabela","_phoneNumber":"8158341444","source":1,"username":"FieryFusionFX"},"module":"player","timestamp":"2026-09-10T08:07:07.060Z"}
{"level":"info","message":"New NPWD Player added through event (1) (C46M9XF9)","module":"player","timestamp":"2026-09-10T08:07:07.066Z"}
{"level":"debug","message":{"_firstname":"Aj","_identifier":"C46M9XF9","_lastname":"Fabela","_phoneNumber":"8158341444","source":1,"username":"FieryFusionFX"},"module":"player","timestamp":"2026-09-10T08:07:07.066Z"}
{"level":"silly","message":"netPromise > npwd:fetchTweets > RequestObj","module":"events","timestamp":"2026-09-10T08:07:07.159Z"}
{"level":"silly","message":{"data":{"pageId":0},"source":1},"module":"events","timestamp":"2026-09-10T08:07:07.159Z"}
{"level":"info","message":"Executed query (\n        SELECT *\n        FROM npwd_twitter_profiles\n        WHERE identifier = ?\n        LIMIT 1\n\t\t [\"C46M9XF9\"]) in 3.7101ms'","module":"DBInterface","timestamp":"2026-09-10T08:07:07.164Z"}
{"level":"info","message":"Executed query (\n        SELECT \n  npwd_twitter_tweets.id,\n  npwd_twitter_tweets.identifier,\n  npwd_twitter_profiles.id AS profile_id,\n  npwd_twitter_profiles.profile_name,\n  npwd_twitter_profiles.avatar_url,\n  npwd_twitter_tweets.likes,\n  npwd_twitter_tweets.visible,\n  IFNULL(COALESCE(retweets.message, npwd_twitter_tweets.message), '') AS message,\n  IFNULL(COALESCE(retweets.images, npwd_twitter_tweets.images), '') AS images,\n  npwd_twitter_tweets.retweet IS NOT NULL AS isRetweet,\n  retweets.id AS retweetId,\n  retweets_profiles.profile_name AS retweetProfileName,\n  retweets_profiles.avatar_url AS retweetAvatarUrl,\n  npwd_twitter_likes.id IS NOT NULL AS isLiked,\n  npwd_twitter_reports.id IS NOT NULL AS isReported,\n  npwd_twitter_tweets.createdAt,\n  npwd_twitter_tweets.updatedAt,\n  TIME_TO_SEC(TIMEDIFF( NOW(), npwd_twitter_tweets.createdAt)) AS seconds_since_tweet\n\n        FROM npwd_twitter_tweets\n                 LEFT OUTER JOIN npwd_twitter_profiles\n                                 ON npwd_twitter_tweets.identifier = npwd_twitter_profiles.identifier\n                 LEFT OUTER JOIN npwd_twitter_likes ON npwd_twitter_tweets.id = npwd_twitter_likes.tweet_id AND\n                                                       npwd_twitter_likes.profile_id = ?\n                 LEFT OUTER JOIN npwd_twitter_reports ON npwd_twitter_tweets.id = npwd_twitter_reports.tweet_id AND\n                                                         npwd_twitter_reports.profile_id = ?\n                 LEFT OUTER JOIN npwd_twitter_tweets AS retweets ON retweets.id = npwd_twitter_tweets.retweet\n                 LEFT OUTER JOIN npwd_twitter_profiles AS retweets_profiles\n                                 ON retweets.identifier = retweets_profiles.identifier\n        WHERE npwd_twitter_tweets.visible = 1\n        ORDER BY id DESC\n        LIMIT ? OFFSET ?\n\t\t [1,1,\"25\",\"0\"]) in 3.3351ms'","module":"DBInterface","timestamp":"2026-09-10T08:07:07.167Z"}
{"level":"silly","message":"Response Promise Event npwd:fetchTweets:e4dd5e40-1b49-41fb-8dae-991287284663 (8.4737ms), Data >>","module":"events","timestamp":"2026-09-10T08:07:07.167Z"}
{"level":"silly","message":{"data":[],"status":"ok"},"module":"events","timestamp":"2026-09-10T08:07:07.167Z"}
{"level":"silly","message":"netPromise > npwd:getOrCreateTwitterProfile > RequestObj","module":"events","timestamp":"2026-09-10T08:07:07.207Z"}
{"level":"silly","message":{"data":null,"source":1},"module":"events","timestamp":"2026-09-10T08:07:07.207Z"}
{"level":"silly","message":"netPromise > phone:getMyProfile > RequestObj","module":"events","timestamp":"2026-09-10T08:07:07.208Z"}
{"level":"silly","message":{"data":null,"source":1},"module":"events","timestamp":"2026-09-10T08:07:07.208Z"}
{"level":"silly","message":"netPromise > npwd:fetchMessageGroups > RequestObj","module":"events","timestamp":"2026-09-10T08:07:07.209Z"}
{"level":"silly","message":{"data":null,"source":1},"module":"events","timestamp":"2026-09-10T08:07:07.209Z"}
{"level":"silly","message":"netPromise > npwd-contact-getAll > RequestObj","module":"events","timestamp":"2026-09-10T08:07:07.209Z"}
{"level":"silly","message":{"data":null,"source":1},"module":"events","timestamp":"2026-09-10T08:07:07.209Z"}
{"level":"info","message":"Executed query (\n        SELECT *\n        FROM npwd_twitter_profiles\n        WHERE identifier = ?\n        LIMIT 1\n\t\t [\"C46M9XF9\"]) in 5.2678ms'","module":"DBInterface","timestamp":"2026-09-10T08:07:07.213Z"}
{"level":"silly","message":"Response Promise Event npwd:getOrCreateTwitterProfile:3de9e0ea-58be-4390-bef2-aea602296f53 (6.3509ms), Data >>","module":"events","timestamp":"2026-09-10T08:07:07.213Z"}
{"level":"silly","message":{"data":{"avatar_url":"https://i.fivemanage.com/images/3ClWwmpwkFhL.png","createdAt":"2026-09-09T19:58:52.000Z","id":1,"identifier":"C46M9XF9","profile_name":"Aj_Fabela","updatedAt":"2026-09-09T19:58:52.000Z"},"status":"ok"},"module":"events","timestamp":"2026-09-10T08:07:07.214Z"}
{"level":"info","message":"Executed query (SELECT npwd_messages_conversations.id,\n                          npwd_messages_conversations.conversation_list         as conversationList,\n                          npwd_messages_participants.unread_count               as unreadCount,\n                          npwd_messages_conversations.is_group_chat             as isGroupChat,\n                          npwd_messages_conversations.label,\n                          UNIX_TIMESTAMP(npwd_messages_conversations.updatedAt) as updatedAt,\n                          npwd_messages_participants.participant\n                   FROM npwd_messages_conversations\n                            INNER JOIN npwd_messages_participants\n                                       on npwd_messages_conversations.id = npwd_messages_participants.conversation_id\n                   WHERE npwd_messages_participants.participant = ? [\"8158341444\"]) in 10.1666ms'","module":"DBInterface","timestamp":"2026-09-10T08:07:07.219Z"}
{"level":"silly","message":"Response Promise Event npwd:fetchMessageGroups:1b8f512a-5bcd-434d-ad5a-b5b613f8a2f1 (10.4823ms), Data >>","module":"events","timestamp":"2026-09-10T08:07:07.219Z"}
{"level":"info","message":"Executed query (\n        SELECT *,\n               UNIX_TIMESTAMP(updatedAt) AS lastActive\n        FROM npwd_match_profiles\n        WHERE identifier = ?\n        LIMIT 1\n\t\t [\"C46M9XF9\"]) in 12.0392ms'","module":"DBInterface","timestamp":"2026-09-10T08:07:07.220Z"}
{"level":"info","message":"Executed query (SELECT * FROM npwd_phone_contacts WHERE identifier = ? ORDER BY display ASC [\"C46M9XF9\"]) in 13.3497ms'","module":"DBInterface","timestamp":"2026-09-10T08:07:07.223Z"}
{"level":"silly","message":{"data":[],"status":"ok"},"module":"events","timestamp":"2026-09-10T08:07:07.219Z"}
{"level":"silly","message":"Response Promise Event phone:getMyProfile:267d9c63-10f8-43a5-a1c7-874ce3722ea9 (13.4251ms), Data >>","module":"events","timestamp":"2026-09-10T08:07:07.221Z"}
{"level":"silly","message":{"data":{"bio":"","createdAt":"2026-09-09T19:58:52.000Z","id":1,"identifier":"C46M9XF9","image":"https://upload.wikimedia.org/wikipedia/commons/a/ac/No_image_available.svg","job":"","lastActive":1788983932,"lastActiveFormatted":"Wed, 09 Sep 2026 19:58:52 GMT","location":"","name":"Aj Fabela","tagList":[],"tags":"","updatedAt":"2026-09-09T19:58:52.000Z","viewed":false,"voiceMessage":null},"status":"ok"},"module":"events","timestamp":"2026-09-10T08:07:07.221Z"}
{"level":"silly","message":"Response Promise Event npwd-contact-getAll:e07c959b-0750-473c-88ee-55f2011e7c97 (13.5817ms), Data >>","module":"events","timestamp":"2026-09-10T08:07:07.223Z"}
{"level":"silly","message":{"data":[],"status":"ok"},"module":"events","timestamp":"2026-09-10T08:07:07.223Z"}
{"level":"debug","message":"Marketplace service started","module":"marketplace","timestamp":"2026-09-10T08:37:55.292Z"}
{"level":"debug","message":"Call service started","module":"calls","timestamp":"2026-09-10T08:37:55.298Z"}
{"level":"debug","message":"Player Service started","module":"player","timestamp":"2026-09-10T08:37:55.300Z"}
{"level":"info","message":"Loading QBX bridge....","timestamp":"2026-09-10T08:37:55.300Z"}
{"level":"info","message":"QBX bridge initialized","timestamp":"2026-09-10T08:37:55.300Z"}
{"level":"debug","message":"Boot service started","module":"boot","timestamp":"2026-09-10T08:37:55.301Z"}
{"level":"debug","message":"Messages service started","module":"messages","timestamp":"2026-09-10T08:37:55.301Z"}
{"level":"debug","message":"Notes service started","module":"notes","timestamp":"2026-09-10T08:37:55.302Z"}
{"level":"debug","message":"Contacts service started","module":"contact","timestamp":"2026-09-10T08:37:55.302Z"}
{"level":"debug","message":"Photo service started","module":"photo","timestamp":"2026-09-10T08:37:55.315Z"}
{"level":"debug","message":"Twitter service started","module":"twitter","timestamp":"2026-09-10T08:37:55.315Z"}
{"level":"debug","message":"Match service started","module":"match","timestamp":"2026-09-10T08:37:55.316Z"}
{"level":"debug","message":"Beginning database schema validation","module":"boot","timestamp":"2026-09-10T08:37:58.662Z"}
{"level":"info","message":"Successfully started","timestamp":"2026-09-10T08:37:58.672Z"}
{"level":"info","message":"Executed query (SELECT COUNT(*) as count\n                       FROM information_schema.tables\n                       WHERE table_schema = ?\n                         AND table_name = ? [\"Qbox_A1B5B5\",\"players\"]) in 203.7786ms'","module":"DBInterface","timestamp":"2026-09-10T08:37:58.867Z"}
{"level":"info","message":"Executed query (SHOW COLUMNS IN players []) in 29.9511ms'","module":"DBInterface","timestamp":"2026-09-10T08:37:58.897Z"}
{"level":"debug","message":"Database schema successfully validated","module":"boot","timestamp":"2026-09-10T08:37:58.898Z"}
{"level":"info","message":"New NPWD Player added through event (1) (C46M9XF9)","module":"player","timestamp":"2026-09-10T08:39:39.512Z"}
{"level":"debug","message":{"_firstname":"Aj","_identifier":"C46M9XF9","_lastname":"Fabela","_phoneNumber":"8158341444","source":1,"username":"FieryFusionFX"},"module":"player","timestamp":"2026-09-10T08:39:39.512Z"}
{"level":"info","message":"New NPWD Player added through event (1) (C46M9XF9)","module":"player","timestamp":"2026-09-10T08:39:39.516Z"}
{"level":"debug","message":{"_firstname":"Aj","_identifier":"C46M9XF9","_lastname":"Fabela","_phoneNumber":"8158341444","source":1,"username":"FieryFusionFX"},"module":"player","timestamp":"2026-09-10T08:39:39.516Z"}
{"level":"silly","message":"netPromise > npwd:fetchTweets > RequestObj","module":"events","timestamp":"2026-09-10T08:39:39.608Z"}
{"level":"silly","message":{"data":{"pageId":0},"source":1},"module":"events","timestamp":"2026-09-10T08:39:39.608Z"}
{"level":"info","message":"Executed query (\n        SELECT *\n        FROM npwd_twitter_profiles\n        WHERE identifier = ?\n        LIMIT 1\n\t\t [\"C46M9XF9\"]) in 3.9266ms'","module":"DBInterface","timestamp":"2026-09-10T08:39:39.612Z"}
{"level":"info","message":"Executed query (\n        SELECT \n  npwd_twitter_tweets.id,\n  npwd_twitter_tweets.identifier,\n  npwd_twitter_profiles.id AS profile_id,\n  npwd_twitter_profiles.profile_name,\n  npwd_twitter_profiles.avatar_url,\n  npwd_twitter_tweets.likes,\n  npwd_twitter_tweets.visible,\n  IFNULL(COALESCE(retweets.message, npwd_twitter_tweets.message), '') AS message,\n  IFNULL(COALESCE(retweets.images, npwd_twitter_tweets.images), '') AS images,\n  npwd_twitter_tweets.retweet IS NOT NULL AS isRetweet,\n  retweets.id AS retweetId,\n  retweets_profiles.profile_name AS retweetProfileName,\n  retweets_profiles.avatar_url AS retweetAvatarUrl,\n  npwd_twitter_likes.id IS NOT NULL AS isLiked,\n  npwd_twitter_reports.id IS NOT NULL AS isReported,\n  npwd_twitter_tweets.createdAt,\n  npwd_twitter_tweets.updatedAt,\n  TIME_TO_SEC(TIMEDIFF( NOW(), npwd_twitter_tweets.createdAt)) AS seconds_since_tweet\n\n        FROM npwd_twitter_tweets\n                 LEFT OUTER JOIN npwd_twitter_profiles\n                                 ON npwd_twitter_tweets.identifier = npwd_twitter_profiles.identifier\n                 LEFT OUTER JOIN npwd_twitter_likes ON npwd_twitter_tweets.id = npwd_twitter_likes.tweet_id AND\n                                                       npwd_twitter_likes.profile_id = ?\n                 LEFT OUTER JOIN npwd_twitter_reports ON npwd_twitter_tweets.id = npwd_twitter_reports.tweet_id AND\n                                                         npwd_twitter_reports.profile_id = ?\n                 LEFT OUTER JOIN npwd_twitter_tweets AS retweets ON retweets.id = npwd_twitter_tweets.retweet\n                 LEFT OUTER JOIN npwd_twitter_profiles AS retweets_profiles\n                                 ON retweets.identifier = retweets_profiles.identifier\n        WHERE npwd_twitter_tweets.visible = 1\n        ORDER BY id DESC\n        LIMIT ? OFFSET ?\n\t\t [1,1,\"25\",\"0\"]) in 3.4564ms'","module":"DBInterface","timestamp":"2026-09-10T08:39:39.616Z"}
{"level":"silly","message":"Response Promise Event npwd:fetchTweets:e7d666d7-770f-4b8b-9a7b-56a8c1cdbc95 (8.4633ms), Data >>","module":"events","timestamp":"2026-09-10T08:39:39.616Z"}
{"level":"silly","message":{"data":[],"status":"ok"},"module":"events","timestamp":"2026-09-10T08:39:39.616Z"}
{"level":"silly","message":"netPromise > npwd:getOrCreateTwitterProfile > RequestObj","module":"events","timestamp":"2026-09-10T08:39:39.658Z"}
{"level":"silly","message":{"data":null,"source":1},"module":"events","timestamp":"2026-09-10T08:39:39.658Z"}
{"level":"silly","message":"netPromise > phone:getMyProfile > RequestObj","module":"events","timestamp":"2026-09-10T08:39:39.658Z"}
{"level":"silly","message":{"data":null,"source":1},"module":"events","timestamp":"2026-09-10T08:39:39.658Z"}
{"level":"silly","message":"netPromise > npwd:fetchMessageGroups > RequestObj","module":"events","timestamp":"2026-09-10T08:39:39.659Z"}
{"level":"silly","message":{"data":null,"source":1},"module":"events","timestamp":"2026-09-10T08:39:39.659Z"}
{"level":"info","message":"Executed query (\n        SELECT *\n        FROM npwd_twitter_profiles\n        WHERE identifier = ?\n        LIMIT 1\n\t\t [\"C46M9XF9\"]) in 6.4027ms'","module":"DBInterface","timestamp":"2026-09-10T08:39:39.664Z"}
{"level":"silly","message":"Response Promise Event npwd:getOrCreateTwitterProfile:7d7914db-e3e7-47fa-b770-2066976614a2 (7.0362ms), Data >>","module":"events","timestamp":"2026-09-10T08:39:39.665Z"}
{"level":"silly","message":{"data":{"avatar_url":"https://i.fivemanage.com/images/3ClWwmpwkFhL.png","createdAt":"2026-09-09T19:58:52.000Z","id":1,"identifier":"C46M9XF9","profile_name":"Aj_Fabela","updatedAt":"2026-09-09T19:58:52.000Z"},"status":"ok"},"module":"events","timestamp":"2026-09-10T08:39:39.665Z"}
{"level":"info","message":"Executed query (SELECT npwd_messages_conversations.id,\n                          npwd_messages_conversations.conversation_list         as conversationList,\n                          npwd_messages_participants.unread_count               as unreadCount,\n                          npwd_messages_conversations.is_group_chat             as isGroupChat,\n                          npwd_messages_conversations.label,\n                          UNIX_TIMESTAMP(npwd_messages_conversations.updatedAt) as updatedAt,\n                          npwd_messages_participants.participant\n                   FROM npwd_messages_conversations\n                            INNER JOIN npwd_messages_participants\n                                       on npwd_messages_conversations.id = npwd_messages_participants.conversation_id\n                   WHERE npwd_messages_participants.participant = ? [\"8158341444\"]) in 9.2024ms'","module":"DBInterface","timestamp":"2026-09-10T08:39:39.669Z"}
{"level":"silly","message":"Response Promise Event npwd:fetchMessageGroups:8d33138c-9abb-41a7-af68-e1ecccf5ab6e (9.5598ms), Data >>","module":"events","timestamp":"2026-09-10T08:39:39.669Z"}
{"level":"info","message":"Executed query (\n        SELECT *,\n               UNIX_TIMESTAMP(updatedAt) AS lastActive\n        FROM npwd_match_profiles\n        WHERE identifier = ?\n        LIMIT 1\n\t\t [\"C46M9XF9\"]) in 11.0446ms'","module":"DBInterface","timestamp":"2026-09-10T08:39:39.670Z"}
{"level":"silly","message":{"data":[],"status":"ok"},"module":"events","timestamp":"2026-09-10T08:39:39.669Z"}
{"level":"silly","message":"Response Promise Event phone:getMyProfile:218e5ee3-9ad8-4f9a-ba77-a4759938ab34 (11.8291ms), Data >>","module":"events","timestamp":"2026-09-10T08:39:39.670Z"}
{"level":"silly","message":{"data":{"bio":"","createdAt":"2026-09-09T19:58:52.000Z","id":1,"identifier":"C46M9XF9","image":"https://upload.wikimedia.org/wikipedia/commons/a/ac/No_image_available.svg","job":"","lastActive":1788983932,"lastActiveFormatted":"Wed, 09 Sep 2026 19:58:52 GMT","location":"","name":"Aj Fabela","tagList":[],"tags":"","updatedAt":"2026-09-09T19:58:52.000Z","viewed":false,"voiceMessage":null},"status":"ok"},"module":"events","timestamp":"2026-09-10T08:39:39.670Z"}
{"level":"silly","message":"netPromise > npwd-contact-getAll > RequestObj","module":"events","timestamp":"2026-09-10T08:39:39.707Z"}
{"level":"silly","message":{"data":null,"source":1},"module":"events","timestamp":"2026-09-10T08:39:39.707Z"}
{"level":"info","message":"Executed query (SELECT * FROM npwd_phone_contacts WHERE identifier = ? ORDER BY display ASC [\"C46M9XF9\"]) in 2.2758ms'","module":"DBInterface","timestamp":"2026-09-10T08:39:39.710Z"}
{"level":"silly","message":"Response Promise Event npwd-contact-getAll:15c25c2b-250a-481a-808c-1bb98f3ec3d2 (2.9826ms), Data >>","module":"events","timestamp":"2026-09-10T08:39:39.710Z"}
{"level":"silly","message":{"data":[],"status":"ok"},"module":"events","timestamp":"2026-09-10T08:39:39.710Z"}
{"level":"debug","message":"Marketplace service started","module":"marketplace","timestamp":"2026-09-10T08:48:08.415Z"}
{"level":"debug","message":"Call service started","module":"calls","timestamp":"2026-09-10T08:48:08.417Z"}
{"level":"debug","message":"Player Service started","module":"player","timestamp":"2026-09-10T08:48:08.417Z"}
{"level":"info","message":"Loading QBX bridge....","timestamp":"2026-09-10T08:48:08.417Z"}
{"level":"info","message":"QBX bridge initialized","timestamp":"2026-09-10T08:48:08.418Z"}
{"level":"debug","message":"Boot service started","module":"boot","timestamp":"2026-09-10T08:48:08.418Z"}
{"level":"debug","message":"Messages service started","module":"messages","timestamp":"2026-09-10T08:48:08.419Z"}
{"level":"debug","message":"Notes service started","module":"notes","timestamp":"2026-09-10T08:48:08.419Z"}
{"level":"debug","message":"Contacts service started","module":"contact","timestamp":"2026-09-10T08:48:08.419Z"}
{"level":"debug","message":"Photo service started","module":"photo","timestamp":"2026-09-10T08:48:08.428Z"}
{"level":"debug","message":"Twitter service started","module":"twitter","timestamp":"2026-09-10T08:48:08.428Z"}
{"level":"debug","message":"Match service started","module":"match","timestamp":"2026-09-10T08:48:08.429Z"}
{"level":"debug","message":"Beginning database schema validation","module":"boot","timestamp":"2026-09-10T08:48:11.258Z"}
{"level":"info","message":"Successfully started","timestamp":"2026-09-10T08:48:11.270Z"}
{"level":"info","message":"Executed query (SELECT COUNT(*) as count\n                       FROM information_schema.tables\n                       WHERE table_schema = ?\n                         AND table_name = ? [\"Qbox_A1B5B5\",\"players\"]) in 181.5182ms'","module":"DBInterface","timestamp":"2026-09-10T08:48:11.440Z"}
{"level":"info","message":"Executed query (SHOW COLUMNS IN players []) in 39.4462ms'","module":"DBInterface","timestamp":"2026-09-10T08:48:11.480Z"}
{"level":"debug","message":"Database schema successfully validated","module":"boot","timestamp":"2026-09-10T08:48:11.481Z"}
{"level":"info","message":"New NPWD Player added through event (1) (C46M9XF9)","module":"player","timestamp":"2026-09-10T08:57:16.503Z"}
{"level":"debug","message":{"_firstname":"Aj","_identifier":"C46M9XF9","_lastname":"Fabela","_phoneNumber":"8158341444","source":1,"username":"FieryFusionFX"},"module":"player","timestamp":"2026-09-10T08:57:16.504Z"}
{"level":"info","message":"New NPWD Player added through event (1) (C46M9XF9)","module":"player","timestamp":"2026-09-10T08:57:16.507Z"}
{"level":"debug","message":{"_firstname":"Aj","_identifier":"C46M9XF9","_lastname":"Fabela","_phoneNumber":"8158341444","source":1,"username":"FieryFusionFX"},"module":"player","timestamp":"2026-09-10T08:57:16.507Z"}
{"level":"silly","message":"netPromise > npwd:fetchTweets > RequestObj","module":"events","timestamp":"2026-09-10T08:57:16.599Z"}
{"level":"silly","message":{"data":{"pageId":0},"source":1},"module":"events","timestamp":"2026-09-10T08:57:16.599Z"}
{"level":"info","message":"Executed query (\n        SELECT *\n        FROM npwd_twitter_profiles\n        WHERE identifier = ?\n        LIMIT 1\n\t\t [\"C46M9XF9\"]) in 7.6867ms'","module":"DBInterface","timestamp":"2026-09-10T08:57:16.607Z"}
{"level":"info","message":"Executed query (\n        SELECT \n  npwd_twitter_tweets.id,\n  npwd_twitter_tweets.identifier,\n  npwd_twitter_profiles.id AS profile_id,\n  npwd_twitter_profiles.profile_name,\n  npwd_twitter_profiles.avatar_url,\n  npwd_twitter_tweets.likes,\n  npwd_twitter_tweets.visible,\n  IFNULL(COALESCE(retweets.message, npwd_twitter_tweets.message), '') AS message,\n  IFNULL(COALESCE(retweets.images, npwd_twitter_tweets.images), '') AS images,\n  npwd_twitter_tweets.retweet IS NOT NULL AS isRetweet,\n  retweets.id AS retweetId,\n  retweets_profiles.profile_name AS retweetProfileName,\n  retweets_profiles.avatar_url AS retweetAvatarUrl,\n  npwd_twitter_likes.id IS NOT NULL AS isLiked,\n  npwd_twitter_reports.id IS NOT NULL AS isReported,\n  npwd_twitter_tweets.createdAt,\n  npwd_twitter_tweets.updatedAt,\n  TIME_TO_SEC(TIMEDIFF( NOW(), npwd_twitter_tweets.createdAt)) AS seconds_since_tweet\n\n        FROM npwd_twitter_tweets\n                 LEFT OUTER JOIN npwd_twitter_profiles\n                                 ON npwd_twitter_tweets.identifier = npwd_twitter_profiles.identifier\n                 LEFT OUTER JOIN npwd_twitter_likes ON npwd_twitter_tweets.id = npwd_twitter_likes.tweet_id AND\n                                                       npwd_twitter_likes.profile_id = ?\n                 LEFT OUTER JOIN npwd_twitter_reports ON npwd_twitter_tweets.id = npwd_twitter_reports.tweet_id AND\n                                                         npwd_twitter_reports.profile_id = ?\n                 LEFT OUTER JOIN npwd_twitter_tweets AS retweets ON retweets.id = npwd_twitter_tweets.retweet\n                 LEFT OUTER JOIN npwd_twitter_profiles AS retweets_profiles\n                                 ON retweets.identifier = retweets_profiles.identifier\n        WHERE npwd_twitter_tweets.visible = 1\n        ORDER BY id DESC\n        LIMIT ? OFFSET ?\n\t\t [1,1,\"25\",\"0\"]) in 5.6871ms'","module":"DBInterface","timestamp":"2026-09-10T08:57:16.614Z"}
{"level":"silly","message":"Response Promise Event npwd:fetchTweets:ae29f4d8-e27c-4a21-9957-867b30bfd92e (15.347ms), Data >>","module":"events","timestamp":"2026-09-10T08:57:16.614Z"}
{"level":"silly","message":{"data":[],"status":"ok"},"module":"events","timestamp":"2026-09-10T08:57:16.614Z"}
{"level":"silly","message":"netPromise > npwd:getOrCreateTwitterProfile > RequestObj","module":"events","timestamp":"2026-09-10T08:57:16.699Z"}
{"level":"silly","message":{"data":null,"source":1},"module":"events","timestamp":"2026-09-10T08:57:16.699Z"}
{"level":"silly","message":"netPromise > phone:getMyProfile > RequestObj","module":"events","timestamp":"2026-09-10T08:57:16.699Z"}
{"level":"silly","message":{"data":null,"source":1},"module":"events","timestamp":"2026-09-10T08:57:16.701Z"}
{"level":"silly","message":"netPromise > npwd:fetchMessageGroups > RequestObj","module":"events","timestamp":"2026-09-10T08:57:16.703Z"}
{"level":"silly","message":{"data":null,"source":1},"module":"events","timestamp":"2026-09-10T08:57:16.703Z"}
{"level":"silly","message":"netPromise > npwd-contact-getAll > RequestObj","module":"events","timestamp":"2026-09-10T08:57:16.704Z"}
{"level":"silly","message":{"data":null,"source":1},"module":"events","timestamp":"2026-09-10T08:57:16.704Z"}
{"level":"info","message":"Executed query (\n        SELECT *\n        FROM npwd_twitter_profiles\n        WHERE identifier = ?\n        LIMIT 1\n\t\t [\"C46M9XF9\"]) in 10.7229ms'","module":"DBInterface","timestamp":"2026-09-10T08:57:16.710Z"}
{"level":"silly","message":"Response Promise Event npwd:getOrCreateTwitterProfile:9ac70ff5-c735-4475-9913-af4726afdb49 (11.683ms), Data >>","module":"events","timestamp":"2026-09-10T08:57:16.710Z"}
{"level":"silly","message":{"data":{"avatar_url":"https://i.fivemanage.com/images/3ClWwmpwkFhL.png","createdAt":"2026-09-09T19:58:52.000Z","id":1,"identifier":"C46M9XF9","profile_name":"Aj_Fabela","updatedAt":"2026-09-09T19:58:52.000Z"},"status":"ok"},"module":"events","timestamp":"2026-09-10T08:57:16.710Z"}
{"level":"info","message":"Executed query (\n        SELECT *,\n               UNIX_TIMESTAMP(updatedAt) AS lastActive\n        FROM npwd_match_profiles\n        WHERE identifier = ?\n        LIMIT 1\n\t\t [\"C46M9XF9\"]) in 14.8883ms'","module":"DBInterface","timestamp":"2026-09-10T08:57:16.717Z"}
{"level":"silly","message":"Response Promise Event phone:getMyProfile:c837c5d3-4641-4e1a-8339-546bfd9892d2 (19.2763ms), Data >>","module":"events","timestamp":"2026-09-10T08:57:16.719Z"}
{"level":"info","message":"Executed query (SELECT npwd_messages_conversations.id,\n                          npwd_messages_conversations.conversation_list         as conversationList,\n                          npwd_messages_participants.unread_count               as unreadCount,\n                          npwd_messages_conversations.is_group_chat             as isGroupChat,\n                          npwd_messages_conversations.label,\n                          UNIX_TIMESTAMP(npwd_messages_conversations.updatedAt) as updatedAt,\n                          npwd_messages_participants.participant\n                   FROM npwd_messages_conversations\n                            INNER JOIN npwd_messages_participants\n                                       on npwd_messages_conversations.id = npwd_messages_participants.conversation_id\n                   WHERE npwd_messages_participants.participant = ? [\"8158341444\"]) in 16.2157ms'","module":"DBInterface","timestamp":"2026-09-10T08:57:16.719Z"}
{"level":"info","message":"Executed query (SELECT * FROM npwd_phone_contacts WHERE identifier = ? ORDER BY display ASC [\"C46M9XF9\"]) in 15.9731ms'","module":"DBInterface","timestamp":"2026-09-10T08:57:16.720Z"}
{"level":"silly","message":{"data":{"bio":"","createdAt":"2026-09-09T19:58:52.000Z","id":1,"identifier":"C46M9XF9","image":"https://upload.wikimedia.org/wikipedia/commons/a/ac/No_image_available.svg","job":"","lastActive":1788983932,"lastActiveFormatted":"Wed, 09 Sep 2026 19:58:52 GMT","location":"","name":"Aj Fabela","tagList":[],"tags":"","updatedAt":"2026-09-09T19:58:52.000Z","viewed":false,"voiceMessage":null},"status":"ok"},"module":"events","timestamp":"2026-09-10T08:57:16.719Z"}
{"level":"silly","message":"Response Promise Event npwd:fetchMessageGroups:5c1c1b48-2a3d-4acf-8493-0a2e5c494cc6 (16.652ms), Data >>","module":"events","timestamp":"2026-09-10T08:57:16.720Z"}
{"level":"silly","message":{"data":[],"status":"ok"},"module":"events","timestamp":"2026-09-10T08:57:16.720Z"}
{"level":"silly","message":"Response Promise Event npwd-contact-getAll:9a1b742e-9628-4f3e-aed7-46e21df57930 (16.3967ms), Data >>","module":"events","timestamp":"2026-09-10T08:57:16.720Z"}
{"level":"silly","message":{"data":[],"status":"ok"},"module":"events","timestamp":"2026-09-10T08:57:16.720Z"}
{"level":"debug","message":"Marketplace service started","module":"marketplace","timestamp":"2026-09-10T09:03:04.182Z"}
{"level":"debug","message":"Call service started","module":"calls","timestamp":"2026-09-10T09:03:04.184Z"}
{"level":"debug","message":"Player Service started","module":"player","timestamp":"2026-09-10T09:03:04.184Z"}
{"level":"info","message":"Loading QBX bridge....","timestamp":"2026-09-10T09:03:04.184Z"}
{"level":"info","message":"QBX bridge initialized","timestamp":"2026-09-10T09:03:04.184Z"}
{"level":"debug","message":"Boot service started","module":"boot","timestamp":"2026-09-10T09:03:04.185Z"}
{"level":"debug","message":"Messages service started","module":"messages","timestamp":"2026-09-10T09:03:04.185Z"}
{"level":"debug","message":"Notes service started","module":"notes","timestamp":"2026-09-10T09:03:04.185Z"}
{"level":"debug","message":"Contacts service started","module":"contact","timestamp":"2026-09-10T09:03:04.185Z"}
{"level":"debug","message":"Photo service started","module":"photo","timestamp":"2026-09-10T09:03:04.195Z"}
{"level":"debug","message":"Twitter service started","module":"twitter","timestamp":"2026-09-10T09:03:04.196Z"}
{"level":"debug","message":"Match service started","module":"match","timestamp":"2026-09-10T09:03:04.196Z"}
{"level":"debug","message":"Beginning database schema validation","module":"boot","timestamp":"2026-09-10T09:03:07.485Z"}
{"level":"info","message":"Successfully started","timestamp":"2026-09-10T09:03:07.496Z"}
{"level":"info","message":"Executed query (SELECT COUNT(*) as count\n                       FROM information_schema.tables\n                       WHERE table_schema = ?\n                         AND table_name = ? [\"Qbox_A1B5B5\",\"players\"]) in 136.1954ms'","module":"DBInterface","timestamp":"2026-09-10T09:03:07.622Z"}
{"level":"info","message":"Executed query (SHOW COLUMNS IN players []) in 40.2372ms'","module":"DBInterface","timestamp":"2026-09-10T09:03:07.662Z"}
{"level":"debug","message":"Database schema successfully validated","module":"boot","timestamp":"2026-09-10T09:03:07.662Z"}
{"level":"info","message":"New NPWD Player added through event (1) (C46M9XF9)","module":"player","timestamp":"2026-09-10T09:04:26.059Z"}
{"level":"debug","message":{"_firstname":"Aj","_identifier":"C46M9XF9","_lastname":"Fabela","_phoneNumber":"8158341444","source":1,"username":"FieryFusionFX"},"module":"player","timestamp":"2026-09-10T09:04:26.060Z"}
{"level":"info","message":"New NPWD Player added through event (1) (C46M9XF9)","module":"player","timestamp":"2026-09-10T09:04:26.063Z"}
{"level":"debug","message":{"_firstname":"Aj","_identifier":"C46M9XF9","_lastname":"Fabela","_phoneNumber":"8158341444","source":1,"username":"FieryFusionFX"},"module":"player","timestamp":"2026-09-10T09:04:26.063Z"}
{"level":"silly","message":"netPromise > npwd:fetchTweets > RequestObj","module":"events","timestamp":"2026-09-10T09:04:26.156Z"}
{"level":"silly","message":{"data":{"pageId":0},"source":1},"module":"events","timestamp":"2026-09-10T09:04:26.156Z"}
{"level":"info","message":"Executed query (\n        SELECT *\n        FROM npwd_twitter_profiles\n        WHERE identifier = ?\n        LIMIT 1\n\t\t [\"C46M9XF9\"]) in 4.76ms'","module":"DBInterface","timestamp":"2026-09-10T09:04:26.162Z"}
{"level":"info","message":"Executed query (\n        SELECT \n  npwd_twitter_tweets.id,\n  npwd_twitter_tweets.identifier,\n  npwd_twitter_profiles.id AS profile_id,\n  npwd_twitter_profiles.profile_name,\n  npwd_twitter_profiles.avatar_url,\n  npwd_twitter_tweets.likes,\n  npwd_twitter_tweets.visible,\n  IFNULL(COALESCE(retweets.message, npwd_twitter_tweets.message), '') AS message,\n  IFNULL(COALESCE(retweets.images, npwd_twitter_tweets.images), '') AS images,\n  npwd_twitter_tweets.retweet IS NOT NULL AS isRetweet,\n  retweets.id AS retweetId,\n  retweets_profiles.profile_name AS retweetProfileName,\n  retweets_profiles.avatar_url AS retweetAvatarUrl,\n  npwd_twitter_likes.id IS NOT NULL AS isLiked,\n  npwd_twitter_reports.id IS NOT NULL AS isReported,\n  npwd_twitter_tweets.createdAt,\n  npwd_twitter_tweets.updatedAt,\n  TIME_TO_SEC(TIMEDIFF( NOW(), npwd_twitter_tweets.createdAt)) AS seconds_since_tweet\n\n        FROM npwd_twitter_tweets\n                 LEFT OUTER JOIN npwd_twitter_profiles\n                                 ON npwd_twitter_tweets.identifier = npwd_twitter_profiles.identifier\n                 LEFT OUTER JOIN npwd_twitter_likes ON npwd_twitter_tweets.id = npwd_twitter_likes.tweet_id AND\n                                                       npwd_twitter_likes.profile_id = ?\n                 LEFT OUTER JOIN npwd_twitter_reports ON npwd_twitter_tweets.id = npwd_twitter_reports.tweet_id AND\n                                                         npwd_twitter_reports.profile_id = ?\n                 LEFT OUTER JOIN npwd_twitter_tweets AS retweets ON retweets.id = npwd_twitter_tweets.retweet\n                 LEFT OUTER JOIN npwd_twitter_profiles AS retweets_profiles\n                                 ON retweets.identifier = retweets_profiles.identifier\n        WHERE npwd_twitter_tweets.visible = 1\n        ORDER BY id DESC\n        LIMIT ? OFFSET ?\n\t\t [1,1,\"25\",\"0\"]) in 3.6592ms'","module":"DBInterface","timestamp":"2026-09-10T09:04:26.166Z"}
{"level":"silly","message":"Response Promise Event npwd:fetchTweets:3b60f3e8-d53c-4219-8f27-a93b61f92ac0 (10.322ms), Data >>","module":"events","timestamp":"2026-09-10T09:04:26.166Z"}
{"level":"silly","message":{"data":[],"status":"ok"},"module":"events","timestamp":"2026-09-10T09:04:26.166Z"}
{"level":"silly","message":"netPromise > npwd:getOrCreateTwitterProfile > RequestObj","module":"events","timestamp":"2026-09-10T09:04:26.255Z"}
{"level":"silly","message":{"data":null,"source":1},"module":"events","timestamp":"2026-09-10T09:04:26.255Z"}
{"level":"silly","message":"netPromise > phone:getMyProfile > RequestObj","module":"events","timestamp":"2026-09-10T09:04:26.255Z"}
{"level":"silly","message":{"data":null,"source":1},"module":"events","timestamp":"2026-09-10T09:04:26.255Z"}
{"level":"silly","message":"netPromise > npwd:fetchMessageGroups > RequestObj","module":"events","timestamp":"2026-09-10T09:04:26.257Z"}
{"level":"silly","message":{"data":null,"source":1},"module":"events","timestamp":"2026-09-10T09:04:26.257Z"}
{"level":"silly","message":"netPromise > npwd-contact-getAll > RequestObj","module":"events","timestamp":"2026-09-10T09:04:26.258Z"}
{"level":"silly","message":{"data":null,"source":1},"module":"events","timestamp":"2026-09-10T09:04:26.258Z"}
{"level":"info","message":"Executed query (\n        SELECT *\n        FROM npwd_twitter_profiles\n        WHERE identifier = ?\n        LIMIT 1\n\t\t [\"C46M9XF9\"]) in 6.9946ms'","module":"DBInterface","timestamp":"2026-09-10T09:04:26.262Z"}
{"level":"silly","message":"Response Promise Event npwd:getOrCreateTwitterProfile:a18a95e1-6d18-461e-80b7-946a61185cf9 (7.8234ms), Data >>","module":"events","timestamp":"2026-09-10T09:04:26.263Z"}
{"level":"silly","message":{"data":{"avatar_url":"https://i.fivemanage.com/images/3ClWwmpwkFhL.png","createdAt":"2026-09-09T19:58:52.000Z","id":1,"identifier":"C46M9XF9","profile_name":"Aj_Fabela","updatedAt":"2026-09-09T19:58:52.000Z"},"status":"ok"},"module":"events","timestamp":"2026-09-10T09:04:26.263Z"}
{"level":"info","message":"Executed query (SELECT npwd_messages_conversations.id,\n                          npwd_messages_conversations.conversation_list         as conversationList,\n                          npwd_messages_participants.unread_count               as unreadCount,\n                          npwd_messages_conversations.is_group_chat             as isGroupChat,\n                          npwd_messages_conversations.label,\n                          UNIX_TIMESTAMP(npwd_messages_conversations.updatedAt) as updatedAt,\n                          npwd_messages_participants.participant\n                   FROM npwd_messages_conversations\n                            INNER JOIN npwd_messages_participants\n                                       on npwd_messages_conversations.id = npwd_messages_participants.conversation_id\n                   WHERE npwd_messages_participants.participant = ? [\"8158341444\"]) in 11.1091ms'","module":"DBInterface","timestamp":"2026-09-10T09:04:26.268Z"}
{"level":"silly","message":"Response Promise Event npwd:fetchMessageGroups:1245e83b-6da0-4786-9222-a33621bdb5f8 (11.7742ms), Data >>","module":"events","timestamp":"2026-09-10T09:04:26.269Z"}
{"level":"info","message":"Executed query (\n        SELECT *,\n               UNIX_TIMESTAMP(updatedAt) AS lastActive\n        FROM npwd_match_profiles\n        WHERE identifier = ?\n        LIMIT 1\n\t\t [\"C46M9XF9\"]) in 13.678ms'","module":"DBInterface","timestamp":"2026-09-10T09:04:26.269Z"}
{"level":"info","message":"Executed query (SELECT * FROM npwd_phone_contacts WHERE identifier = ? ORDER BY display ASC [\"C46M9XF9\"]) in 11.9818ms'","module":"DBInterface","timestamp":"2026-09-10T09:04:26.270Z"}
{"level":"silly","message":{"data":[],"status":"ok"},"module":"events","timestamp":"2026-09-10T09:04:26.269Z"}
{"level":"silly","message":"Response Promise Event phone:getMyProfile:2ebbc657-d53b-4107-9a9d-030a0121330d (14.3774ms), Data >>","module":"events","timestamp":"2026-09-10T09:04:26.270Z"}
{"level":"silly","message":{"data":{"bio":"","createdAt":"2026-09-09T19:58:52.000Z","id":1,"identifier":"C46M9XF9","image":"https://upload.wikimedia.org/wikipedia/commons/a/ac/No_image_available.svg","job":"","lastActive":1788983932,"lastActiveFormatted":"Wed, 09 Sep 2026 19:58:52 GMT","location":"","name":"Aj Fabela","tagList":[],"tags":"","updatedAt":"2026-09-09T19:58:52.000Z","viewed":false,"voiceMessage":null},"status":"ok"},"module":"events","timestamp":"2026-09-10T09:04:26.270Z"}
{"level":"silly","message":"Response Promise Event npwd-contact-getAll:74c95baa-34ed-4f2c-8328-36d752b1d7eb (12.5699ms), Data >>","module":"events","timestamp":"2026-09-10T09:04:26.270Z"}
{"level":"silly","message":{"data":[],"status":"ok"},"module":"events","timestamp":"2026-09-10T09:04:26.271Z"}
{"level":"debug","message":"Marketplace service started","module":"marketplace","timestamp":"2026-09-10T09:20:02.315Z"}
{"level":"debug","message":"Call service started","module":"calls","timestamp":"2026-09-10T09:20:02.318Z"}
{"level":"debug","message":"Player Service started","module":"player","timestamp":"2026-09-10T09:20:02.318Z"}
{"level":"info","message":"Loading QBX bridge....","timestamp":"2026-09-10T09:20:02.318Z"}
{"level":"info","message":"QBX bridge initialized","timestamp":"2026-09-10T09:20:02.319Z"}
{"level":"debug","message":"Boot service started","module":"boot","timestamp":"2026-09-10T09:20:02.319Z"}
{"level":"debug","message":"Messages service started","module":"messages","timestamp":"2026-09-10T09:20:02.319Z"}
{"level":"debug","message":"Notes service started","module":"notes","timestamp":"2026-09-10T09:20:02.320Z"}
{"level":"debug","message":"Contacts service started","module":"contact","timestamp":"2026-09-10T09:20:02.320Z"}
{"level":"debug","message":"Photo service started","module":"photo","timestamp":"2026-09-10T09:20:02.328Z"}
{"level":"debug","message":"Twitter service started","module":"twitter","timestamp":"2026-09-10T09:20:02.328Z"}
{"level":"debug","message":"Match service started","module":"match","timestamp":"2026-09-10T09:20:02.329Z"}
{"level":"debug","message":"Beginning database schema validation","module":"boot","timestamp":"2026-09-10T09:20:05.130Z"}
{"level":"info","message":"Successfully started","timestamp":"2026-09-10T09:20:05.143Z"}
{"level":"info","message":"Executed query (SELECT COUNT(*) as count\n                       FROM information_schema.tables\n                       WHERE table_schema = ?\n                         AND table_name = ? [\"Qbox_A1B5B5\",\"players\"]) in 174.6091ms'","module":"DBInterface","timestamp":"2026-09-10T09:20:05.305Z"}
{"level":"info","message":"Executed query (SHOW COLUMNS IN players []) in 20.6923ms'","module":"DBInterface","timestamp":"2026-09-10T09:20:05.326Z"}
{"level":"debug","message":"Database schema successfully validated","module":"boot","timestamp":"2026-09-10T09:20:05.327Z"}
{"level":"info","message":"New NPWD Player added through event (1) (C46M9XF9)","module":"player","timestamp":"2026-09-10T09:21:39.224Z"}
{"level":"debug","message":{"_firstname":"Aj","_identifier":"C46M9XF9","_lastname":"Fabela","_phoneNumber":"8158341444","source":1,"username":"FieryFusionFX"},"module":"player","timestamp":"2026-09-10T09:21:39.224Z"}
{"level":"info","message":"New NPWD Player added through event (1) (C46M9XF9)","module":"player","timestamp":"2026-09-10T09:21:39.227Z"}
{"level":"debug","message":{"_firstname":"Aj","_identifier":"C46M9XF9","_lastname":"Fabela","_phoneNumber":"8158341444","source":1,"username":"FieryFusionFX"},"module":"player","timestamp":"2026-09-10T09:21:39.227Z"}
{"level":"silly","message":"netPromise > npwd:fetchTweets > RequestObj","module":"events","timestamp":"2026-09-10T09:21:39.320Z"}
{"level":"silly","message":{"data":{"pageId":0},"source":1},"module":"events","timestamp":"2026-09-10T09:21:39.320Z"}
{"level":"info","message":"Executed query (\n        SELECT *\n        FROM npwd_twitter_profiles\n        WHERE identifier = ?\n        LIMIT 1\n\t\t [\"C46M9XF9\"]) in 3.6747ms'","module":"DBInterface","timestamp":"2026-09-10T09:21:39.324Z"}
{"level":"info","message":"Executed query (\n        SELECT \n  npwd_twitter_tweets.id,\n  npwd_twitter_tweets.identifier,\n  npwd_twitter_profiles.id AS profile_id,\n  npwd_twitter_profiles.profile_name,\n  npwd_twitter_profiles.avatar_url,\n  npwd_twitter_tweets.likes,\n  npwd_twitter_tweets.visible,\n  IFNULL(COALESCE(retweets.message, npwd_twitter_tweets.message), '') AS message,\n  IFNULL(COALESCE(retweets.images, npwd_twitter_tweets.images), '') AS images,\n  npwd_twitter_tweets.retweet IS NOT NULL AS isRetweet,\n  retweets.id AS retweetId,\n  retweets_profiles.profile_name AS retweetProfileName,\n  retweets_profiles.avatar_url AS retweetAvatarUrl,\n  npwd_twitter_likes.id IS NOT NULL AS isLiked,\n  npwd_twitter_reports.id IS NOT NULL AS isReported,\n  npwd_twitter_tweets.createdAt,\n  npwd_twitter_tweets.updatedAt,\n  TIME_TO_SEC(TIMEDIFF( NOW(), npwd_twitter_tweets.createdAt)) AS seconds_since_tweet\n\n        FROM npwd_twitter_tweets\n                 LEFT OUTER JOIN npwd_twitter_profiles\n                                 ON npwd_twitter_tweets.identifier = npwd_twitter_profiles.identifier\n                 LEFT OUTER JOIN npwd_twitter_likes ON npwd_twitter_tweets.id = npwd_twitter_likes.tweet_id AND\n                                                       npwd_twitter_likes.profile_id = ?\n                 LEFT OUTER JOIN npwd_twitter_reports ON npwd_twitter_tweets.id = npwd_twitter_reports.tweet_id AND\n                                                         npwd_twitter_reports.profile_id = ?\n                 LEFT OUTER JOIN npwd_twitter_tweets AS retweets ON retweets.id = npwd_twitter_tweets.retweet\n                 LEFT OUTER JOIN npwd_twitter_profiles AS retweets_profiles\n                                 ON retweets.identifier = retweets_profiles.identifier\n        WHERE npwd_twitter_tweets.visible = 1\n        ORDER BY id DESC\n        LIMIT ? OFFSET ?\n\t\t [1,1,\"25\",\"0\"]) in 4.2005ms'","module":"DBInterface","timestamp":"2026-09-10T09:21:39.329Z"}
{"level":"silly","message":"Response Promise Event npwd:fetchTweets:e7ac97ff-485f-476f-bdc9-7f54dfadc26e (9.1147ms), Data >>","module":"events","timestamp":"2026-09-10T09:21:39.329Z"}
{"level":"silly","message":{"data":[],"status":"ok"},"module":"events","timestamp":"2026-09-10T09:21:39.329Z"}
{"level":"silly","message":"netPromise > npwd:getOrCreateTwitterProfile > RequestObj","module":"events","timestamp":"2026-09-10T09:21:39.418Z"}
{"level":"silly","message":{"data":null,"source":1},"module":"events","timestamp":"2026-09-10T09:21:39.418Z"}
{"level":"silly","message":"netPromise > phone:getMyProfile > RequestObj","module":"events","timestamp":"2026-09-10T09:21:39.419Z"}
{"level":"silly","message":{"data":null,"source":1},"module":"events","timestamp":"2026-09-10T09:21:39.419Z"}
{"level":"silly","message":"netPromise > npwd:fetchMessageGroups > RequestObj","module":"events","timestamp":"2026-09-10T09:21:39.420Z"}
{"level":"silly","message":{"data":null,"source":1},"module":"events","timestamp":"2026-09-10T09:21:39.420Z"}
{"level":"silly","message":"netPromise > npwd-contact-getAll > RequestObj","module":"events","timestamp":"2026-09-10T09:21:39.421Z"}
{"level":"silly","message":{"data":null,"source":1},"module":"events","timestamp":"2026-09-10T09:21:39.421Z"}
{"level":"info","message":"Executed query (\n        SELECT *\n        FROM npwd_twitter_profiles\n        WHERE identifier = ?\n        LIMIT 1\n\t\t [\"C46M9XF9\"]) in 6.848ms'","module":"DBInterface","timestamp":"2026-09-10T09:21:39.425Z"}
{"level":"silly","message":"Response Promise Event npwd:getOrCreateTwitterProfile:da5a36a8-d141-4ea3-8b26-ab931eb832c1 (7.5689ms), Data >>","module":"events","timestamp":"2026-09-10T09:21:39.426Z"}
{"level":"silly","message":{"data":{"avatar_url":"https://i.fivemanage.com/images/3ClWwmpwkFhL.png","createdAt":"2026-09-09T19:58:52.000Z","id":1,"identifier":"C46M9XF9","profile_name":"Aj_Fabela","updatedAt":"2026-09-09T19:58:52.000Z"},"status":"ok"},"module":"events","timestamp":"2026-09-10T09:21:39.426Z"}
{"level":"info","message":"Executed query (SELECT * FROM npwd_phone_contacts WHERE identifier = ? ORDER BY display ASC [\"C46M9XF9\"]) in 10.2235ms'","module":"DBInterface","timestamp":"2026-09-10T09:21:39.431Z"}
{"level":"silly","message":"Response Promise Event npwd-contact-getAll:1b106583-9c9e-4bed-8e7a-ae90b5b26f05 (10.6825ms), Data >>","module":"events","timestamp":"2026-09-10T09:21:39.431Z"}
{"level":"info","message":"Executed query (SELECT npwd_messages_conversations.id,\n                          npwd_messages_conversations.conversation_list         as conversationList,\n                          npwd_messages_participants.unread_count               as unreadCount,\n                          npwd_messages_conversations.is_group_chat             as isGroupChat,\n                          npwd_messages_conversations.label,\n                          UNIX_TIMESTAMP(npwd_messages_conversations.updatedAt) as updatedAt,\n                          npwd_messages_participants.participant\n                   FROM npwd_messages_conversations\n                            INNER JOIN npwd_messages_participants\n                                       on npwd_messages_conversations.id = npwd_messages_participants.conversation_id\n                   WHERE npwd_messages_participants.participant = ? [\"8158341444\"]) in 11.58ms'","module":"DBInterface","timestamp":"2026-09-10T09:21:39.432Z"}
{"level":"info","message":"Executed query (\n        SELECT *,\n               UNIX_TIMESTAMP(updatedAt) AS lastActive\n        FROM npwd_match_profiles\n        WHERE identifier = ?\n        LIMIT 1\n\t\t [\"C46M9XF9\"]) in 14.1674ms'","module":"DBInterface","timestamp":"2026-09-10T09:21:39.434Z"}
{"level":"silly","message":{"data":[],"status":"ok"},"module":"events","timestamp":"2026-09-10T09:21:39.431Z"}
{"level":"silly","message":"Response Promise Event npwd:fetchMessageGroups:993883e6-2ab1-4132-b52c-18c957939b5d (11.8948ms), Data >>","module":"events","timestamp":"2026-09-10T09:21:39.432Z"}
{"level":"silly","message":{"data":[],"status":"ok"},"module":"events","timestamp":"2026-09-10T09:21:39.432Z"}
{"level":"silly","message":"Response Promise Event phone:getMyProfile:e2f93ad3-5c0f-4fa9-9ed7-36d507e0ea03 (14.9045ms), Data >>","module":"events","timestamp":"2026-09-10T09:21:39.434Z"}
{"level":"silly","message":{"data":{"bio":"","createdAt":"2026-09-09T19:58:52.000Z","id":1,"identifier":"C46M9XF9","image":"https://upload.wikimedia.org/wikipedia/commons/a/ac/No_image_available.svg","job":"","lastActive":1788983932,"lastActiveFormatted":"Wed, 09 Sep 2026 19:58:52 GMT","location":"","name":"Aj Fabela","tagList":[],"tags":"","updatedAt":"2026-09-09T19:58:52.000Z","viewed":false,"voiceMessage":null},"status":"ok"},"module":"events","timestamp":"2026-09-10T09:21:39.434Z"}
{"level":"debug","message":"Marketplace service started","module":"marketplace","timestamp":"2026-09-10T09:33:04.148Z"}
{"level":"debug","message":"Call service started","module":"calls","timestamp":"2026-09-10T09:33:04.150Z"}
{"level":"debug","message":"Player Service started","module":"player","timestamp":"2026-09-10T09:33:04.150Z"}
{"level":"info","message":"Loading QBX bridge....","timestamp":"2026-09-10T09:33:04.151Z"}
{"level":"info","message":"QBX bridge initialized","timestamp":"2026-09-10T09:33:04.151Z"}
{"level":"debug","message":"Boot service started","module":"boot","timestamp":"2026-09-10T09:33:04.151Z"}
{"level":"debug","message":"Messages service started","module":"messages","timestamp":"2026-09-10T09:33:04.152Z"}
{"level":"debug","message":"Notes service started","module":"notes","timestamp":"2026-09-10T09:33:04.152Z"}
{"level":"debug","message":"Contacts service started","module":"contact","timestamp":"2026-09-10T09:33:04.152Z"}
{"level":"debug","message":"Photo service started","module":"photo","timestamp":"2026-09-10T09:33:04.161Z"}
{"level":"debug","message":"Twitter service started","module":"twitter","timestamp":"2026-09-10T09:33:04.161Z"}
{"level":"debug","message":"Match service started","module":"match","timestamp":"2026-09-10T09:33:04.161Z"}
{"level":"debug","message":"Beginning database schema validation","module":"boot","timestamp":"2026-09-10T09:33:07.022Z"}
{"level":"info","message":"Successfully started","timestamp":"2026-09-10T09:33:07.033Z"}
{"level":"info","message":"Executed query (SELECT COUNT(*) as count\n                       FROM information_schema.tables\n                       WHERE table_schema = ?\n                         AND table_name = ? [\"Qbox_A1B5B5\",\"players\"]) in 158.8036ms'","module":"DBInterface","timestamp":"2026-09-10T09:33:07.182Z"}
{"level":"info","message":"Executed query (SHOW COLUMNS IN players []) in 26.3033ms'","module":"DBInterface","timestamp":"2026-09-10T09:33:07.209Z"}
{"level":"debug","message":"Database schema successfully validated","module":"boot","timestamp":"2026-09-10T09:33:07.209Z"}
{"level":"info","message":"New NPWD Player added through event (1) (C46M9XF9)","module":"player","timestamp":"2026-09-10T09:34:09.104Z"}
{"level":"debug","message":{"_firstname":"Aj","_identifier":"C46M9XF9","_lastname":"Fabela","_phoneNumber":"8158341444","source":1,"username":"FieryFusionFX"},"module":"player","timestamp":"2026-09-10T09:34:09.105Z"}
{"level":"info","message":"New NPWD Player added through event (1) (C46M9XF9)","module":"player","timestamp":"2026-09-10T09:34:09.108Z"}
{"level":"debug","message":{"_firstname":"Aj","_identifier":"C46M9XF9","_lastname":"Fabela","_phoneNumber":"8158341444","source":1,"username":"FieryFusionFX"},"module":"player","timestamp":"2026-09-10T09:34:09.108Z"}
{"level":"silly","message":"netPromise > npwd:fetchTweets > RequestObj","module":"events","timestamp":"2026-09-10T09:34:09.202Z"}
{"level":"silly","message":{"data":{"pageId":0},"source":1},"module":"events","timestamp":"2026-09-10T09:34:09.202Z"}
{"level":"info","message":"Executed query (\n        SELECT *\n        FROM npwd_twitter_profiles\n        WHERE identifier = ?\n        LIMIT 1\n\t\t [\"C46M9XF9\"]) in 3.9858ms'","module":"DBInterface","timestamp":"2026-09-10T09:34:09.207Z"}
{"level":"info","message":"Executed query (\n        SELECT \n  npwd_twitter_tweets.id,\n  npwd_twitter_tweets.identifier,\n  npwd_twitter_profiles.id AS profile_id,\n  npwd_twitter_profiles.profile_name,\n  npwd_twitter_profiles.avatar_url,\n  npwd_twitter_tweets.likes,\n  npwd_twitter_tweets.visible,\n  IFNULL(COALESCE(retweets.message, npwd_twitter_tweets.message), '') AS message,\n  IFNULL(COALESCE(retweets.images, npwd_twitter_tweets.images), '') AS images,\n  npwd_twitter_tweets.retweet IS NOT NULL AS isRetweet,\n  retweets.id AS retweetId,\n  retweets_profiles.profile_name AS retweetProfileName,\n  retweets_profiles.avatar_url AS retweetAvatarUrl,\n  npwd_twitter_likes.id IS NOT NULL AS isLiked,\n  npwd_twitter_reports.id IS NOT NULL AS isReported,\n  npwd_twitter_tweets.createdAt,\n  npwd_twitter_tweets.updatedAt,\n  TIME_TO_SEC(TIMEDIFF( NOW(), npwd_twitter_tweets.createdAt)) AS seconds_since_tweet\n\n        FROM npwd_twitter_tweets\n                 LEFT OUTER JOIN npwd_twitter_profiles\n                                 ON npwd_twitter_tweets.identifier = npwd_twitter_profiles.identifier\n                 LEFT OUTER JOIN npwd_twitter_likes ON npwd_twitter_tweets.id = npwd_twitter_likes.tweet_id AND\n                                                       npwd_twitter_likes.profile_id = ?\n                 LEFT OUTER JOIN npwd_twitter_reports ON npwd_twitter_tweets.id = npwd_twitter_reports.tweet_id AND\n                                                         npwd_twitter_reports.profile_id = ?\n                 LEFT OUTER JOIN npwd_twitter_tweets AS retweets ON retweets.id = npwd_twitter_tweets.retweet\n                 LEFT OUTER JOIN npwd_twitter_profiles AS retweets_profiles\n                                 ON retweets.identifier = retweets_profiles.identifier\n        WHERE npwd_twitter_tweets.visible = 1\n        ORDER BY id DESC\n        LIMIT ? OFFSET ?\n\t\t [1,1,\"25\",\"0\"]) in 3.6623ms'","module":"DBInterface","timestamp":"2026-09-10T09:34:09.211Z"}
{"level":"silly","message":"Response Promise Event npwd:fetchTweets:c0dff5c3-1b04-4927-bd85-00dc362065a4 (8.9604ms), Data >>","module":"events","timestamp":"2026-09-10T09:34:09.211Z"}
{"level":"silly","message":{"data":[],"status":"ok"},"module":"events","timestamp":"2026-09-10T09:34:09.211Z"}
{"level":"silly","message":"netPromise > npwd:getOrCreateTwitterProfile > RequestObj","module":"events","timestamp":"2026-09-10T09:34:09.300Z"}
{"level":"silly","message":{"data":null,"source":1},"module":"events","timestamp":"2026-09-10T09:34:09.300Z"}
{"level":"silly","message":"netPromise > phone:getMyProfile > RequestObj","module":"events","timestamp":"2026-09-10T09:34:09.301Z"}
{"level":"silly","message":{"data":null,"source":1},"module":"events","timestamp":"2026-09-10T09:34:09.301Z"}
{"level":"silly","message":"netPromise > npwd:fetchMessageGroups > RequestObj","module":"events","timestamp":"2026-09-10T09:34:09.302Z"}
{"level":"silly","message":{"data":null,"source":1},"module":"events","timestamp":"2026-09-10T09:34:09.302Z"}
{"level":"silly","message":"netPromise > npwd-contact-getAll > RequestObj","module":"events","timestamp":"2026-09-10T09:34:09.303Z"}
{"level":"silly","message":{"data":null,"source":1},"module":"events","timestamp":"2026-09-10T09:34:09.303Z"}
{"level":"info","message":"Executed query (\n        SELECT *\n        FROM npwd_twitter_profiles\n        WHERE identifier = ?\n        LIMIT 1\n\t\t [\"C46M9XF9\"]) in 6.6843ms'","module":"DBInterface","timestamp":"2026-09-10T09:34:09.307Z"}
{"level":"silly","message":"Response Promise Event npwd:getOrCreateTwitterProfile:10d9cb5c-224a-41f4-b81a-7525c8405ccf (7.378ms), Data >>","module":"events","timestamp":"2026-09-10T09:34:09.308Z"}
{"level":"silly","message":{"data":{"avatar_url":"https://i.fivemanage.com/images/3ClWwmpwkFhL.png","createdAt":"2026-09-09T19:58:52.000Z","id":1,"identifier":"C46M9XF9","profile_name":"Aj_Fabela","updatedAt":"2026-09-09T19:58:52.000Z"},"status":"ok"},"module":"events","timestamp":"2026-09-10T09:34:09.308Z"}
{"level":"info","message":"Executed query (\n        SELECT *,\n               UNIX_TIMESTAMP(updatedAt) AS lastActive\n        FROM npwd_match_profiles\n        WHERE identifier = ?\n        LIMIT 1\n\t\t [\"C46M9XF9\"]) in 12.6038ms'","module":"DBInterface","timestamp":"2026-09-10T09:34:09.314Z"}
{"level":"silly","message":"Response Promise Event phone:getMyProfile:e6d63bee-1611-426c-b842-a506cd594c8e (13.8974ms), Data >>","module":"events","timestamp":"2026-09-10T09:34:09.315Z"}
{"level":"info","message":"Executed query (SELECT npwd_messages_conversations.id,\n                          npwd_messages_conversations.conversation_list         as conversationList,\n                          npwd_messages_participants.unread_count               as unreadCount,\n                          npwd_messages_conversations.is_group_chat             as isGroupChat,\n                          npwd_messages_conversations.label,\n                          UNIX_TIMESTAMP(npwd_messages_conversations.updatedAt) as updatedAt,\n                          npwd_messages_participants.participant\n                   FROM npwd_messages_conversations\n                            INNER JOIN npwd_messages_participants\n                                       on npwd_messages_conversations.id = npwd_messages_participants.conversation_id\n                   WHERE npwd_messages_participants.participant = ? [\"8158341444\"]) in 13.0486ms'","module":"DBInterface","timestamp":"2026-09-10T09:34:09.315Z"}
{"level":"info","message":"Executed query (SELECT * FROM npwd_phone_contacts WHERE identifier = ? ORDER BY display ASC [\"C46M9XF9\"]) in 12.4201ms'","module":"DBInterface","timestamp":"2026-09-10T09:34:09.316Z"}
{"level":"silly","message":{"data":{"bio":"","createdAt":"2026-09-09T19:58:52.000Z","id":1,"identifier":"C46M9XF9","image":"https://upload.wikimedia.org/wikipedia/commons/a/ac/No_image_available.svg","job":"","lastActive":1788983932,"lastActiveFormatted":"Wed, 09 Sep 2026 19:58:52 GMT","location":"","name":"Aj Fabela","tagList":[],"tags":"","updatedAt":"2026-09-09T19:58:52.000Z","viewed":false,"voiceMessage":null},"status":"ok"},"module":"events","timestamp":"2026-09-10T09:34:09.315Z"}
{"level":"silly","message":"Response Promise Event npwd:fetchMessageGroups:947b2b2c-760f-4839-a80c-76a00946ed1d (13.4389ms), Data >>","module":"events","timestamp":"2026-09-10T09:34:09.316Z"}
{"level":"silly","message":{"data":[],"status":"ok"},"module":"events","timestamp":"2026-09-10T09:34:09.316Z"}
{"level":"silly","message":"Response Promise Event npwd-contact-getAll:1a36d84d-d7b3-464b-b2c1-277a5ba1de23 (12.7099ms), Data >>","module":"events","timestamp":"2026-09-10T09:34:09.316Z"}
{"level":"silly","message":{"data":[],"status":"ok"},"module":"events","timestamp":"2026-09-10T09:34:09.316Z"}
{"level":"info","message":"Executed query (SELECT id FROM npwd_marketplace_listings WHERE identifier = ? [\"C46M9XF9\"]) in 6.5596ms'","module":"DBInterface","timestamp":"2026-09-10T09:37:05.347Z"}
{"level":"info","message":"Executed query (DELETE FROM npwd_marketplace_listings WHERE identifier = ? AND reported = 0 [\"C46M9XF9\"]) in 3.4376ms'","module":"DBInterface","timestamp":"2026-09-10T09:37:05.350Z"}
{"level":"info","message":"Unloaded NPWD Player, source: (1)","module":"player","timestamp":"2026-09-10T09:37:05.351Z"}
